2026-05-24 15:32:30.098 INFO  [restartedMain] c.e.s.SpringbootdemoApplication - Starting SpringbootdemoApplication using Java 21.0.5 with PID 27505 (/Users/rajesh/Workspace/java-workspace/springbootdemo/target/classes started by rajesh in /Users/rajesh/Workspace/java-workspace/springbootdemo)
2026-05-24 15:32:30.098 DEBUG [restartedMain] c.e.s.SpringbootdemoApplication - Running with Spring Boot v4.0.6, Spring v7.0.7
2026-05-24 15:32:30.098 INFO  [restartedMain] c.e.s.SpringbootdemoApplication - No active profile set, falling back to 1 default profile: "default"
2026-05-24 15:32:31.125 DEBUG [restartedMain] c.e.s.config.JwtAuthenticationFilter - Filter 'jwtAuthenticationFilter' configured for use
2026-05-24 15:32:31.324 INFO  [restartedMain] c.e.s.SpringbootdemoApplication - Started SpringbootdemoApplication in 1.248 seconds (process running for 7355.273)
2026-05-24 15:32:32.867 INFO  [restartedMain] c.e.s.SpringbootdemoApplication - Starting SpringbootdemoApplication using Java 21.0.5 with PID 27505 (/Users/rajesh/Workspace/java-workspace/springbootdemo/target/classes started by rajesh in /Users/rajesh/Workspace/java-workspace/springbootdemo)
2026-05-24 15:32:32.867 DEBUG [restartedMain] c.e.s.SpringbootdemoApplication - Running with Spring Boot v4.0.6, Spring v7.0.7
2026-05-24 15:32:32.867 INFO  [restartedMain] c.e.s.SpringbootdemoApplication - No active profile set, falling back to 1 default profile: "default"
2026-05-24 15:32:33.351 DEBUG [restartedMain] c.e.s.config.JwtAuthenticationFilter - Filter 'jwtAuthenticationFilter' configured for use
2026-05-24 15:32:33.489 INFO  [restartedMain] c.e.s.SpringbootdemoApplication - Started SpringbootdemoApplication in 0.634 seconds (process running for 7357.439)
2026-05-24 15:37:43.110 INFO  [http-nio-8080-exec-1] c.e.s.c.ArrayExampleController - HttpClient API response: [
  {
    "userId": 1,
    "id": 1,
    "title": "sunt aut facere repellat provident occaecati excepturi optio reprehenderit",
    "body": "quia et suscipit\nsuscipit recusandae consequuntur expedita et cum\nreprehenderit molestiae ut ut quas totam\nnostrum rerum est autem sunt rem eveniet architecto"
  },
  {
    "userId": 1,
    "id": 2,
    "title": "qui est esse",
    "body": "est rerum tempore vitae\nsequi sint nihil reprehenderit dolor beatae ea dolores neque\nfugiat blanditiis voluptate porro vel nihil molestiae ut reiciendis\nqui aperiam non debitis possimus qui neque nisi nulla"
  },
  {
    "userId": 1,
    "id": 3,
    "title": "ea molestias quasi exercitationem repellat qui ipsa sit aut",
    "body": "et iusto sed quo iure\nvoluptatem occaecati omnis eligendi aut ad\nvoluptatem doloribus vel accusantium quis pariatur\nmolestiae porro eius odio et labore et velit aut"
  },
  {
    "userId": 1,
    "id": 4,
    "title": "eum et est occaecati",
    "body": "ullam et saepe reiciendis voluptatem adipisci\nsit amet autem assumenda provident rerum culpa\nquis hic commodi nesciunt rem tenetur doloremque ipsam iure\nquis sunt voluptatem rerum illo velit"
  },
  {
    "userId": 1,
    "id": 5,
    "title": "nesciunt quas odio",
    "body": "repudiandae veniam quaerat sunt sed\nalias aut fugiat sit autem sed est\nvoluptatem omnis possimus esse voluptatibus quis\nest aut tenetur dolor neque"
  },
  {
    "userId": 1,
    "id": 6,
    "title": "dolorem eum magni eos aperiam quia",
    "body": "ut aspernatur corporis harum nihil quis provident sequi\nmollitia nobis aliquid molestiae\nperspiciatis et ea nemo ab reprehenderit accusantium quas\nvoluptate dolores velit et doloremque molestiae"
  },
  {
    "userId": 1,
    "id": 7,
    "title": "magnam facilis autem",
    "body": "dolore placeat quibusdam ea quo vitae\nmagni quis enim qui quis quo nemo aut saepe\nquidem repellat excepturi ut quia\nsunt ut sequi eos ea sed quas"
  },
  {
    "userId": 1,
    "id": 8,
    "title": "dolorem dolore est ipsam",
    "body": "dignissimos aperiam dolorem qui eum\nfacilis quibusdam animi sint suscipit qui sint possimus cum\nquaerat magni maiores excepturi\nipsam ut commodi dolor voluptatum modi aut vitae"
  },
  {
    "userId": 1,
    "id": 9,
    "title": "nesciunt iure omnis dolorem tempora et accusantium",
    "body": "consectetur animi nesciunt iure dolore\nenim quia ad\nveniam autem ut quam aut nobis\net est aut quod aut provident voluptas autem voluptas"
  },
  {
    "userId": 1,
    "id": 10,
    "title": "optio molestias id quia eum",
    "body": "quo et expedita modi cum officia vel magni\ndoloribus qui repudiandae\nvero nisi sit\nquos veniam quod sed accusamus veritatis error"
  },
  {
    "userId": 2,
    "id": 11,
    "title": "et ea vero quia laudantium autem",
    "body": "delectus reiciendis molestiae occaecati non minima eveniet qui voluptatibus\naccusamus in eum beatae sit\nvel qui neque voluptates ut commodi qui incidunt\nut animi commodi"
  },
  {
    "userId": 2,
    "id": 12,
    "title": "in quibusdam tempore odit est dolorem",
    "body": "itaque id aut magnam\npraesentium quia et ea odit et ea voluptas et\nsapiente quia nihil amet occaecati quia id voluptatem\nincidunt ea est distinctio odio"
  },
  {
    "userId": 2,
    "id": 13,
    "title": "dolorum ut in voluptas mollitia et saepe quo animi",
    "body": "aut dicta possimus sint mollitia voluptas commodi quo doloremque\niste corrupti reiciendis voluptatem eius rerum\nsit cumque quod eligendi laborum minima\nperferendis recusandae assumenda consectetur porro architecto ipsum ipsam"
  },
  {
    "userId": 2,
    "id": 14,
    "title": "voluptatem eligendi optio",
    "body": "fuga et accusamus dolorum perferendis illo voluptas\nnon doloremque neque facere\nad qui dolorum molestiae beatae\nsed aut voluptas totam sit illum"
  },
  {
    "userId": 2,
    "id": 15,
    "title": "eveniet quod temporibus",
    "body": "reprehenderit quos placeat\nvelit minima officia dolores impedit repudiandae molestiae nam\nvoluptas recusandae quis delectus\nofficiis harum fugiat vitae"
  },
  {
    "userId": 2,
    "id": 16,
    "title": "sint suscipit perspiciatis velit dolorum rerum ipsa laboriosam odio",
    "body": "suscipit nam nisi quo aperiam aut\nasperiores eos fugit maiores voluptatibus quia\nvoluptatem quis ullam qui in alias quia est\nconsequatur magni mollitia accusamus ea nisi voluptate dicta"
  },
  {
    "userId": 2,
    "id": 17,
    "title": "fugit voluptas sed molestias voluptatem provident",
    "body": "eos voluptas et aut odit natus earum\naspernatur fuga molestiae ullam\ndeserunt ratione qui eos\nqui nihil ratione nemo velit ut aut id quo"
  },
  {
    "userId": 2,
    "id": 18,
    "title": "voluptate et itaque vero tempora molestiae",
    "body": "eveniet quo quis\nlaborum totam consequatur non dolor\nut et est repudiandae\nest voluptatem vel debitis et magnam"
  },
  {
    "userId": 2,
    "id": 19,
    "title": "adipisci placeat illum aut reiciendis qui",
    "body": "illum quis cupiditate provident sit magnam\nea sed aut omnis\nveniam maiores ullam consequatur atque\nadipisci quo iste expedita sit quos voluptas"
  },
  {
    "userId": 2,
    "id": 20,
    "title": "doloribus ad provident suscipit at",
    "body": "qui consequuntur ducimus possimus quisquam amet similique\nsuscipit porro ipsam amet\neos veritatis officiis exercitationem vel fugit aut necessitatibus totam\nomnis rerum consequatur expedita quidem cumque explicabo"
  },
  {
    "userId": 3,
    "id": 21,
    "title": "asperiores ea ipsam voluptatibus modi minima quia sint",
    "body": "repellat aliquid praesentium dolorem quo\nsed totam minus non itaque\nnihil labore molestiae sunt dolor eveniet hic recusandae veniam\ntempora et tenetur expedita sunt"
  },
  {
    "userId": 3,
    "id": 22,
    "title": "dolor sint quo a velit explicabo quia nam",
    "body": "eos qui et ipsum ipsam suscipit aut\nsed omnis non odio\nexpedita earum mollitia molestiae aut atque rem suscipit\nnam impedit esse"
  },
  {
    "userId": 3,
    "id": 23,
    "title": "maxime id vitae nihil numquam",
    "body": "veritatis unde neque eligendi\nquae quod architecto quo neque vitae\nest illo sit tempora doloremque fugit quod\net et vel beatae sequi ullam sed tenetur perspiciatis"
  },
  {
    "userId": 3,
    "id": 24,
    "title": "autem hic labore sunt dolores incidunt",
    "body": "enim et ex nulla\nomnis voluptas quia qui\nvoluptatem consequatur numquam aliquam sunt\ntotam recusandae id dignissimos aut sed asperiores deserunt"
  },
  {
    "userId": 3,
    "id": 25,
    "title": "rem alias distinctio quo quis",
    "body": "ullam consequatur ut\nomnis quis sit vel consequuntur\nipsa eligendi ipsum molestiae et omnis error nostrum\nmolestiae illo tempore quia et distinctio"
  },
  {
    "userId": 3,
    "id": 26,
    "title": "est et quae odit qui non",
    "body": "similique esse doloribus nihil accusamus\nomnis dolorem fuga consequuntur reprehenderit fugit recusandae temporibus\nperspiciatis cum ut laudantium\nomnis aut molestiae vel vero"
  },
  {
    "userId": 3,
    "id": 27,
    "title": "quasi id et eos tenetur aut quo autem",
    "body": "eum sed dolores ipsam sint possimus debitis occaecati\ndebitis qui qui et\nut placeat enim earum aut odit facilis\nconsequatur suscipit necessitatibus rerum sed inventore temporibus consequatur"
  },
  {
    "userId": 3,
    "id": 28,
    "title": "delectus ullam et corporis nulla voluptas sequi",
    "body": "non et quaerat ex quae ad maiores\nmaiores recusandae totam aut blanditiis mollitia quas illo\nut voluptatibus voluptatem\nsimilique nostrum eum"
  },
  {
    "userId": 3,
    "id": 29,
    "title": "iusto eius quod necessitatibus culpa ea",
    "body": "odit magnam ut saepe sed non qui\ntempora atque nihil\naccusamus illum doloribus illo dolor\neligendi repudiandae odit magni similique sed cum maiores"
  },
  {
    "userId": 3,
    "id": 30,
    "title": "a quo magni similique perferendis",
    "body": "alias dolor cumque\nimpedit blanditiis non eveniet odio maxime\nblanditiis amet eius quis tempora quia autem rem\na provident perspiciatis quia"
  },
  {
    "userId": 4,
    "id": 31,
    "title": "ullam ut quidem id aut vel consequuntur",
    "body": "debitis eius sed quibusdam non quis consectetur vitae\nimpedit ut qui consequatur sed aut in\nquidem sit nostrum et maiores adipisci atque\nquaerat voluptatem adipisci repudiandae"
  },
  {
    "userId": 4,
    "id": 32,
    "title": "doloremque illum aliquid sunt",
    "body": "deserunt eos nobis asperiores et hic\nest debitis repellat molestiae optio\nnihil ratione ut eos beatae quibusdam distinctio maiores\nearum voluptates et aut adipisci ea maiores voluptas maxime"
  },
  {
    "userId": 4,
    "id": 33,
    "title": "qui explicabo molestiae dolorem",
    "body": "rerum ut et numquam laborum odit est sit\nid qui sint in\nquasi tenetur tempore aperiam et quaerat qui in\nrerum officiis sequi cumque quod"
  },
  {
    "userId": 4,
    "id": 34,
    "title": "magnam ut rerum iure",
    "body": "ea velit perferendis earum ut voluptatem voluptate itaque iusto\ntotam pariatur in\nnemo voluptatem voluptatem autem magni tempora minima in\nest distinctio qui assumenda accusamus dignissimos officia nesciunt nobis"
  },
  {
    "userId": 4,
    "id": 35,
    "title": "id nihil consequatur molestias animi provident",
    "body": "nisi error delectus possimus ut eligendi vitae\nplaceat eos harum cupiditate facilis reprehenderit voluptatem beatae\nmodi ducimus quo illum voluptas eligendi\net nobis quia fugit"
  },
  {
    "userId": 4,
    "id": 36,
    "title": "fuga nam accusamus voluptas reiciendis itaque",
    "body": "ad mollitia et omnis minus architecto odit\nvoluptas doloremque maxime aut non ipsa qui alias veniam\nblanditiis culpa aut quia nihil cumque facere et occaecati\nqui aspernatur quia eaque ut aperiam inventore"
  },
  {
    "userId": 4,
    "id": 37,
    "title": "provident vel ut sit ratione est",
    "body": "debitis et eaque non officia sed nesciunt pariatur vel\nvoluptatem iste vero et ea\nnumquam aut expedita ipsum nulla in\nvoluptates omnis consequatur aut enim officiis in quam qui"
  },
  {
    "userId": 4,
    "id": 38,
    "title": "explicabo et eos deleniti nostrum ab id repellendus",
    "body": "animi esse sit aut sit nesciunt assumenda eum voluptas\nquia voluptatibus provident quia necessitatibus ea\nrerum repudiandae quia voluptatem delectus fugit aut id quia\nratione optio eos iusto veniam iure"
  },
  {
    "userId": 4,
    "id": 39,
    "title": "eos dolorem iste accusantium est eaque quam",
    "body": "corporis rerum ducimus vel eum accusantium\nmaxime aspernatur a porro possimus iste omnis\nest in deleniti asperiores fuga aut\nvoluptas sapiente vel dolore minus voluptatem incidunt ex"
  },
  {
    "userId": 4,
    "id": 40,
    "title": "enim quo cumque",
    "body": "ut voluptatum aliquid illo tenetur nemo sequi quo facilis\nipsum rem optio mollitia quas\nvoluptatem eum voluptas qui\nunde omnis voluptatem iure quasi maxime voluptas nam"
  },
  {
    "userId": 5,
    "id": 41,
    "title": "non est facere",
    "body": "molestias id nostrum\nexcepturi molestiae dolore omnis repellendus quaerat saepe\nconsectetur iste quaerat tenetur asperiores accusamus ex ut\nnam quidem est ducimus sunt debitis saepe"
  },
  {
    "userId": 5,
    "id": 42,
    "title": "commodi ullam sint et excepturi error explicabo praesentium voluptas",
    "body": "odio fugit voluptatum ducimus earum autem est incidunt voluptatem\nodit reiciendis aliquam sunt sequi nulla dolorem\nnon facere repellendus voluptates quia\nratione harum vitae ut"
  },
  {
    "userId": 5,
    "id": 43,
    "title": "eligendi iste nostrum consequuntur adipisci praesentium sit beatae perferendis",
    "body": "similique fugit est\nillum et dolorum harum et voluptate eaque quidem\nexercitationem quos nam commodi possimus cum odio nihil nulla\ndolorum exercitationem magnam ex et a et distinctio debitis"
  },
  {
    "userId": 5,
    "id": 44,
    "title": "optio dolor molestias sit",
    "body": "temporibus est consectetur dolore\net libero debitis vel velit laboriosam quia\nipsum quibusdam qui itaque fuga rem aut\nea et iure quam sed maxime ut distinctio quae"
  },
  {
    "userId": 5,
    "id": 45,
    "title": "ut numquam possimus omnis eius suscipit laudantium iure",
    "body": "est natus reiciendis nihil possimus aut provident\nex et dolor\nrepellat pariatur est\nnobis rerum repellendus dolorem autem"
  },
  {
    "userId": 5,
    "id": 46,
    "title": "aut quo modi neque nostrum ducimus",
    "body": "voluptatem quisquam iste\nvoluptatibus natus officiis facilis dolorem\nquis quas ipsam\nvel et voluptatum in aliquid"
  },
  {
    "userId": 5,
    "id": 47,
    "title": "quibusdam cumque rem aut deserunt",
    "body": "voluptatem assumenda ut qui ut cupiditate aut impedit veniam\noccaecati nemo illum voluptatem laudantium\nmolestiae beatae rerum ea iure soluta nostrum\neligendi et voluptate"
  },
  {
    "userId": 5,
    "id": 48,
    "title": "ut voluptatem illum ea doloribus itaque eos",
    "body": "voluptates quo voluptatem facilis iure occaecati\nvel assumenda rerum officia et\nillum perspiciatis ab deleniti\nlaudantium repellat ad ut et autem reprehenderit"
  },
  {
    "userId": 5,
    "id": 49,
    "title": "laborum non sunt aut ut assumenda perspiciatis voluptas",
    "body": "inventore ab sint\nnatus fugit id nulla sequi architecto nihil quaerat\neos tenetur in in eum veritatis non\nquibusdam officiis aspernatur cumque aut commodi aut"
  },
  {
    "userId": 5,
    "id": 50,
    "title": "repellendus qui recusandae incidunt voluptates tenetur qui omnis exercitationem",
    "body": "error suscipit maxime adipisci consequuntur recusandae\nvoluptas eligendi et est et voluptates\nquia distinctio ab amet quaerat molestiae et vitae\nadipisci impedit sequi nesciunt quis consectetur"
  },
  {
    "userId": 6,
    "id": 51,
    "title": "soluta aliquam aperiam consequatur illo quis voluptas",
    "body": "sunt dolores aut doloribus\ndolore doloribus voluptates tempora et\ndoloremque et quo\ncum asperiores sit consectetur dolorem"
  },
  {
    "userId": 6,
    "id": 52,
    "title": "qui enim et consequuntur quia animi quis voluptate quibusdam",
    "body": "iusto est quibusdam fuga quas quaerat molestias\na enim ut sit accusamus enim\ntemporibus iusto accusantium provident architecto\nsoluta esse reprehenderit qui laborum"
  },
  {
    "userId": 6,
    "id": 53,
    "title": "ut quo aut ducimus alias",
    "body": "minima harum praesentium eum rerum illo dolore\nquasi exercitationem rerum nam\nporro quis neque quo\nconsequatur minus dolor quidem veritatis sunt non explicabo similique"
  },
  {
    "userId": 6,
    "id": 54,
    "title": "sit asperiores ipsam eveniet odio non quia",
    "body": "totam corporis dignissimos\nvitae dolorem ut occaecati accusamus\nex velit deserunt\net exercitationem vero incidunt corrupti mollitia"
  },
  {
    "userId": 6,
    "id": 55,
    "title": "sit vel voluptatem et non libero",
    "body": "debitis excepturi ea perferendis harum libero optio\neos accusamus cum fuga ut sapiente repudiandae\net ut incidunt omnis molestiae\nnihil ut eum odit"
  },
  {
    "userId": 6,
    "id": 56,
    "title": "qui et at rerum necessitatibus",
    "body": "aut est omnis dolores\nneque rerum quod ea rerum velit pariatur beatae excepturi\net provident voluptas corrupti\ncorporis harum reprehenderit dolores eligendi"
  },
  {
    "userId": 6,
    "id": 57,
    "title": "sed ab est est",
    "body": "at pariatur consequuntur earum quidem\nquo est laudantium soluta voluptatem\nqui ullam et est\net cum voluptas voluptatum repellat est"
  },
  {
    "userId": 6,
    "id": 58,
    "title": "voluptatum itaque dolores nisi et quasi",
    "body": "veniam voluptatum quae adipisci id\net id quia eos ad et dolorem\naliquam quo nisi sunt eos impedit error\nad similique veniam"
  },
  {
    "userId": 6,
    "id": 59,
    "title": "qui commodi dolor at maiores et quis id accusantium",
    "body": "perspiciatis et quam ea autem temporibus non voluptatibus qui\nbeatae a earum officia nesciunt dolores suscipit voluptas et\nanimi doloribus cum rerum quas et magni\net hic ut ut commodi expedita sunt"
  },
  {
    "userId": 6,
    "id": 60,
    "title": "consequatur placeat omnis quisquam quia reprehenderit fugit veritatis facere",
    "body": "asperiores sunt ab assumenda cumque modi velit\nqui esse omnis\nvoluptate et fuga perferendis voluptas\nillo ratione amet aut et omnis"
  },
  {
    "userId": 7,
    "id": 61,
    "title": "voluptatem doloribus consectetur est ut ducimus",
    "body": "ab nemo optio odio\ndelectus tenetur corporis similique nobis repellendus rerum omnis facilis\nvero blanditiis debitis in nesciunt doloribus dicta dolores\nmagnam minus velit"
  },
  {
    "userId": 7,
    "id": 62,
    "title": "beatae enim quia vel",
    "body": "enim aspernatur illo distinctio quae praesentium\nbeatae alias amet delectus qui voluptate distinctio\nodit sint accusantium autem omnis\nquo molestiae omnis ea eveniet optio"
  },
  {
    "userId": 7,
    "id": 63,
    "title": "voluptas blanditiis repellendus animi ducimus error sapiente et suscipit",
    "body": "enim adipisci aspernatur nemo\nnumquam omnis facere dolorem dolor ex quis temporibus incidunt\nab delectus culpa quo reprehenderit blanditiis asperiores\naccusantium ut quam in voluptatibus voluptas ipsam dicta"
  },
  {
    "userId": 7,
    "id": 64,
    "title": "et fugit quas eum in in aperiam quod",
    "body": "id velit blanditiis\neum ea voluptatem\nmolestiae sint occaecati est eos perspiciatis\nincidunt a error provident eaque aut aut qui"
  },
  {
    "userId": 7,
    "id": 65,
    "title": "consequatur id enim sunt et et",
    "body": "voluptatibus ex esse\nsint explicabo est aliquid cumque adipisci fuga repellat labore\nmolestiae corrupti ex saepe at asperiores et perferendis\nnatus id esse incidunt pariatur"
  },
  {
    "userId": 7,
    "id": 66,
    "title": "repudiandae ea animi iusto",
    "body": "officia veritatis tenetur vero qui itaque\nsint non ratione\nsed et ut asperiores iusto eos molestiae nostrum\nveritatis quibusdam et nemo iusto saepe"
  },
  {
    "userId": 7,
    "id": 67,
    "title": "aliquid eos sed fuga est maxime repellendus",
    "body": "reprehenderit id nostrum\nvoluptas doloremque pariatur sint et accusantium quia quod aspernatur\net fugiat amet\nnon sapiente et consequatur necessitatibus molestiae"
  },
  {
    "userId": 7,
    "id": 68,
    "title": "odio quis facere architecto reiciendis optio",
    "body": "magnam molestiae perferendis quisquam\nqui cum reiciendis\nquaerat animi amet hic inventore\nea quia deleniti quidem saepe porro velit"
  },
  {
    "userId": 7,
    "id": 69,
    "title": "fugiat quod pariatur odit minima",
    "body": "officiis error culpa consequatur modi asperiores et\ndolorum assumenda voluptas et vel qui aut vel rerum\nvoluptatum quisquam perspiciatis quia rerum consequatur totam quas\nsequi commodi repudiandae asperiores et saepe a"
  },
  {
    "userId": 7,
    "id": 70,
    "title": "voluptatem laborum magni",
    "body": "sunt repellendus quae\nest asperiores aut deleniti esse accusamus repellendus quia aut\nquia dolorem unde\neum tempora esse dolore"
  },
  {
    "userId": 8,
    "id": 71,
    "title": "et iusto veniam et illum aut fuga",
    "body": "occaecati a doloribus\niste saepe consectetur placeat eum voluptate dolorem et\nqui quo quia voluptas\nrerum ut id enim velit est perferendis"
  },
  {
    "userId": 8,
    "id": 72,
    "title": "sint hic doloribus consequatur eos non id",
    "body": "quam occaecati qui deleniti consectetur\nconsequatur aut facere quas exercitationem aliquam hic voluptas\nneque id sunt ut aut accusamus\nsunt consectetur expedita inventore velit"
  },
  {
    "userId": 8,
    "id": 73,
    "title": "consequuntur deleniti eos quia temporibus ab aliquid at",
    "body": "voluptatem cumque tenetur consequatur expedita ipsum nemo quia explicabo\naut eum minima consequatur\ntempore cumque quae est et\net in consequuntur voluptatem voluptates aut"
  },
  {
    "userId": 8,
    "id": 74,
    "title": "enim unde ratione doloribus quas enim ut sit sapiente",
    "body": "odit qui et et necessitatibus sint veniam\nmollitia amet doloremque molestiae commodi similique magnam et quam\nblanditiis est itaque\nquo et tenetur ratione occaecati molestiae tempora"
  },
  {
    "userId": 8,
    "id": 75,
    "title": "dignissimos eum dolor ut enim et delectus in",
    "body": "commodi non non omnis et voluptas sit\nautem aut nobis magnam et sapiente voluptatem\net laborum repellat qui delectus facilis temporibus\nrerum amet et nemo voluptate expedita adipisci error dolorem"
  },
  {
    "userId": 8,
    "id": 76,
    "title": "doloremque officiis ad et non perferendis",
    "body": "ut animi facere\ntotam iusto tempore\nmolestiae eum aut et dolorem aperiam\nquaerat recusandae totam odio"
  },
  {
    "userId": 8,
    "id": 77,
    "title": "necessitatibus quasi exercitationem odio",
    "body": "modi ut in nulla repudiandae dolorum nostrum eos\naut consequatur omnis\nut incidunt est omnis iste et quam\nvoluptates sapiente aliquam asperiores nobis amet corrupti repudiandae provident"
  },
  {
    "userId": 8,
    "id": 78,
    "title": "quam voluptatibus rerum veritatis",
    "body": "nobis facilis odit tempore cupiditate quia\nassumenda doloribus rerum qui ea\nillum et qui totam\naut veniam repellendus"
  },
  {
    "userId": 8,
    "id": 79,
    "title": "pariatur consequatur quia magnam autem omnis non amet",
    "body": "libero accusantium et et facere incidunt sit dolorem\nnon excepturi qui quia sed laudantium\nquisquam molestiae ducimus est\nofficiis esse molestiae iste et quos"
  },
  {
    "userId": 8,
    "id": 80,
    "title": "labore in ex et explicabo corporis aut quas",
    "body": "ex quod dolorem ea eum iure qui provident amet\nquia qui facere excepturi et repudiandae\nasperiores molestias provident\nminus incidunt vero fugit rerum sint sunt excepturi provident"
  },
  {
    "userId": 9,
    "id": 81,
    "title": "tempora rem veritatis voluptas quo dolores vero",
    "body": "facere qui nesciunt est voluptatum voluptatem nisi\nsequi eligendi necessitatibus ea at rerum itaque\nharum non ratione velit laboriosam quis consequuntur\nex officiis minima doloremque voluptas ut aut"
  },
  {
    "userId": 9,
    "id": 82,
    "title": "laudantium voluptate suscipit sunt enim enim",
    "body": "ut libero sit aut totam inventore sunt\nporro sint qui sunt molestiae\nconsequatur cupiditate qui iste ducimus adipisci\ndolor enim assumenda soluta laboriosam amet iste delectus hic"
  },
  {
    "userId": 9,
    "id": 83,
    "title": "odit et voluptates doloribus alias odio et",
    "body": "est molestiae facilis quis tempora numquam nihil qui\nvoluptate sapiente consequatur est qui\nnecessitatibus autem aut ipsa aperiam modi dolore numquam\nreprehenderit eius rem quibusdam"
  },
  {
    "userId": 9,
    "id": 84,
    "title": "optio ipsam molestias necessitatibus occaecati facilis veritatis dolores aut",
    "body": "sint molestiae magni a et quos\neaque et quasi\nut rerum debitis similique veniam\nrecusandae dignissimos dolor incidunt consequatur odio"
  },
  {
    "userId": 9,
    "id": 85,
    "title": "dolore veritatis porro provident adipisci blanditiis et sunt",
    "body": "similique sed nisi voluptas iusto omnis\nmollitia et quo\nassumenda suscipit officia magnam sint sed tempora\nenim provident pariatur praesentium atque animi amet ratione"
  },
  {
    "userId": 9,
    "id": 86,
    "title": "placeat quia et porro iste",
    "body": "quasi excepturi consequatur iste autem temporibus sed molestiae beatae\net quaerat et esse ut\nvoluptatem occaecati et vel explicabo autem\nasperiores pariatur deserunt optio"
  },
  {
    "userId": 9,
    "id": 87,
    "title": "nostrum quis quasi placeat",
    "body": "eos et molestiae\nnesciunt ut a\ndolores perspiciatis repellendus repellat aliquid\nmagnam sint rem ipsum est"
  },
  {
    "userId": 9,
    "id": 88,
    "title": "sapiente omnis fugit eos",
    "body": "consequatur omnis est praesentium\nducimus non iste\nneque hic deserunt\nvoluptatibus veniam cum et rerum sed"
  },
  {
    "userId": 9,
    "id": 89,
    "title": "sint soluta et vel magnam aut ut sed qui",
    "body": "repellat aut aperiam totam temporibus autem et\narchitecto magnam ut\nconsequatur qui cupiditate rerum quia soluta dignissimos nihil iure\ntempore quas est"
  },
  {
    "userId": 9,
    "id": 90,
    "title": "ad iusto omnis odit dolor voluptatibus",
    "body": "minus omnis soluta quia\nqui sed adipisci voluptates illum ipsam voluptatem\neligendi officia ut in\neos soluta similique molestias praesentium blanditiis"
  },
  {
    "userId": 10,
    "id": 91,
    "title": "aut amet sed",
    "body": "libero voluptate eveniet aperiam sed\nsunt placeat suscipit molestias\nsimilique fugit nam natus\nexpedita consequatur consequatur dolores quia eos et placeat"
  },
  {
    "userId": 10,
    "id": 92,
    "title": "ratione ex tenetur perferendis",
    "body": "aut et excepturi dicta laudantium sint rerum nihil\nlaudantium et at\na neque minima officia et similique libero et\ncommodi voluptate qui"
  },
  {
    "userId": 10,
    "id": 93,
    "title": "beatae soluta recusandae",
    "body": "dolorem quibusdam ducimus consequuntur dicta aut quo laboriosam\nvoluptatem quis enim recusandae ut sed sunt\nnostrum est odit totam\nsit error sed sunt eveniet provident qui nulla"
  },
  {
    "userId": 10,
    "id": 94,
    "title": "qui qui voluptates illo iste minima",
    "body": "aspernatur expedita soluta quo ab ut similique\nexpedita dolores amet\nsed temporibus distinctio magnam saepe deleniti\nomnis facilis nam ipsum natus sint similique omnis"
  },
  {
    "userId": 10,
    "id": 95,
    "title": "id minus libero illum nam ad officiis",
    "body": "earum voluptatem facere provident blanditiis velit laboriosam\npariatur accusamus odio saepe\ncumque dolor qui a dicta ab doloribus consequatur omnis\ncorporis cupiditate eaque assumenda ad nesciunt"
  },
  {
    "userId": 10,
    "id": 96,
    "title": "quaerat velit veniam amet cupiditate aut numquam ut sequi",
    "body": "in non odio excepturi sint eum\nlabore voluptates vitae quia qui et\ninventore itaque rerum\nveniam non exercitationem delectus aut"
  },
  {
    "userId": 10,
    "id": 97,
    "title": "quas fugiat ut perspiciatis vero provident",
    "body": "eum non blanditiis soluta porro quibusdam voluptas\nvel voluptatem qui placeat dolores qui velit aut\nvel inventore aut cumque culpa explicabo aliquid at\nperspiciatis est et voluptatem dignissimos dolor itaque sit nam"
  },
  {
    "userId": 10,
    "id": 98,
    "title": "laboriosam dolor voluptates",
    "body": "doloremque ex facilis sit sint culpa\nsoluta assumenda eligendi non ut eius\nsequi ducimus vel quasi\nveritatis est dolores"
  },
  {
    "userId": 10,
    "id": 99,
    "title": "temporibus sit alias delectus eligendi possimus magni",
    "body": "quo deleniti praesentium dicta non quod\naut est molestias\nmolestias et officia quis nihil\nitaque dolorem quia"
  },
  {
    "userId": 10,
    "id": 100,
    "title": "at nam consequatur ea labore ea harum",
    "body": "cupiditate quo est a modi nesciunt soluta\nipsa voluptas error itaque dicta in\nautem qui minus magnam et distinctio eum\naccusamus ratione error aut"
  }
]
2026-05-24 15:38:02.090 INFO  [restartedMain] c.e.s.SpringbootdemoApplication - Starting SpringbootdemoApplication using Java 21.0.5 with PID 27505 (/Users/rajesh/Workspace/java-workspace/springbootdemo/target/classes started by rajesh in /Users/rajesh/Workspace/java-workspace/springbootdemo)
2026-05-24 15:38:02.091 DEBUG [restartedMain] c.e.s.SpringbootdemoApplication - Running with Spring Boot v4.0.6, Spring v7.0.7
2026-05-24 15:38:02.091 INFO  [restartedMain] c.e.s.SpringbootdemoApplication - No active profile set, falling back to 1 default profile: "default"
2026-05-24 15:38:02.461 DEBUG [restartedMain] c.e.s.config.JwtAuthenticationFilter - Filter 'jwtAuthenticationFilter' configured for use
2026-05-24 15:38:02.632 INFO  [restartedMain] c.e.s.SpringbootdemoApplication - Started SpringbootdemoApplication in 0.563 seconds (process running for 7686.574)
2026-05-24 15:38:14.321 INFO  [restartedMain] c.e.s.SpringbootdemoApplication - Starting SpringbootdemoApplication using Java 21.0.5 with PID 27505 (/Users/rajesh/Workspace/java-workspace/springbootdemo/target/classes started by rajesh in /Users/rajesh/Workspace/java-workspace/springbootdemo)
2026-05-24 15:38:14.321 DEBUG [restartedMain] c.e.s.SpringbootdemoApplication - Running with Spring Boot v4.0.6, Spring v7.0.7
2026-05-24 15:38:14.321 INFO  [restartedMain] c.e.s.SpringbootdemoApplication - No active profile set, falling back to 1 default profile: "default"
2026-05-24 15:38:14.695 DEBUG [restartedMain] c.e.s.config.JwtAuthenticationFilter - Filter 'jwtAuthenticationFilter' configured for use
2026-05-24 15:38:14.828 INFO  [restartedMain] c.e.s.SpringbootdemoApplication - Started SpringbootdemoApplication in 0.521 seconds (process running for 7698.77)
2026-05-24 15:38:17.475 INFO  [restartedMain] c.e.s.SpringbootdemoApplication - Starting SpringbootdemoApplication using Java 21.0.5 with PID 27505 (/Users/rajesh/Workspace/java-workspace/springbootdemo/target/classes started by rajesh in /Users/rajesh/Workspace/java-workspace/springbootdemo)
2026-05-24 15:38:17.475 DEBUG [restartedMain] c.e.s.SpringbootdemoApplication - Running with Spring Boot v4.0.6, Spring v7.0.7
2026-05-24 15:38:17.475 INFO  [restartedMain] c.e.s.SpringbootdemoApplication - No active profile set, falling back to 1 default profile: "default"
2026-05-24 15:38:18.093 DEBUG [restartedMain] c.e.s.config.JwtAuthenticationFilter - Filter 'jwtAuthenticationFilter' configured for use
2026-05-24 15:38:18.234 INFO  [restartedMain] c.e.s.SpringbootdemoApplication - Started SpringbootdemoApplication in 0.775 seconds (process running for 7702.175)
2026-05-24 15:38:37.306 INFO  [restartedMain] c.e.s.SpringbootdemoApplication - Starting SpringbootdemoApplication using Java 21.0.5 with PID 27505 (/Users/rajesh/Workspace/java-workspace/springbootdemo/target/classes started by rajesh in /Users/rajesh/Workspace/java-workspace/springbootdemo)
2026-05-24 15:38:37.306 DEBUG [restartedMain] c.e.s.SpringbootdemoApplication - Running with Spring Boot v4.0.6, Spring v7.0.7
2026-05-24 15:38:37.307 INFO  [restartedMain] c.e.s.SpringbootdemoApplication - No active profile set, falling back to 1 default profile: "default"
2026-05-24 15:38:38.311 DEBUG [restartedMain] c.e.s.config.JwtAuthenticationFilter - Filter 'jwtAuthenticationFilter' configured for use
2026-05-24 15:38:38.551 INFO  [restartedMain] c.e.s.SpringbootdemoApplication - Started SpringbootdemoApplication in 1.275 seconds (process running for 7722.493)
2026-05-24 15:38:40.066 INFO  [restartedMain] c.e.s.SpringbootdemoApplication - Starting SpringbootdemoApplication using Java 21.0.5 with PID 27505 (/Users/rajesh/Workspace/java-workspace/springbootdemo/target/classes started by rajesh in /Users/rajesh/Workspace/java-workspace/springbootdemo)
2026-05-24 15:38:40.066 DEBUG [restartedMain] c.e.s.SpringbootdemoApplication - Running with Spring Boot v4.0.6, Spring v7.0.7
2026-05-24 15:38:40.066 INFO  [restartedMain] c.e.s.SpringbootdemoApplication - No active profile set, falling back to 1 default profile: "default"
2026-05-24 15:38:40.291 DEBUG [restartedMain] c.e.s.config.JwtAuthenticationFilter - Filter 'jwtAuthenticationFilter' configured for use
2026-05-24 15:38:40.404 INFO  [restartedMain] c.e.s.SpringbootdemoApplication - Started SpringbootdemoApplication in 0.351 seconds (process running for 7724.346)
2026-05-24 15:38:50.093 INFO  [restartedMain] c.e.s.SpringbootdemoApplication - Starting SpringbootdemoApplication using Java 21.0.5 with PID 27505 (/Users/rajesh/Workspace/java-workspace/springbootdemo/target/classes started by rajesh in /Users/rajesh/Workspace/java-workspace/springbootdemo)
2026-05-24 15:38:50.093 DEBUG [restartedMain] c.e.s.SpringbootdemoApplication - Running with Spring Boot v4.0.6, Spring v7.0.7
2026-05-24 15:38:50.093 INFO  [restartedMain] c.e.s.SpringbootdemoApplication - No active profile set, falling back to 1 default profile: "default"
2026-05-24 15:38:50.402 DEBUG [restartedMain] c.e.s.config.JwtAuthenticationFilter - Filter 'jwtAuthenticationFilter' configured for use
2026-05-24 15:38:50.521 INFO  [restartedMain] c.e.s.SpringbootdemoApplication - Started SpringbootdemoApplication in 0.448 seconds (process running for 7734.463)
2026-05-24 15:39:12.483 INFO  [restartedMain] c.e.s.SpringbootdemoApplication - Starting SpringbootdemoApplication using Java 21.0.5 with PID 27505 (/Users/rajesh/Workspace/java-workspace/springbootdemo/target/classes started by rajesh in /Users/rajesh/Workspace/java-workspace/springbootdemo)
2026-05-24 15:39:12.483 DEBUG [restartedMain] c.e.s.SpringbootdemoApplication - Running with Spring Boot v4.0.6, Spring v7.0.7
2026-05-24 15:39:12.483 INFO  [restartedMain] c.e.s.SpringbootdemoApplication - No active profile set, falling back to 1 default profile: "default"
2026-05-24 15:39:12.871 DEBUG [restartedMain] c.e.s.config.JwtAuthenticationFilter - Filter 'jwtAuthenticationFilter' configured for use
2026-05-24 15:39:13.041 INFO  [restartedMain] c.e.s.SpringbootdemoApplication - Started SpringbootdemoApplication in 0.574 seconds (process running for 7756.983)
2026-05-24 15:39:21.707 INFO  [restartedMain] c.e.s.SpringbootdemoApplication - Starting SpringbootdemoApplication using Java 21.0.5 with PID 27505 (/Users/rajesh/Workspace/java-workspace/springbootdemo/target/classes started by rajesh in /Users/rajesh/Workspace/java-workspace/springbootdemo)
2026-05-24 15:39:21.707 DEBUG [restartedMain] c.e.s.SpringbootdemoApplication - Running with Spring Boot v4.0.6, Spring v7.0.7
2026-05-24 15:39:21.707 INFO  [restartedMain] c.e.s.SpringbootdemoApplication - No active profile set, falling back to 1 default profile: "default"
2026-05-24 15:39:22.105 DEBUG [restartedMain] c.e.s.config.JwtAuthenticationFilter - Filter 'jwtAuthenticationFilter' configured for use
2026-05-24 15:39:22.226 INFO  [restartedMain] c.e.s.SpringbootdemoApplication - Started SpringbootdemoApplication in 0.53 seconds (process running for 7766.169)
2026-05-24 15:39:36.966 INFO  [restartedMain] c.e.s.SpringbootdemoApplication - Starting SpringbootdemoApplication using Java 21.0.5 with PID 27505 (/Users/rajesh/Workspace/java-workspace/springbootdemo/target/classes started by rajesh in /Users/rajesh/Workspace/java-workspace/springbootdemo)
2026-05-24 15:39:36.968 DEBUG [restartedMain] c.e.s.SpringbootdemoApplication - Running with Spring Boot v4.0.6, Spring v7.0.7
2026-05-24 15:39:36.968 INFO  [restartedMain] c.e.s.SpringbootdemoApplication - No active profile set, falling back to 1 default profile: "default"
2026-05-24 15:39:37.471 DEBUG [restartedMain] c.e.s.config.JwtAuthenticationFilter - Filter 'jwtAuthenticationFilter' configured for use
2026-05-24 15:39:37.651 INFO  [restartedMain] c.e.s.SpringbootdemoApplication - Started SpringbootdemoApplication in 0.7 seconds (process running for 7781.594)
2026-05-24 15:39:39.199 INFO  [restartedMain] c.e.s.SpringbootdemoApplication - Starting SpringbootdemoApplication using Java 21.0.5 with PID 27505 (/Users/rajesh/Workspace/java-workspace/springbootdemo/target/classes started by rajesh in /Users/rajesh/Workspace/java-workspace/springbootdemo)
2026-05-24 15:39:39.199 DEBUG [restartedMain] c.e.s.SpringbootdemoApplication - Running with Spring Boot v4.0.6, Spring v7.0.7
2026-05-24 15:39:39.199 INFO  [restartedMain] c.e.s.SpringbootdemoApplication - No active profile set, falling back to 1 default profile: "default"
2026-05-24 15:39:39.420 DEBUG [restartedMain] c.e.s.config.JwtAuthenticationFilter - Filter 'jwtAuthenticationFilter' configured for use
2026-05-24 15:39:39.523 INFO  [restartedMain] c.e.s.SpringbootdemoApplication - Started SpringbootdemoApplication in 0.336 seconds (process running for 7783.466)
2026-05-24 15:39:51.449 INFO  [restartedMain] c.e.s.SpringbootdemoApplication - Starting SpringbootdemoApplication using Java 21.0.5 with PID 27505 (/Users/rajesh/Workspace/java-workspace/springbootdemo/target/classes started by rajesh in /Users/rajesh/Workspace/java-workspace/springbootdemo)
2026-05-24 15:39:51.449 DEBUG [restartedMain] c.e.s.SpringbootdemoApplication - Running with Spring Boot v4.0.6, Spring v7.0.7
2026-05-24 15:39:51.450 INFO  [restartedMain] c.e.s.SpringbootdemoApplication - No active profile set, falling back to 1 default profile: "default"
2026-05-24 15:39:52.006 DEBUG [restartedMain] c.e.s.config.JwtAuthenticationFilter - Filter 'jwtAuthenticationFilter' configured for use
2026-05-24 15:39:52.149 INFO  [restartedMain] c.e.s.SpringbootdemoApplication - Started SpringbootdemoApplication in 0.76 seconds (process running for 7796.092)
2026-05-24 15:40:06.796 INFO  [restartedMain] c.e.s.SpringbootdemoApplication - Starting SpringbootdemoApplication using Java 21.0.5 with PID 27505 (/Users/rajesh/Workspace/java-workspace/springbootdemo/target/classes started by rajesh in /Users/rajesh/Workspace/java-workspace/springbootdemo)
2026-05-24 15:40:06.796 DEBUG [restartedMain] c.e.s.SpringbootdemoApplication - Running with Spring Boot v4.0.6, Spring v7.0.7
2026-05-24 15:40:06.796 INFO  [restartedMain] c.e.s.SpringbootdemoApplication - No active profile set, falling back to 1 default profile: "default"
2026-05-24 15:40:07.072 DEBUG [restartedMain] c.e.s.config.JwtAuthenticationFilter - Filter 'jwtAuthenticationFilter' configured for use
2026-05-24 15:40:07.177 INFO  [restartedMain] c.e.s.SpringbootdemoApplication - Started SpringbootdemoApplication in 0.394 seconds (process running for 7811.121)
2026-05-24 15:40:08.796 INFO  [restartedMain] c.e.s.SpringbootdemoApplication - Starting SpringbootdemoApplication using Java 21.0.5 with PID 27505 (/Users/rajesh/Workspace/java-workspace/springbootdemo/target/classes started by rajesh in /Users/rajesh/Workspace/java-workspace/springbootdemo)
2026-05-24 15:40:08.796 DEBUG [restartedMain] c.e.s.SpringbootdemoApplication - Running with Spring Boot v4.0.6, Spring v7.0.7
2026-05-24 15:40:08.796 INFO  [restartedMain] c.e.s.SpringbootdemoApplication - No active profile set, falling back to 1 default profile: "default"
2026-05-24 15:40:09.024 DEBUG [restartedMain] c.e.s.config.JwtAuthenticationFilter - Filter 'jwtAuthenticationFilter' configured for use
2026-05-24 15:40:09.128 INFO  [restartedMain] c.e.s.SpringbootdemoApplication - Started SpringbootdemoApplication in 0.345 seconds (process running for 7813.071)
2026-05-24 15:40:26.007 INFO  [restartedMain] c.e.s.SpringbootdemoApplication - Starting SpringbootdemoApplication using Java 21.0.5 with PID 27505 (/Users/rajesh/Workspace/java-workspace/springbootdemo/target/classes started by rajesh in /Users/rajesh/Workspace/java-workspace/springbootdemo)
2026-05-24 15:40:26.007 DEBUG [restartedMain] c.e.s.SpringbootdemoApplication - Running with Spring Boot v4.0.6, Spring v7.0.7
2026-05-24 15:40:26.008 INFO  [restartedMain] c.e.s.SpringbootdemoApplication - No active profile set, falling back to 1 default profile: "default"
2026-05-24 15:40:26.274 DEBUG [restartedMain] c.e.s.config.JwtAuthenticationFilter - Filter 'jwtAuthenticationFilter' configured for use
2026-05-24 15:40:26.433 INFO  [restartedMain] c.e.s.SpringbootdemoApplication - Started SpringbootdemoApplication in 0.44 seconds (process running for 7830.377)
2026-05-24 15:40:38.067 INFO  [restartedMain] c.e.s.SpringbootdemoApplication - Starting SpringbootdemoApplication using Java 21.0.5 with PID 27505 (/Users/rajesh/Workspace/java-workspace/springbootdemo/target/classes started by rajesh in /Users/rajesh/Workspace/java-workspace/springbootdemo)
2026-05-24 15:40:38.067 DEBUG [restartedMain] c.e.s.SpringbootdemoApplication - Running with Spring Boot v4.0.6, Spring v7.0.7
2026-05-24 15:40:38.067 INFO  [restartedMain] c.e.s.SpringbootdemoApplication - No active profile set, falling back to 1 default profile: "default"
2026-05-24 15:40:38.278 DEBUG [restartedMain] c.e.s.config.JwtAuthenticationFilter - Filter 'jwtAuthenticationFilter' configured for use
2026-05-24 15:40:38.376 INFO  [restartedMain] c.e.s.SpringbootdemoApplication - Started SpringbootdemoApplication in 0.324 seconds (process running for 7842.319)
2026-05-24 15:40:51.048 INFO  [restartedMain] c.e.s.SpringbootdemoApplication - Starting SpringbootdemoApplication using Java 21.0.5 with PID 27505 (/Users/rajesh/Workspace/java-workspace/springbootdemo/target/classes started by rajesh in /Users/rajesh/Workspace/java-workspace/springbootdemo)
2026-05-24 15:40:51.048 DEBUG [restartedMain] c.e.s.SpringbootdemoApplication - Running with Spring Boot v4.0.6, Spring v7.0.7
2026-05-24 15:40:51.048 INFO  [restartedMain] c.e.s.SpringbootdemoApplication - No active profile set, falling back to 1 default profile: "default"
2026-05-24 15:40:51.361 DEBUG [restartedMain] c.e.s.config.JwtAuthenticationFilter - Filter 'jwtAuthenticationFilter' configured for use
2026-05-24 15:40:51.479 INFO  [restartedMain] c.e.s.SpringbootdemoApplication - Started SpringbootdemoApplication in 0.451 seconds (process running for 7855.422)
2026-05-24 15:41:00.086 INFO  [restartedMain] c.e.s.SpringbootdemoApplication - Starting SpringbootdemoApplication using Java 21.0.5 with PID 27505 (/Users/rajesh/Workspace/java-workspace/springbootdemo/target/classes started by rajesh in /Users/rajesh/Workspace/java-workspace/springbootdemo)
2026-05-24 15:41:00.086 DEBUG [restartedMain] c.e.s.SpringbootdemoApplication - Running with Spring Boot v4.0.6, Spring v7.0.7
2026-05-24 15:41:00.086 INFO  [restartedMain] c.e.s.SpringbootdemoApplication - No active profile set, falling back to 1 default profile: "default"
2026-05-24 15:41:00.298 DEBUG [restartedMain] c.e.s.config.JwtAuthenticationFilter - Filter 'jwtAuthenticationFilter' configured for use
2026-05-24 15:41:00.395 INFO  [restartedMain] c.e.s.SpringbootdemoApplication - Started SpringbootdemoApplication in 0.325 seconds (process running for 7864.339)
2026-05-24 15:41:12.037 INFO  [restartedMain] c.e.s.SpringbootdemoApplication - Starting SpringbootdemoApplication using Java 21.0.5 with PID 27505 (/Users/rajesh/Workspace/java-workspace/springbootdemo/target/classes started by rajesh in /Users/rajesh/Workspace/java-workspace/springbootdemo)
2026-05-24 15:41:12.037 DEBUG [restartedMain] c.e.s.SpringbootdemoApplication - Running with Spring Boot v4.0.6, Spring v7.0.7
2026-05-24 15:41:12.037 INFO  [restartedMain] c.e.s.SpringbootdemoApplication - No active profile set, falling back to 1 default profile: "default"
2026-05-24 15:41:12.270 DEBUG [restartedMain] c.e.s.config.JwtAuthenticationFilter - Filter 'jwtAuthenticationFilter' configured for use
2026-05-24 15:41:12.366 INFO  [restartedMain] c.e.s.SpringbootdemoApplication - Started SpringbootdemoApplication in 0.346 seconds (process running for 7876.311)
2026-05-24 15:41:13.843 INFO  [restartedMain] c.e.s.SpringbootdemoApplication - Starting SpringbootdemoApplication using Java 21.0.5 with PID 27505 (/Users/rajesh/Workspace/java-workspace/springbootdemo/target/classes started by rajesh in /Users/rajesh/Workspace/java-workspace/springbootdemo)
2026-05-24 15:41:13.843 DEBUG [restartedMain] c.e.s.SpringbootdemoApplication - Running with Spring Boot v4.0.6, Spring v7.0.7
2026-05-24 15:41:13.843 INFO  [restartedMain] c.e.s.SpringbootdemoApplication - No active profile set, falling back to 1 default profile: "default"
2026-05-24 15:41:14.037 DEBUG [restartedMain] c.e.s.config.JwtAuthenticationFilter - Filter 'jwtAuthenticationFilter' configured for use
2026-05-24 15:41:14.134 INFO  [restartedMain] c.e.s.SpringbootdemoApplication - Started SpringbootdemoApplication in 0.303 seconds (process running for 7878.078)
2026-05-24 15:41:15.598 INFO  [restartedMain] c.e.s.SpringbootdemoApplication - Starting SpringbootdemoApplication using Java 21.0.5 with PID 27505 (/Users/rajesh/Workspace/java-workspace/springbootdemo/target/classes started by rajesh in /Users/rajesh/Workspace/java-workspace/springbootdemo)
2026-05-24 15:41:15.599 DEBUG [restartedMain] c.e.s.SpringbootdemoApplication - Running with Spring Boot v4.0.6, Spring v7.0.7
2026-05-24 15:41:15.599 INFO  [restartedMain] c.e.s.SpringbootdemoApplication - No active profile set, falling back to 1 default profile: "default"
2026-05-24 15:41:15.799 DEBUG [restartedMain] c.e.s.config.JwtAuthenticationFilter - Filter 'jwtAuthenticationFilter' configured for use
2026-05-24 15:41:15.890 INFO  [restartedMain] c.e.s.SpringbootdemoApplication - Started SpringbootdemoApplication in 0.302 seconds (process running for 7879.834)
2026-05-24 15:42:35.084 INFO  [restartedMain] c.e.s.SpringbootdemoApplication - Starting SpringbootdemoApplication using Java 21.0.5 with PID 27505 (/Users/rajesh/Workspace/java-workspace/springbootdemo/target/classes started by rajesh in /Users/rajesh/Workspace/java-workspace/springbootdemo)
2026-05-24 15:42:35.084 DEBUG [restartedMain] c.e.s.SpringbootdemoApplication - Running with Spring Boot v4.0.6, Spring v7.0.7
2026-05-24 15:42:35.084 INFO  [restartedMain] c.e.s.SpringbootdemoApplication - No active profile set, falling back to 1 default profile: "default"
2026-05-24 15:42:35.425 DEBUG [restartedMain] c.e.s.config.JwtAuthenticationFilter - Filter 'jwtAuthenticationFilter' configured for use
2026-05-24 15:42:35.564 INFO  [restartedMain] c.e.s.SpringbootdemoApplication - Started SpringbootdemoApplication in 0.498 seconds (process running for 7959.509)
2026-05-24 15:42:41.064 INFO  [restartedMain] c.e.s.SpringbootdemoApplication - Starting SpringbootdemoApplication using Java 21.0.5 with PID 27505 (/Users/rajesh/Workspace/java-workspace/springbootdemo/target/classes started by rajesh in /Users/rajesh/Workspace/java-workspace/springbootdemo)
2026-05-24 15:42:41.064 DEBUG [restartedMain] c.e.s.SpringbootdemoApplication - Running with Spring Boot v4.0.6, Spring v7.0.7
2026-05-24 15:42:41.064 INFO  [restartedMain] c.e.s.SpringbootdemoApplication - No active profile set, falling back to 1 default profile: "default"
2026-05-24 15:42:42.007 DEBUG [restartedMain] c.e.s.config.JwtAuthenticationFilter - Filter 'jwtAuthenticationFilter' configured for use
2026-05-24 15:42:42.130 INFO  [restartedMain] c.e.s.SpringbootdemoApplication - Started SpringbootdemoApplication in 1.08 seconds (process running for 7966.075)
2026-05-24 15:48:58.040 INFO  [restartedMain] c.e.s.SpringbootdemoApplication - Starting SpringbootdemoApplication using Java 21.0.5 with PID 27505 (/Users/rajesh/Workspace/java-workspace/springbootdemo/target/classes started by rajesh in /Users/rajesh/Workspace/java-workspace/springbootdemo)
2026-05-24 15:48:58.040 DEBUG [restartedMain] c.e.s.SpringbootdemoApplication - Running with Spring Boot v4.0.6, Spring v7.0.7
2026-05-24 15:48:58.040 INFO  [restartedMain] c.e.s.SpringbootdemoApplication - No active profile set, falling back to 1 default profile: "default"
2026-05-24 15:48:58.498 DEBUG [restartedMain] c.e.s.config.JwtAuthenticationFilter - Filter 'jwtAuthenticationFilter' configured for use
2026-05-24 15:48:58.638 INFO  [restartedMain] c.e.s.SpringbootdemoApplication - Started SpringbootdemoApplication in 0.62 seconds (process running for 8342.588)
2026-05-24 15:49:05.682 INFO  [restartedMain] c.e.s.SpringbootdemoApplication - Starting SpringbootdemoApplication using Java 21.0.5 with PID 27505 (/Users/rajesh/Workspace/java-workspace/springbootdemo/target/classes started by rajesh in /Users/rajesh/Workspace/java-workspace/springbootdemo)
2026-05-24 15:49:05.682 DEBUG [restartedMain] c.e.s.SpringbootdemoApplication - Running with Spring Boot v4.0.6, Spring v7.0.7
2026-05-24 15:49:05.682 INFO  [restartedMain] c.e.s.SpringbootdemoApplication - No active profile set, falling back to 1 default profile: "default"
2026-05-24 15:49:06.073 DEBUG [restartedMain] c.e.s.config.JwtAuthenticationFilter - Filter 'jwtAuthenticationFilter' configured for use
2026-05-24 15:49:06.320 INFO  [restartedMain] c.e.s.SpringbootdemoApplication - Started SpringbootdemoApplication in 0.667 seconds (process running for 8350.27)
2026-05-24 15:52:11.640 INFO  [restartedMain] c.e.s.SpringbootdemoApplication - Starting SpringbootdemoApplication using Java 21.0.5 with PID 27505 (/Users/rajesh/Workspace/java-workspace/springbootdemo/target/classes started by rajesh in /Users/rajesh/Workspace/java-workspace/springbootdemo)
2026-05-24 15:52:11.640 DEBUG [restartedMain] c.e.s.SpringbootdemoApplication - Running with Spring Boot v4.0.6, Spring v7.0.7
2026-05-24 15:52:11.640 INFO  [restartedMain] c.e.s.SpringbootdemoApplication - No active profile set, falling back to 1 default profile: "default"
2026-05-24 15:52:12.101 DEBUG [restartedMain] c.e.s.config.JwtAuthenticationFilter - Filter 'jwtAuthenticationFilter' configured for use
2026-05-24 15:52:12.235 INFO  [restartedMain] c.e.s.SpringbootdemoApplication - Started SpringbootdemoApplication in 0.608 seconds (process running for 8536.182)
2026-05-24 15:56:55.216 INFO  [restartedMain] c.e.s.SpringbootdemoApplication - Starting SpringbootdemoApplication using Java 21.0.5 with PID 27505 (/Users/rajesh/Workspace/java-workspace/springbootdemo/target/classes started by rajesh in /Users/rajesh/Workspace/java-workspace/springbootdemo)
2026-05-24 15:56:55.216 DEBUG [restartedMain] c.e.s.SpringbootdemoApplication - Running with Spring Boot v4.0.6, Spring v7.0.7
2026-05-24 15:56:55.217 INFO  [restartedMain] c.e.s.SpringbootdemoApplication - No active profile set, falling back to 1 default profile: "default"
2026-05-24 15:56:55.618 DEBUG [restartedMain] c.e.s.config.JwtAuthenticationFilter - Filter 'jwtAuthenticationFilter' configured for use
2026-05-24 15:56:55.764 INFO  [restartedMain] c.e.s.SpringbootdemoApplication - Started SpringbootdemoApplication in 0.573 seconds (process running for 8819.715)
2026-05-24 15:57:48.850 INFO  [restartedMain] c.e.s.SpringbootdemoApplication - Starting SpringbootdemoApplication using Java 21.0.5 with PID 27505 (/Users/rajesh/Workspace/java-workspace/springbootdemo/target/classes started by rajesh in /Users/rajesh/Workspace/java-workspace/springbootdemo)
2026-05-24 15:57:48.852 DEBUG [restartedMain] c.e.s.SpringbootdemoApplication - Running with Spring Boot v4.0.6, Spring v7.0.7
2026-05-24 15:57:48.852 INFO  [restartedMain] c.e.s.SpringbootdemoApplication - No active profile set, falling back to 1 default profile: "default"
2026-05-24 15:57:49.207 DEBUG [restartedMain] c.e.s.config.JwtAuthenticationFilter - Filter 'jwtAuthenticationFilter' configured for use
2026-05-24 15:57:49.330 INFO  [restartedMain] c.e.s.SpringbootdemoApplication - Started SpringbootdemoApplication in 0.501 seconds (process running for 8873.282)
2026-05-24 15:58:05.230 INFO  [restartedMain] c.e.s.SpringbootdemoApplication - Starting SpringbootdemoApplication using Java 21.0.5 with PID 27505 (/Users/rajesh/Workspace/java-workspace/springbootdemo/target/classes started by rajesh in /Users/rajesh/Workspace/java-workspace/springbootdemo)
2026-05-24 15:58:05.231 DEBUG [restartedMain] c.e.s.SpringbootdemoApplication - Running with Spring Boot v4.0.6, Spring v7.0.7
2026-05-24 15:58:05.231 INFO  [restartedMain] c.e.s.SpringbootdemoApplication - No active profile set, falling back to 1 default profile: "default"
2026-05-24 15:58:05.549 DEBUG [restartedMain] c.e.s.config.JwtAuthenticationFilter - Filter 'jwtAuthenticationFilter' configured for use
2026-05-24 15:58:05.713 INFO  [restartedMain] c.e.s.SpringbootdemoApplication - Started SpringbootdemoApplication in 0.516 seconds (process running for 8889.665)
2026-05-24 16:00:14.785 INFO  [restartedMain] c.e.s.SpringbootdemoApplication - Starting SpringbootdemoApplication using Java 21.0.5 with PID 27505 (/Users/rajesh/Workspace/java-workspace/springbootdemo/target/classes started by rajesh in /Users/rajesh/Workspace/java-workspace/springbootdemo)
2026-05-24 16:00:14.786 DEBUG [restartedMain] c.e.s.SpringbootdemoApplication - Running with Spring Boot v4.0.6, Spring v7.0.7
2026-05-24 16:00:14.786 INFO  [restartedMain] c.e.s.SpringbootdemoApplication - No active profile set, falling back to 1 default profile: "default"
2026-05-24 16:00:15.122 DEBUG [restartedMain] c.e.s.config.JwtAuthenticationFilter - Filter 'jwtAuthenticationFilter' configured for use
2026-05-24 16:00:15.322 INFO  [restartedMain] c.e.s.SpringbootdemoApplication - Started SpringbootdemoApplication in 0.567 seconds (process running for 9019.276)
2026-05-24 16:00:16.836 INFO  [restartedMain] c.e.s.SpringbootdemoApplication - Starting SpringbootdemoApplication using Java 21.0.5 with PID 27505 (/Users/rajesh/Workspace/java-workspace/springbootdemo/target/classes started by rajesh in /Users/rajesh/Workspace/java-workspace/springbootdemo)
2026-05-24 16:00:16.836 DEBUG [restartedMain] c.e.s.SpringbootdemoApplication - Running with Spring Boot v4.0.6, Spring v7.0.7
2026-05-24 16:00:16.836 INFO  [restartedMain] c.e.s.SpringbootdemoApplication - No active profile set, falling back to 1 default profile: "default"
2026-05-24 16:00:17.123 DEBUG [restartedMain] c.e.s.config.JwtAuthenticationFilter - Filter 'jwtAuthenticationFilter' configured for use
2026-05-24 16:00:17.244 INFO  [restartedMain] c.e.s.SpringbootdemoApplication - Started SpringbootdemoApplication in 0.422 seconds (process running for 9021.197)
2026-05-24 16:00:24.827 INFO  [restartedMain] c.e.s.SpringbootdemoApplication - Starting SpringbootdemoApplication using Java 21.0.5 with PID 27505 (/Users/rajesh/Workspace/java-workspace/springbootdemo/target/classes started by rajesh in /Users/rajesh/Workspace/java-workspace/springbootdemo)
2026-05-24 16:00:24.827 DEBUG [restartedMain] c.e.s.SpringbootdemoApplication - Running with Spring Boot v4.0.6, Spring v7.0.7
2026-05-24 16:00:24.827 INFO  [restartedMain] c.e.s.SpringbootdemoApplication - No active profile set, falling back to 1 default profile: "default"
2026-05-24 16:00:25.073 DEBUG [restartedMain] c.e.s.config.JwtAuthenticationFilter - Filter 'jwtAuthenticationFilter' configured for use
2026-05-24 16:00:25.187 INFO  [restartedMain] c.e.s.SpringbootdemoApplication - Started SpringbootdemoApplication in 0.374 seconds (process running for 9029.141)
2026-05-24 16:00:26.667 INFO  [restartedMain] c.e.s.SpringbootdemoApplication - Starting SpringbootdemoApplication using Java 21.0.5 with PID 27505 (/Users/rajesh/Workspace/java-workspace/springbootdemo/target/classes started by rajesh in /Users/rajesh/Workspace/java-workspace/springbootdemo)
2026-05-24 16:00:26.667 DEBUG [restartedMain] c.e.s.SpringbootdemoApplication - Running with Spring Boot v4.0.6, Spring v7.0.7
2026-05-24 16:00:26.667 INFO  [restartedMain] c.e.s.SpringbootdemoApplication - No active profile set, falling back to 1 default profile: "default"
2026-05-24 16:00:26.966 DEBUG [restartedMain] c.e.s.config.JwtAuthenticationFilter - Filter 'jwtAuthenticationFilter' configured for use
2026-05-24 16:00:27.079 INFO  [restartedMain] c.e.s.SpringbootdemoApplication - Started SpringbootdemoApplication in 0.424 seconds (process running for 9031.032)
2026-05-24 16:49:26.005 INFO  [restartedMain] c.e.s.SpringbootdemoApplication - Starting SpringbootdemoApplication using Java 21.0.5 with PID 27505 (/Users/rajesh/Workspace/java-workspace/springbootdemo/target/classes started by rajesh in /Users/rajesh/Workspace/java-workspace/springbootdemo)
2026-05-24 16:49:26.005 DEBUG [restartedMain] c.e.s.SpringbootdemoApplication - Running with Spring Boot v4.0.6, Spring v7.0.7
2026-05-24 16:49:26.005 INFO  [restartedMain] c.e.s.SpringbootdemoApplication - No active profile set, falling back to 1 default profile: "default"
2026-05-24 16:49:26.763 DEBUG [restartedMain] c.e.s.config.JwtAuthenticationFilter - Filter 'jwtAuthenticationFilter' configured for use
2026-05-24 16:49:27.005 INFO  [restartedMain] c.e.s.SpringbootdemoApplication - Started SpringbootdemoApplication in 1.037 seconds (process running for 11970.928)
2026-05-24 16:49:32.129 INFO  [restartedMain] c.e.s.SpringbootdemoApplication - Starting SpringbootdemoApplication using Java 21.0.5 with PID 27505 (/Users/rajesh/Workspace/java-workspace/springbootdemo/target/classes started by rajesh in /Users/rajesh/Workspace/java-workspace/springbootdemo)
2026-05-24 16:49:32.129 DEBUG [restartedMain] c.e.s.SpringbootdemoApplication - Running with Spring Boot v4.0.6, Spring v7.0.7
2026-05-24 16:49:32.129 INFO  [restartedMain] c.e.s.SpringbootdemoApplication - No active profile set, falling back to 1 default profile: "default"
2026-05-24 16:49:32.561 DEBUG [restartedMain] c.e.s.config.JwtAuthenticationFilter - Filter 'jwtAuthenticationFilter' configured for use
2026-05-24 16:49:32.679 INFO  [restartedMain] c.e.s.SpringbootdemoApplication - Started SpringbootdemoApplication in 0.565 seconds (process running for 11976.603)
2026-05-24 16:51:08.082 INFO  [restartedMain] c.e.s.SpringbootdemoApplication - Starting SpringbootdemoApplication using Java 21.0.5 with PID 27505 (/Users/rajesh/Workspace/java-workspace/springbootdemo/target/classes started by rajesh in /Users/rajesh/Workspace/java-workspace/springbootdemo)
2026-05-24 16:51:08.083 DEBUG [restartedMain] c.e.s.SpringbootdemoApplication - Running with Spring Boot v4.0.6, Spring v7.0.7
2026-05-24 16:51:08.083 INFO  [restartedMain] c.e.s.SpringbootdemoApplication - No active profile set, falling back to 1 default profile: "default"
2026-05-24 16:51:08.454 DEBUG [restartedMain] c.e.s.config.JwtAuthenticationFilter - Filter 'jwtAuthenticationFilter' configured for use
2026-05-24 16:51:08.565 INFO  [restartedMain] c.e.s.SpringbootdemoApplication - Started SpringbootdemoApplication in 0.501 seconds (process running for 12072.489)
2026-05-24 16:51:15.419 INFO  [http-nio-8080-exec-2] c.e.s.c.ArrayExampleController - RestClient API response: [
  {
    "userId": 1,
    "id": 1,
    "title": "sunt aut facere repellat provident occaecati excepturi optio reprehenderit",
    "body": "quia et suscipit\nsuscipit recusandae consequuntur expedita et cum\nreprehenderit molestiae ut ut quas totam\nnostrum rerum est autem sunt rem eveniet architecto"
  },
  {
    "userId": 1,
    "id": 2,
    "title": "qui est esse",
    "body": "est rerum tempore vitae\nsequi sint nihil reprehenderit dolor beatae ea dolores neque\nfugiat blanditiis voluptate porro vel nihil molestiae ut reiciendis\nqui aperiam non debitis possimus qui neque nisi nulla"
  },
  {
    "userId": 1,
    "id": 3,
    "title": "ea molestias quasi exercitationem repellat qui ipsa sit aut",
    "body": "et iusto sed quo iure\nvoluptatem occaecati omnis eligendi aut ad\nvoluptatem doloribus vel accusantium quis pariatur\nmolestiae porro eius odio et labore et velit aut"
  },
  {
    "userId": 1,
    "id": 4,
    "title": "eum et est occaecati",
    "body": "ullam et saepe reiciendis voluptatem adipisci\nsit amet autem assumenda provident rerum culpa\nquis hic commodi nesciunt rem tenetur doloremque ipsam iure\nquis sunt voluptatem rerum illo velit"
  },
  {
    "userId": 1,
    "id": 5,
    "title": "nesciunt quas odio",
    "body": "repudiandae veniam quaerat sunt sed\nalias aut fugiat sit autem sed est\nvoluptatem omnis possimus esse voluptatibus quis\nest aut tenetur dolor neque"
  },
  {
    "userId": 1,
    "id": 6,
    "title": "dolorem eum magni eos aperiam quia",
    "body": "ut aspernatur corporis harum nihil quis provident sequi\nmollitia nobis aliquid molestiae\nperspiciatis et ea nemo ab reprehenderit accusantium quas\nvoluptate dolores velit et doloremque molestiae"
  },
  {
    "userId": 1,
    "id": 7,
    "title": "magnam facilis autem",
    "body": "dolore placeat quibusdam ea quo vitae\nmagni quis enim qui quis quo nemo aut saepe\nquidem repellat excepturi ut quia\nsunt ut sequi eos ea sed quas"
  },
  {
    "userId": 1,
    "id": 8,
    "title": "dolorem dolore est ipsam",
    "body": "dignissimos aperiam dolorem qui eum\nfacilis quibusdam animi sint suscipit qui sint possimus cum\nquaerat magni maiores excepturi\nipsam ut commodi dolor voluptatum modi aut vitae"
  },
  {
    "userId": 1,
    "id": 9,
    "title": "nesciunt iure omnis dolorem tempora et accusantium",
    "body": "consectetur animi nesciunt iure dolore\nenim quia ad\nveniam autem ut quam aut nobis\net est aut quod aut provident voluptas autem voluptas"
  },
  {
    "userId": 1,
    "id": 10,
    "title": "optio molestias id quia eum",
    "body": "quo et expedita modi cum officia vel magni\ndoloribus qui repudiandae\nvero nisi sit\nquos veniam quod sed accusamus veritatis error"
  },
  {
    "userId": 2,
    "id": 11,
    "title": "et ea vero quia laudantium autem",
    "body": "delectus reiciendis molestiae occaecati non minima eveniet qui voluptatibus\naccusamus in eum beatae sit\nvel qui neque voluptates ut commodi qui incidunt\nut animi commodi"
  },
  {
    "userId": 2,
    "id": 12,
    "title": "in quibusdam tempore odit est dolorem",
    "body": "itaque id aut magnam\npraesentium quia et ea odit et ea voluptas et\nsapiente quia nihil amet occaecati quia id voluptatem\nincidunt ea est distinctio odio"
  },
  {
    "userId": 2,
    "id": 13,
    "title": "dolorum ut in voluptas mollitia et saepe quo animi",
    "body": "aut dicta possimus sint mollitia voluptas commodi quo doloremque\niste corrupti reiciendis voluptatem eius rerum\nsit cumque quod eligendi laborum minima\nperferendis recusandae assumenda consectetur porro architecto ipsum ipsam"
  },
  {
    "userId": 2,
    "id": 14,
    "title": "voluptatem eligendi optio",
    "body": "fuga et accusamus dolorum perferendis illo voluptas\nnon doloremque neque facere\nad qui dolorum molestiae beatae\nsed aut voluptas totam sit illum"
  },
  {
    "userId": 2,
    "id": 15,
    "title": "eveniet quod temporibus",
    "body": "reprehenderit quos placeat\nvelit minima officia dolores impedit repudiandae molestiae nam\nvoluptas recusandae quis delectus\nofficiis harum fugiat vitae"
  },
  {
    "userId": 2,
    "id": 16,
    "title": "sint suscipit perspiciatis velit dolorum rerum ipsa laboriosam odio",
    "body": "suscipit nam nisi quo aperiam aut\nasperiores eos fugit maiores voluptatibus quia\nvoluptatem quis ullam qui in alias quia est\nconsequatur magni mollitia accusamus ea nisi voluptate dicta"
  },
  {
    "userId": 2,
    "id": 17,
    "title": "fugit voluptas sed molestias voluptatem provident",
    "body": "eos voluptas et aut odit natus earum\naspernatur fuga molestiae ullam\ndeserunt ratione qui eos\nqui nihil ratione nemo velit ut aut id quo"
  },
  {
    "userId": 2,
    "id": 18,
    "title": "voluptate et itaque vero tempora molestiae",
    "body": "eveniet quo quis\nlaborum totam consequatur non dolor\nut et est repudiandae\nest voluptatem vel debitis et magnam"
  },
  {
    "userId": 2,
    "id": 19,
    "title": "adipisci placeat illum aut reiciendis qui",
    "body": "illum quis cupiditate provident sit magnam\nea sed aut omnis\nveniam maiores ullam consequatur atque\nadipisci quo iste expedita sit quos voluptas"
  },
  {
    "userId": 2,
    "id": 20,
    "title": "doloribus ad provident suscipit at",
    "body": "qui consequuntur ducimus possimus quisquam amet similique\nsuscipit porro ipsam amet\neos veritatis officiis exercitationem vel fugit aut necessitatibus totam\nomnis rerum consequatur expedita quidem cumque explicabo"
  },
  {
    "userId": 3,
    "id": 21,
    "title": "asperiores ea ipsam voluptatibus modi minima quia sint",
    "body": "repellat aliquid praesentium dolorem quo\nsed totam minus non itaque\nnihil labore molestiae sunt dolor eveniet hic recusandae veniam\ntempora et tenetur expedita sunt"
  },
  {
    "userId": 3,
    "id": 22,
    "title": "dolor sint quo a velit explicabo quia nam",
    "body": "eos qui et ipsum ipsam suscipit aut\nsed omnis non odio\nexpedita earum mollitia molestiae aut atque rem suscipit\nnam impedit esse"
  },
  {
    "userId": 3,
    "id": 23,
    "title": "maxime id vitae nihil numquam",
    "body": "veritatis unde neque eligendi\nquae quod architecto quo neque vitae\nest illo sit tempora doloremque fugit quod\net et vel beatae sequi ullam sed tenetur perspiciatis"
  },
  {
    "userId": 3,
    "id": 24,
    "title": "autem hic labore sunt dolores incidunt",
    "body": "enim et ex nulla\nomnis voluptas quia qui\nvoluptatem consequatur numquam aliquam sunt\ntotam recusandae id dignissimos aut sed asperiores deserunt"
  },
  {
    "userId": 3,
    "id": 25,
    "title": "rem alias distinctio quo quis",
    "body": "ullam consequatur ut\nomnis quis sit vel consequuntur\nipsa eligendi ipsum molestiae et omnis error nostrum\nmolestiae illo tempore quia et distinctio"
  },
  {
    "userId": 3,
    "id": 26,
    "title": "est et quae odit qui non",
    "body": "similique esse doloribus nihil accusamus\nomnis dolorem fuga consequuntur reprehenderit fugit recusandae temporibus\nperspiciatis cum ut laudantium\nomnis aut molestiae vel vero"
  },
  {
    "userId": 3,
    "id": 27,
    "title": "quasi id et eos tenetur aut quo autem",
    "body": "eum sed dolores ipsam sint possimus debitis occaecati\ndebitis qui qui et\nut placeat enim earum aut odit facilis\nconsequatur suscipit necessitatibus rerum sed inventore temporibus consequatur"
  },
  {
    "userId": 3,
    "id": 28,
    "title": "delectus ullam et corporis nulla voluptas sequi",
    "body": "non et quaerat ex quae ad maiores\nmaiores recusandae totam aut blanditiis mollitia quas illo\nut voluptatibus voluptatem\nsimilique nostrum eum"
  },
  {
    "userId": 3,
    "id": 29,
    "title": "iusto eius quod necessitatibus culpa ea",
    "body": "odit magnam ut saepe sed non qui\ntempora atque nihil\naccusamus illum doloribus illo dolor\neligendi repudiandae odit magni similique sed cum maiores"
  },
  {
    "userId": 3,
    "id": 30,
    "title": "a quo magni similique perferendis",
    "body": "alias dolor cumque\nimpedit blanditiis non eveniet odio maxime\nblanditiis amet eius quis tempora quia autem rem\na provident perspiciatis quia"
  },
  {
    "userId": 4,
    "id": 31,
    "title": "ullam ut quidem id aut vel consequuntur",
    "body": "debitis eius sed quibusdam non quis consectetur vitae\nimpedit ut qui consequatur sed aut in\nquidem sit nostrum et maiores adipisci atque\nquaerat voluptatem adipisci repudiandae"
  },
  {
    "userId": 4,
    "id": 32,
    "title": "doloremque illum aliquid sunt",
    "body": "deserunt eos nobis asperiores et hic\nest debitis repellat molestiae optio\nnihil ratione ut eos beatae quibusdam distinctio maiores\nearum voluptates et aut adipisci ea maiores voluptas maxime"
  },
  {
    "userId": 4,
    "id": 33,
    "title": "qui explicabo molestiae dolorem",
    "body": "rerum ut et numquam laborum odit est sit\nid qui sint in\nquasi tenetur tempore aperiam et quaerat qui in\nrerum officiis sequi cumque quod"
  },
  {
    "userId": 4,
    "id": 34,
    "title": "magnam ut rerum iure",
    "body": "ea velit perferendis earum ut voluptatem voluptate itaque iusto\ntotam pariatur in\nnemo voluptatem voluptatem autem magni tempora minima in\nest distinctio qui assumenda accusamus dignissimos officia nesciunt nobis"
  },
  {
    "userId": 4,
    "id": 35,
    "title": "id nihil consequatur molestias animi provident",
    "body": "nisi error delectus possimus ut eligendi vitae\nplaceat eos harum cupiditate facilis reprehenderit voluptatem beatae\nmodi ducimus quo illum voluptas eligendi\net nobis quia fugit"
  },
  {
    "userId": 4,
    "id": 36,
    "title": "fuga nam accusamus voluptas reiciendis itaque",
    "body": "ad mollitia et omnis minus architecto odit\nvoluptas doloremque maxime aut non ipsa qui alias veniam\nblanditiis culpa aut quia nihil cumque facere et occaecati\nqui aspernatur quia eaque ut aperiam inventore"
  },
  {
    "userId": 4,
    "id": 37,
    "title": "provident vel ut sit ratione est",
    "body": "debitis et eaque non officia sed nesciunt pariatur vel\nvoluptatem iste vero et ea\nnumquam aut expedita ipsum nulla in\nvoluptates omnis consequatur aut enim officiis in quam qui"
  },
  {
    "userId": 4,
    "id": 38,
    "title": "explicabo et eos deleniti nostrum ab id repellendus",
    "body": "animi esse sit aut sit nesciunt assumenda eum voluptas\nquia voluptatibus provident quia necessitatibus ea\nrerum repudiandae quia voluptatem delectus fugit aut id quia\nratione optio eos iusto veniam iure"
  },
  {
    "userId": 4,
    "id": 39,
    "title": "eos dolorem iste accusantium est eaque quam",
    "body": "corporis rerum ducimus vel eum accusantium\nmaxime aspernatur a porro possimus iste omnis\nest in deleniti asperiores fuga aut\nvoluptas sapiente vel dolore minus voluptatem incidunt ex"
  },
  {
    "userId": 4,
    "id": 40,
    "title": "enim quo cumque",
    "body": "ut voluptatum aliquid illo tenetur nemo sequi quo facilis\nipsum rem optio mollitia quas\nvoluptatem eum voluptas qui\nunde omnis voluptatem iure quasi maxime voluptas nam"
  },
  {
    "userId": 5,
    "id": 41,
    "title": "non est facere",
    "body": "molestias id nostrum\nexcepturi molestiae dolore omnis repellendus quaerat saepe\nconsectetur iste quaerat tenetur asperiores accusamus ex ut\nnam quidem est ducimus sunt debitis saepe"
  },
  {
    "userId": 5,
    "id": 42,
    "title": "commodi ullam sint et excepturi error explicabo praesentium voluptas",
    "body": "odio fugit voluptatum ducimus earum autem est incidunt voluptatem\nodit reiciendis aliquam sunt sequi nulla dolorem\nnon facere repellendus voluptates quia\nratione harum vitae ut"
  },
  {
    "userId": 5,
    "id": 43,
    "title": "eligendi iste nostrum consequuntur adipisci praesentium sit beatae perferendis",
    "body": "similique fugit est\nillum et dolorum harum et voluptate eaque quidem\nexercitationem quos nam commodi possimus cum odio nihil nulla\ndolorum exercitationem magnam ex et a et distinctio debitis"
  },
  {
    "userId": 5,
    "id": 44,
    "title": "optio dolor molestias sit",
    "body": "temporibus est consectetur dolore\net libero debitis vel velit laboriosam quia\nipsum quibusdam qui itaque fuga rem aut\nea et iure quam sed maxime ut distinctio quae"
  },
  {
    "userId": 5,
    "id": 45,
    "title": "ut numquam possimus omnis eius suscipit laudantium iure",
    "body": "est natus reiciendis nihil possimus aut provident\nex et dolor\nrepellat pariatur est\nnobis rerum repellendus dolorem autem"
  },
  {
    "userId": 5,
    "id": 46,
    "title": "aut quo modi neque nostrum ducimus",
    "body": "voluptatem quisquam iste\nvoluptatibus natus officiis facilis dolorem\nquis quas ipsam\nvel et voluptatum in aliquid"
  },
  {
    "userId": 5,
    "id": 47,
    "title": "quibusdam cumque rem aut deserunt",
    "body": "voluptatem assumenda ut qui ut cupiditate aut impedit veniam\noccaecati nemo illum voluptatem laudantium\nmolestiae beatae rerum ea iure soluta nostrum\neligendi et voluptate"
  },
  {
    "userId": 5,
    "id": 48,
    "title": "ut voluptatem illum ea doloribus itaque eos",
    "body": "voluptates quo voluptatem facilis iure occaecati\nvel assumenda rerum officia et\nillum perspiciatis ab deleniti\nlaudantium repellat ad ut et autem reprehenderit"
  },
  {
    "userId": 5,
    "id": 49,
    "title": "laborum non sunt aut ut assumenda perspiciatis voluptas",
    "body": "inventore ab sint\nnatus fugit id nulla sequi architecto nihil quaerat\neos tenetur in in eum veritatis non\nquibusdam officiis aspernatur cumque aut commodi aut"
  },
  {
    "userId": 5,
    "id": 50,
    "title": "repellendus qui recusandae incidunt voluptates tenetur qui omnis exercitationem",
    "body": "error suscipit maxime adipisci consequuntur recusandae\nvoluptas eligendi et est et voluptates\nquia distinctio ab amet quaerat molestiae et vitae\nadipisci impedit sequi nesciunt quis consectetur"
  },
  {
    "userId": 6,
    "id": 51,
    "title": "soluta aliquam aperiam consequatur illo quis voluptas",
    "body": "sunt dolores aut doloribus\ndolore doloribus voluptates tempora et\ndoloremque et quo\ncum asperiores sit consectetur dolorem"
  },
  {
    "userId": 6,
    "id": 52,
    "title": "qui enim et consequuntur quia animi quis voluptate quibusdam",
    "body": "iusto est quibusdam fuga quas quaerat molestias\na enim ut sit accusamus enim\ntemporibus iusto accusantium provident architecto\nsoluta esse reprehenderit qui laborum"
  },
  {
    "userId": 6,
    "id": 53,
    "title": "ut quo aut ducimus alias",
    "body": "minima harum praesentium eum rerum illo dolore\nquasi exercitationem rerum nam\nporro quis neque quo\nconsequatur minus dolor quidem veritatis sunt non explicabo similique"
  },
  {
    "userId": 6,
    "id": 54,
    "title": "sit asperiores ipsam eveniet odio non quia",
    "body": "totam corporis dignissimos\nvitae dolorem ut occaecati accusamus\nex velit deserunt\net exercitationem vero incidunt corrupti mollitia"
  },
  {
    "userId": 6,
    "id": 55,
    "title": "sit vel voluptatem et non libero",
    "body": "debitis excepturi ea perferendis harum libero optio\neos accusamus cum fuga ut sapiente repudiandae\net ut incidunt omnis molestiae\nnihil ut eum odit"
  },
  {
    "userId": 6,
    "id": 56,
    "title": "qui et at rerum necessitatibus",
    "body": "aut est omnis dolores\nneque rerum quod ea rerum velit pariatur beatae excepturi\net provident voluptas corrupti\ncorporis harum reprehenderit dolores eligendi"
  },
  {
    "userId": 6,
    "id": 57,
    "title": "sed ab est est",
    "body": "at pariatur consequuntur earum quidem\nquo est laudantium soluta voluptatem\nqui ullam et est\net cum voluptas voluptatum repellat est"
  },
  {
    "userId": 6,
    "id": 58,
    "title": "voluptatum itaque dolores nisi et quasi",
    "body": "veniam voluptatum quae adipisci id\net id quia eos ad et dolorem\naliquam quo nisi sunt eos impedit error\nad similique veniam"
  },
  {
    "userId": 6,
    "id": 59,
    "title": "qui commodi dolor at maiores et quis id accusantium",
    "body": "perspiciatis et quam ea autem temporibus non voluptatibus qui\nbeatae a earum officia nesciunt dolores suscipit voluptas et\nanimi doloribus cum rerum quas et magni\net hic ut ut commodi expedita sunt"
  },
  {
    "userId": 6,
    "id": 60,
    "title": "consequatur placeat omnis quisquam quia reprehenderit fugit veritatis facere",
    "body": "asperiores sunt ab assumenda cumque modi velit\nqui esse omnis\nvoluptate et fuga perferendis voluptas\nillo ratione amet aut et omnis"
  },
  {
    "userId": 7,
    "id": 61,
    "title": "voluptatem doloribus consectetur est ut ducimus",
    "body": "ab nemo optio odio\ndelectus tenetur corporis similique nobis repellendus rerum omnis facilis\nvero blanditiis debitis in nesciunt doloribus dicta dolores\nmagnam minus velit"
  },
  {
    "userId": 7,
    "id": 62,
    "title": "beatae enim quia vel",
    "body": "enim aspernatur illo distinctio quae praesentium\nbeatae alias amet delectus qui voluptate distinctio\nodit sint accusantium autem omnis\nquo molestiae omnis ea eveniet optio"
  },
  {
    "userId": 7,
    "id": 63,
    "title": "voluptas blanditiis repellendus animi ducimus error sapiente et suscipit",
    "body": "enim adipisci aspernatur nemo\nnumquam omnis facere dolorem dolor ex quis temporibus incidunt\nab delectus culpa quo reprehenderit blanditiis asperiores\naccusantium ut quam in voluptatibus voluptas ipsam dicta"
  },
  {
    "userId": 7,
    "id": 64,
    "title": "et fugit quas eum in in aperiam quod",
    "body": "id velit blanditiis\neum ea voluptatem\nmolestiae sint occaecati est eos perspiciatis\nincidunt a error provident eaque aut aut qui"
  },
  {
    "userId": 7,
    "id": 65,
    "title": "consequatur id enim sunt et et",
    "body": "voluptatibus ex esse\nsint explicabo est aliquid cumque adipisci fuga repellat labore\nmolestiae corrupti ex saepe at asperiores et perferendis\nnatus id esse incidunt pariatur"
  },
  {
    "userId": 7,
    "id": 66,
    "title": "repudiandae ea animi iusto",
    "body": "officia veritatis tenetur vero qui itaque\nsint non ratione\nsed et ut asperiores iusto eos molestiae nostrum\nveritatis quibusdam et nemo iusto saepe"
  },
  {
    "userId": 7,
    "id": 67,
    "title": "aliquid eos sed fuga est maxime repellendus",
    "body": "reprehenderit id nostrum\nvoluptas doloremque pariatur sint et accusantium quia quod aspernatur\net fugiat amet\nnon sapiente et consequatur necessitatibus molestiae"
  },
  {
    "userId": 7,
    "id": 68,
    "title": "odio quis facere architecto reiciendis optio",
    "body": "magnam molestiae perferendis quisquam\nqui cum reiciendis\nquaerat animi amet hic inventore\nea quia deleniti quidem saepe porro velit"
  },
  {
    "userId": 7,
    "id": 69,
    "title": "fugiat quod pariatur odit minima",
    "body": "officiis error culpa consequatur modi asperiores et\ndolorum assumenda voluptas et vel qui aut vel rerum\nvoluptatum quisquam perspiciatis quia rerum consequatur totam quas\nsequi commodi repudiandae asperiores et saepe a"
  },
  {
    "userId": 7,
    "id": 70,
    "title": "voluptatem laborum magni",
    "body": "sunt repellendus quae\nest asperiores aut deleniti esse accusamus repellendus quia aut\nquia dolorem unde\neum tempora esse dolore"
  },
  {
    "userId": 8,
    "id": 71,
    "title": "et iusto veniam et illum aut fuga",
    "body": "occaecati a doloribus\niste saepe consectetur placeat eum voluptate dolorem et\nqui quo quia voluptas\nrerum ut id enim velit est perferendis"
  },
  {
    "userId": 8,
    "id": 72,
    "title": "sint hic doloribus consequatur eos non id",
    "body": "quam occaecati qui deleniti consectetur\nconsequatur aut facere quas exercitationem aliquam hic voluptas\nneque id sunt ut aut accusamus\nsunt consectetur expedita inventore velit"
  },
  {
    "userId": 8,
    "id": 73,
    "title": "consequuntur deleniti eos quia temporibus ab aliquid at",
    "body": "voluptatem cumque tenetur consequatur expedita ipsum nemo quia explicabo\naut eum minima consequatur\ntempore cumque quae est et\net in consequuntur voluptatem voluptates aut"
  },
  {
    "userId": 8,
    "id": 74,
    "title": "enim unde ratione doloribus quas enim ut sit sapiente",
    "body": "odit qui et et necessitatibus sint veniam\nmollitia amet doloremque molestiae commodi similique magnam et quam\nblanditiis est itaque\nquo et tenetur ratione occaecati molestiae tempora"
  },
  {
    "userId": 8,
    "id": 75,
    "title": "dignissimos eum dolor ut enim et delectus in",
    "body": "commodi non non omnis et voluptas sit\nautem aut nobis magnam et sapiente voluptatem\net laborum repellat qui delectus facilis temporibus\nrerum amet et nemo voluptate expedita adipisci error dolorem"
  },
  {
    "userId": 8,
    "id": 76,
    "title": "doloremque officiis ad et non perferendis",
    "body": "ut animi facere\ntotam iusto tempore\nmolestiae eum aut et dolorem aperiam\nquaerat recusandae totam odio"
  },
  {
    "userId": 8,
    "id": 77,
    "title": "necessitatibus quasi exercitationem odio",
    "body": "modi ut in nulla repudiandae dolorum nostrum eos\naut consequatur omnis\nut incidunt est omnis iste et quam\nvoluptates sapiente aliquam asperiores nobis amet corrupti repudiandae provident"
  },
  {
    "userId": 8,
    "id": 78,
    "title": "quam voluptatibus rerum veritatis",
    "body": "nobis facilis odit tempore cupiditate quia\nassumenda doloribus rerum qui ea\nillum et qui totam\naut veniam repellendus"
  },
  {
    "userId": 8,
    "id": 79,
    "title": "pariatur consequatur quia magnam autem omnis non amet",
    "body": "libero accusantium et et facere incidunt sit dolorem\nnon excepturi qui quia sed laudantium\nquisquam molestiae ducimus est\nofficiis esse molestiae iste et quos"
  },
  {
    "userId": 8,
    "id": 80,
    "title": "labore in ex et explicabo corporis aut quas",
    "body": "ex quod dolorem ea eum iure qui provident amet\nquia qui facere excepturi et repudiandae\nasperiores molestias provident\nminus incidunt vero fugit rerum sint sunt excepturi provident"
  },
  {
    "userId": 9,
    "id": 81,
    "title": "tempora rem veritatis voluptas quo dolores vero",
    "body": "facere qui nesciunt est voluptatum voluptatem nisi\nsequi eligendi necessitatibus ea at rerum itaque\nharum non ratione velit laboriosam quis consequuntur\nex officiis minima doloremque voluptas ut aut"
  },
  {
    "userId": 9,
    "id": 82,
    "title": "laudantium voluptate suscipit sunt enim enim",
    "body": "ut libero sit aut totam inventore sunt\nporro sint qui sunt molestiae\nconsequatur cupiditate qui iste ducimus adipisci\ndolor enim assumenda soluta laboriosam amet iste delectus hic"
  },
  {
    "userId": 9,
    "id": 83,
    "title": "odit et voluptates doloribus alias odio et",
    "body": "est molestiae facilis quis tempora numquam nihil qui\nvoluptate sapiente consequatur est qui\nnecessitatibus autem aut ipsa aperiam modi dolore numquam\nreprehenderit eius rem quibusdam"
  },
  {
    "userId": 9,
    "id": 84,
    "title": "optio ipsam molestias necessitatibus occaecati facilis veritatis dolores aut",
    "body": "sint molestiae magni a et quos\neaque et quasi\nut rerum debitis similique veniam\nrecusandae dignissimos dolor incidunt consequatur odio"
  },
  {
    "userId": 9,
    "id": 85,
    "title": "dolore veritatis porro provident adipisci blanditiis et sunt",
    "body": "similique sed nisi voluptas iusto omnis\nmollitia et quo\nassumenda suscipit officia magnam sint sed tempora\nenim provident pariatur praesentium atque animi amet ratione"
  },
  {
    "userId": 9,
    "id": 86,
    "title": "placeat quia et porro iste",
    "body": "quasi excepturi consequatur iste autem temporibus sed molestiae beatae\net quaerat et esse ut\nvoluptatem occaecati et vel explicabo autem\nasperiores pariatur deserunt optio"
  },
  {
    "userId": 9,
    "id": 87,
    "title": "nostrum quis quasi placeat",
    "body": "eos et molestiae\nnesciunt ut a\ndolores perspiciatis repellendus repellat aliquid\nmagnam sint rem ipsum est"
  },
  {
    "userId": 9,
    "id": 88,
    "title": "sapiente omnis fugit eos",
    "body": "consequatur omnis est praesentium\nducimus non iste\nneque hic deserunt\nvoluptatibus veniam cum et rerum sed"
  },
  {
    "userId": 9,
    "id": 89,
    "title": "sint soluta et vel magnam aut ut sed qui",
    "body": "repellat aut aperiam totam temporibus autem et\narchitecto magnam ut\nconsequatur qui cupiditate rerum quia soluta dignissimos nihil iure\ntempore quas est"
  },
  {
    "userId": 9,
    "id": 90,
    "title": "ad iusto omnis odit dolor voluptatibus",
    "body": "minus omnis soluta quia\nqui sed adipisci voluptates illum ipsam voluptatem\neligendi officia ut in\neos soluta similique molestias praesentium blanditiis"
  },
  {
    "userId": 10,
    "id": 91,
    "title": "aut amet sed",
    "body": "libero voluptate eveniet aperiam sed\nsunt placeat suscipit molestias\nsimilique fugit nam natus\nexpedita consequatur consequatur dolores quia eos et placeat"
  },
  {
    "userId": 10,
    "id": 92,
    "title": "ratione ex tenetur perferendis",
    "body": "aut et excepturi dicta laudantium sint rerum nihil\nlaudantium et at\na neque minima officia et similique libero et\ncommodi voluptate qui"
  },
  {
    "userId": 10,
    "id": 93,
    "title": "beatae soluta recusandae",
    "body": "dolorem quibusdam ducimus consequuntur dicta aut quo laboriosam\nvoluptatem quis enim recusandae ut sed sunt\nnostrum est odit totam\nsit error sed sunt eveniet provident qui nulla"
  },
  {
    "userId": 10,
    "id": 94,
    "title": "qui qui voluptates illo iste minima",
    "body": "aspernatur expedita soluta quo ab ut similique\nexpedita dolores amet\nsed temporibus distinctio magnam saepe deleniti\nomnis facilis nam ipsum natus sint similique omnis"
  },
  {
    "userId": 10,
    "id": 95,
    "title": "id minus libero illum nam ad officiis",
    "body": "earum voluptatem facere provident blanditiis velit laboriosam\npariatur accusamus odio saepe\ncumque dolor qui a dicta ab doloribus consequatur omnis\ncorporis cupiditate eaque assumenda ad nesciunt"
  },
  {
    "userId": 10,
    "id": 96,
    "title": "quaerat velit veniam amet cupiditate aut numquam ut sequi",
    "body": "in non odio excepturi sint eum\nlabore voluptates vitae quia qui et\ninventore itaque rerum\nveniam non exercitationem delectus aut"
  },
  {
    "userId": 10,
    "id": 97,
    "title": "quas fugiat ut perspiciatis vero provident",
    "body": "eum non blanditiis soluta porro quibusdam voluptas\nvel voluptatem qui placeat dolores qui velit aut\nvel inventore aut cumque culpa explicabo aliquid at\nperspiciatis est et voluptatem dignissimos dolor itaque sit nam"
  },
  {
    "userId": 10,
    "id": 98,
    "title": "laboriosam dolor voluptates",
    "body": "doloremque ex facilis sit sint culpa\nsoluta assumenda eligendi non ut eius\nsequi ducimus vel quasi\nveritatis est dolores"
  },
  {
    "userId": 10,
    "id": 99,
    "title": "temporibus sit alias delectus eligendi possimus magni",
    "body": "quo deleniti praesentium dicta non quod\naut est molestias\nmolestias et officia quis nihil\nitaque dolorem quia"
  },
  {
    "userId": 10,
    "id": 100,
    "title": "at nam consequatur ea labore ea harum",
    "body": "cupiditate quo est a modi nesciunt soluta\nipsa voluptas error itaque dicta in\nautem qui minus magnam et distinctio eum\naccusamus ratione error aut"
  }
]
2026-05-24 17:14:43.139 INFO  [restartedMain] c.e.s.SpringbootdemoApplication - Starting SpringbootdemoApplication using Java 21.0.5 with PID 27505 (/Users/rajesh/Workspace/java-workspace/springbootdemo/target/classes started by rajesh in /Users/rajesh/Workspace/java-workspace/springbootdemo)
2026-05-24 17:14:43.139 DEBUG [restartedMain] c.e.s.SpringbootdemoApplication - Running with Spring Boot v4.0.6, Spring v7.0.7
2026-05-24 17:14:43.139 INFO  [restartedMain] c.e.s.SpringbootdemoApplication - No active profile set, falling back to 1 default profile: "default"
2026-05-24 17:14:43.675 DEBUG [restartedMain] c.e.s.config.JwtAuthenticationFilter - Filter 'jwtAuthenticationFilter' configured for use
2026-05-24 17:14:45.277 INFO  [restartedMain] c.e.s.SpringbootdemoApplication - Starting SpringbootdemoApplication using Java 21.0.5 with PID 27505 (/Users/rajesh/Workspace/java-workspace/springbootdemo/target/classes started by rajesh in /Users/rajesh/Workspace/java-workspace/springbootdemo)
2026-05-24 17:14:45.278 DEBUG [restartedMain] c.e.s.SpringbootdemoApplication - Running with Spring Boot v4.0.6, Spring v7.0.7
2026-05-24 17:14:45.278 INFO  [restartedMain] c.e.s.SpringbootdemoApplication - No active profile set, falling back to 1 default profile: "default"
2026-05-24 17:14:45.722 DEBUG [restartedMain] c.e.s.config.JwtAuthenticationFilter - Filter 'jwtAuthenticationFilter' configured for use
2026-05-24 17:14:49.314 INFO  [restartedMain] c.e.s.SpringbootdemoApplication - Starting SpringbootdemoApplication using Java 21.0.5 with PID 27505 (/Users/rajesh/Workspace/java-workspace/springbootdemo/target/classes started by rajesh in /Users/rajesh/Workspace/java-workspace/springbootdemo)
2026-05-24 17:14:49.314 DEBUG [restartedMain] c.e.s.SpringbootdemoApplication - Running with Spring Boot v4.0.6, Spring v7.0.7
2026-05-24 17:14:49.314 INFO  [restartedMain] c.e.s.SpringbootdemoApplication - No active profile set, falling back to 1 default profile: "default"
2026-05-24 17:14:49.613 DEBUG [restartedMain] c.e.s.config.JwtAuthenticationFilter - Filter 'jwtAuthenticationFilter' configured for use
2026-05-24 17:14:51.179 INFO  [restartedMain] c.e.s.SpringbootdemoApplication - Starting SpringbootdemoApplication using Java 21.0.5 with PID 27505 (/Users/rajesh/Workspace/java-workspace/springbootdemo/target/classes started by rajesh in /Users/rajesh/Workspace/java-workspace/springbootdemo)
2026-05-24 17:14:51.179 DEBUG [restartedMain] c.e.s.SpringbootdemoApplication - Running with Spring Boot v4.0.6, Spring v7.0.7
2026-05-24 17:14:51.179 INFO  [restartedMain] c.e.s.SpringbootdemoApplication - No active profile set, falling back to 1 default profile: "default"
2026-05-24 17:14:51.399 DEBUG [restartedMain] c.e.s.config.JwtAuthenticationFilter - Filter 'jwtAuthenticationFilter' configured for use
2026-05-24 17:15:55.441 INFO  [restartedMain] c.e.s.SpringbootdemoApplication - Starting SpringbootdemoApplication using Java 21.0.5 with PID 27505 (/Users/rajesh/Workspace/java-workspace/springbootdemo/target/classes started by rajesh in /Users/rajesh/Workspace/java-workspace/springbootdemo)
2026-05-24 17:15:55.441 DEBUG [restartedMain] c.e.s.SpringbootdemoApplication - Running with Spring Boot v4.0.6, Spring v7.0.7
2026-05-24 17:15:55.441 INFO  [restartedMain] c.e.s.SpringbootdemoApplication - No active profile set, falling back to 1 default profile: "default"
2026-05-24 17:15:55.753 DEBUG [restartedMain] c.e.s.config.JwtAuthenticationFilter - Filter 'jwtAuthenticationFilter' configured for use
2026-05-24 17:16:09.381 INFO  [restartedMain] c.e.s.SpringbootdemoApplication - Starting SpringbootdemoApplication using Java 21.0.5 with PID 27505 (/Users/rajesh/Workspace/java-workspace/springbootdemo/target/classes started by rajesh in /Users/rajesh/Workspace/java-workspace/springbootdemo)
2026-05-24 17:16:09.381 DEBUG [restartedMain] c.e.s.SpringbootdemoApplication - Running with Spring Boot v4.0.6, Spring v7.0.7
2026-05-24 17:16:09.381 INFO  [restartedMain] c.e.s.SpringbootdemoApplication - No active profile set, falling back to 1 default profile: "default"
2026-05-24 17:16:09.743 DEBUG [restartedMain] c.e.s.config.JwtAuthenticationFilter - Filter 'jwtAuthenticationFilter' configured for use
2026-05-24 17:16:09.847 INFO  [restartedMain] c.e.s.SpringbootdemoApplication - Started SpringbootdemoApplication in 0.484 seconds (process running for 13452.778)
2026-05-24 17:16:11.702 INFO  [restartedMain] c.e.s.SpringbootdemoApplication - Starting SpringbootdemoApplication using Java 21.0.5 with PID 27505 (/Users/rajesh/Workspace/java-workspace/springbootdemo/target/classes started by rajesh in /Users/rajesh/Workspace/java-workspace/springbootdemo)
2026-05-24 17:16:11.702 DEBUG [restartedMain] c.e.s.SpringbootdemoApplication - Running with Spring Boot v4.0.6, Spring v7.0.7
2026-05-24 17:16:11.702 INFO  [restartedMain] c.e.s.SpringbootdemoApplication - No active profile set, falling back to 1 default profile: "default"
2026-05-24 17:16:11.884 DEBUG [restartedMain] c.e.s.config.JwtAuthenticationFilter - Filter 'jwtAuthenticationFilter' configured for use
2026-05-24 17:16:11.984 INFO  [restartedMain] c.e.s.SpringbootdemoApplication - Started SpringbootdemoApplication in 0.29 seconds (process running for 13454.915)
2026-05-24 17:16:30.647 INFO  [restartedMain] c.e.s.SpringbootdemoApplication - Starting SpringbootdemoApplication using Java 21.0.5 with PID 27505 (/Users/rajesh/Workspace/java-workspace/springbootdemo/target/classes started by rajesh in /Users/rajesh/Workspace/java-workspace/springbootdemo)
2026-05-24 17:16:30.647 DEBUG [restartedMain] c.e.s.SpringbootdemoApplication - Running with Spring Boot v4.0.6, Spring v7.0.7
2026-05-24 17:16:30.647 INFO  [restartedMain] c.e.s.SpringbootdemoApplication - No active profile set, falling back to 1 default profile: "default"
2026-05-24 17:16:30.883 DEBUG [restartedMain] c.e.s.config.JwtAuthenticationFilter - Filter 'jwtAuthenticationFilter' configured for use
2026-05-24 17:16:30.981 INFO  [restartedMain] c.e.s.SpringbootdemoApplication - Started SpringbootdemoApplication in 0.345 seconds (process running for 13473.912)
2026-05-24 17:17:58.193 INFO  [restartedMain] c.e.s.SpringbootdemoApplication - Starting SpringbootdemoApplication using Java 21.0.5 with PID 27505 (/Users/rajesh/Workspace/java-workspace/springbootdemo/target/classes started by rajesh in /Users/rajesh/Workspace/java-workspace/springbootdemo)
2026-05-24 17:17:58.193 DEBUG [restartedMain] c.e.s.SpringbootdemoApplication - Running with Spring Boot v4.0.6, Spring v7.0.7
2026-05-24 17:17:58.193 INFO  [restartedMain] c.e.s.SpringbootdemoApplication - No active profile set, falling back to 1 default profile: "default"
2026-05-24 17:17:58.509 DEBUG [restartedMain] c.e.s.config.JwtAuthenticationFilter - Filter 'jwtAuthenticationFilter' configured for use
2026-05-24 17:17:58.612 INFO  [restartedMain] c.e.s.SpringbootdemoApplication - Started SpringbootdemoApplication in 0.432 seconds (process running for 13561.542)
2026-05-24 17:18:16.272 INFO  [restartedMain] c.e.s.SpringbootdemoApplication - Starting SpringbootdemoApplication using Java 21.0.5 with PID 27505 (/Users/rajesh/Workspace/java-workspace/springbootdemo/target/classes started by rajesh in /Users/rajesh/Workspace/java-workspace/springbootdemo)
2026-05-24 17:18:16.273 DEBUG [restartedMain] c.e.s.SpringbootdemoApplication - Running with Spring Boot v4.0.6, Spring v7.0.7
2026-05-24 17:18:16.273 INFO  [restartedMain] c.e.s.SpringbootdemoApplication - No active profile set, falling back to 1 default profile: "default"
2026-05-24 17:18:16.488 DEBUG [restartedMain] c.e.s.config.JwtAuthenticationFilter - Filter 'jwtAuthenticationFilter' configured for use
2026-05-24 17:18:16.752 INFO  [restartedMain] c.e.s.SpringbootdemoApplication - Started SpringbootdemoApplication in 0.494 seconds (process running for 13579.682)
2026-05-24 17:18:18.246 INFO  [restartedMain] c.e.s.SpringbootdemoApplication - Starting SpringbootdemoApplication using Java 21.0.5 with PID 27505 (/Users/rajesh/Workspace/java-workspace/springbootdemo/target/classes started by rajesh in /Users/rajesh/Workspace/java-workspace/springbootdemo)
2026-05-24 17:18:18.246 DEBUG [restartedMain] c.e.s.SpringbootdemoApplication - Running with Spring Boot v4.0.6, Spring v7.0.7
2026-05-24 17:18:18.246 INFO  [restartedMain] c.e.s.SpringbootdemoApplication - No active profile set, falling back to 1 default profile: "default"
2026-05-24 17:18:18.451 DEBUG [restartedMain] c.e.s.config.JwtAuthenticationFilter - Filter 'jwtAuthenticationFilter' configured for use
2026-05-24 17:18:18.600 INFO  [restartedMain] c.e.s.SpringbootdemoApplication - Started SpringbootdemoApplication in 0.365 seconds (process running for 13581.531)
2026-05-24 17:18:23.146 INFO  [restartedMain] c.e.s.SpringbootdemoApplication - Starting SpringbootdemoApplication using Java 21.0.5 with PID 27505 (/Users/rajesh/Workspace/java-workspace/springbootdemo/target/classes started by rajesh in /Users/rajesh/Workspace/java-workspace/springbootdemo)
2026-05-24 17:18:23.146 DEBUG [restartedMain] c.e.s.SpringbootdemoApplication - Running with Spring Boot v4.0.6, Spring v7.0.7
2026-05-24 17:18:23.146 INFO  [restartedMain] c.e.s.SpringbootdemoApplication - No active profile set, falling back to 1 default profile: "default"
2026-05-24 17:18:23.356 DEBUG [restartedMain] c.e.s.config.JwtAuthenticationFilter - Filter 'jwtAuthenticationFilter' configured for use
2026-05-24 17:18:23.457 INFO  [restartedMain] c.e.s.SpringbootdemoApplication - Started SpringbootdemoApplication in 0.322 seconds (process running for 13586.388)
2026-05-24 17:18:26.994 INFO  [restartedMain] c.e.s.SpringbootdemoApplication - Starting SpringbootdemoApplication using Java 21.0.5 with PID 27505 (/Users/rajesh/Workspace/java-workspace/springbootdemo/target/classes started by rajesh in /Users/rajesh/Workspace/java-workspace/springbootdemo)
2026-05-24 17:18:26.994 DEBUG [restartedMain] c.e.s.SpringbootdemoApplication - Running with Spring Boot v4.0.6, Spring v7.0.7
2026-05-24 17:18:26.994 INFO  [restartedMain] c.e.s.SpringbootdemoApplication - No active profile set, falling back to 1 default profile: "default"
2026-05-24 17:18:27.209 DEBUG [restartedMain] c.e.s.config.JwtAuthenticationFilter - Filter 'jwtAuthenticationFilter' configured for use
2026-05-24 17:18:27.378 INFO  [restartedMain] c.e.s.SpringbootdemoApplication - Started SpringbootdemoApplication in 0.396 seconds (process running for 13590.309)
2026-05-24 17:18:28.865 INFO  [restartedMain] c.e.s.SpringbootdemoApplication - Starting SpringbootdemoApplication using Java 21.0.5 with PID 27505 (/Users/rajesh/Workspace/java-workspace/springbootdemo/target/classes started by rajesh in /Users/rajesh/Workspace/java-workspace/springbootdemo)
2026-05-24 17:18:28.865 DEBUG [restartedMain] c.e.s.SpringbootdemoApplication - Running with Spring Boot v4.0.6, Spring v7.0.7
2026-05-24 17:18:28.865 INFO  [restartedMain] c.e.s.SpringbootdemoApplication - No active profile set, falling back to 1 default profile: "default"
2026-05-24 17:18:29.064 DEBUG [restartedMain] c.e.s.config.JwtAuthenticationFilter - Filter 'jwtAuthenticationFilter' configured for use
2026-05-24 17:18:29.167 INFO  [restartedMain] c.e.s.SpringbootdemoApplication - Started SpringbootdemoApplication in 0.312 seconds (process running for 13592.098)
2026-05-24 17:18:30.624 INFO  [restartedMain] c.e.s.SpringbootdemoApplication - Starting SpringbootdemoApplication using Java 21.0.5 with PID 27505 (/Users/rajesh/Workspace/java-workspace/springbootdemo/target/classes started by rajesh in /Users/rajesh/Workspace/java-workspace/springbootdemo)
2026-05-24 17:18:30.624 DEBUG [restartedMain] c.e.s.SpringbootdemoApplication - Running with Spring Boot v4.0.6, Spring v7.0.7
2026-05-24 17:18:30.624 INFO  [restartedMain] c.e.s.SpringbootdemoApplication - No active profile set, falling back to 1 default profile: "default"
2026-05-24 17:18:30.810 DEBUG [restartedMain] c.e.s.config.JwtAuthenticationFilter - Filter 'jwtAuthenticationFilter' configured for use
2026-05-24 17:18:30.903 INFO  [restartedMain] c.e.s.SpringbootdemoApplication - Started SpringbootdemoApplication in 0.289 seconds (process running for 13593.834)
2026-05-24 17:19:22.784 INFO  [restartedMain] c.e.s.SpringbootdemoApplication - Starting SpringbootdemoApplication using Java 21.0.5 with PID 27505 (/Users/rajesh/Workspace/java-workspace/springbootdemo/target/classes started by rajesh in /Users/rajesh/Workspace/java-workspace/springbootdemo)
2026-05-24 17:19:22.784 DEBUG [restartedMain] c.e.s.SpringbootdemoApplication - Running with Spring Boot v4.0.6, Spring v7.0.7
2026-05-24 17:19:22.784 INFO  [restartedMain] c.e.s.SpringbootdemoApplication - No active profile set, falling back to 1 default profile: "default"
2026-05-24 17:19:23.135 DEBUG [restartedMain] c.e.s.config.JwtAuthenticationFilter - Filter 'jwtAuthenticationFilter' configured for use
2026-05-24 17:19:23.237 INFO  [restartedMain] c.e.s.SpringbootdemoApplication - Started SpringbootdemoApplication in 0.464 seconds (process running for 13646.168)
2026-05-24 17:19:29.231 INFO  [restartedMain] c.e.s.SpringbootdemoApplication - Starting SpringbootdemoApplication using Java 21.0.5 with PID 27505 (/Users/rajesh/Workspace/java-workspace/springbootdemo/target/classes started by rajesh in /Users/rajesh/Workspace/java-workspace/springbootdemo)
2026-05-24 17:19:29.231 DEBUG [restartedMain] c.e.s.SpringbootdemoApplication - Running with Spring Boot v4.0.6, Spring v7.0.7
2026-05-24 17:19:29.231 INFO  [restartedMain] c.e.s.SpringbootdemoApplication - No active profile set, falling back to 1 default profile: "default"
2026-05-24 17:19:29.448 DEBUG [restartedMain] c.e.s.config.JwtAuthenticationFilter - Filter 'jwtAuthenticationFilter' configured for use
2026-05-24 17:19:29.595 INFO  [restartedMain] c.e.s.SpringbootdemoApplication - Started SpringbootdemoApplication in 0.374 seconds (process running for 13652.525)
2026-05-24 17:19:31.137 INFO  [restartedMain] c.e.s.SpringbootdemoApplication - Starting SpringbootdemoApplication using Java 21.0.5 with PID 27505 (/Users/rajesh/Workspace/java-workspace/springbootdemo/target/classes started by rajesh in /Users/rajesh/Workspace/java-workspace/springbootdemo)
2026-05-24 17:19:31.137 DEBUG [restartedMain] c.e.s.SpringbootdemoApplication - Running with Spring Boot v4.0.6, Spring v7.0.7
2026-05-24 17:19:31.137 INFO  [restartedMain] c.e.s.SpringbootdemoApplication - No active profile set, falling back to 1 default profile: "default"
2026-05-24 17:19:31.331 DEBUG [restartedMain] c.e.s.config.JwtAuthenticationFilter - Filter 'jwtAuthenticationFilter' configured for use
2026-05-24 17:19:31.429 INFO  [restartedMain] c.e.s.SpringbootdemoApplication - Started SpringbootdemoApplication in 0.302 seconds (process running for 13654.36)
2026-05-24 17:19:36.674 INFO  [restartedMain] c.e.s.SpringbootdemoApplication - Starting SpringbootdemoApplication using Java 21.0.5 with PID 27505 (/Users/rajesh/Workspace/java-workspace/springbootdemo/target/classes started by rajesh in /Users/rajesh/Workspace/java-workspace/springbootdemo)
2026-05-24 17:19:36.674 DEBUG [restartedMain] c.e.s.SpringbootdemoApplication - Running with Spring Boot v4.0.6, Spring v7.0.7
2026-05-24 17:19:36.674 INFO  [restartedMain] c.e.s.SpringbootdemoApplication - No active profile set, falling back to 1 default profile: "default"
2026-05-24 17:19:36.963 DEBUG [restartedMain] c.e.s.config.JwtAuthenticationFilter - Filter 'jwtAuthenticationFilter' configured for use
2026-05-24 17:19:37.067 INFO  [restartedMain] c.e.s.SpringbootdemoApplication - Started SpringbootdemoApplication in 0.409 seconds (process running for 13659.998)
2026-05-24 17:19:51.770 INFO  [restartedMain] c.e.s.SpringbootdemoApplication - Starting SpringbootdemoApplication using Java 21.0.5 with PID 27505 (/Users/rajesh/Workspace/java-workspace/springbootdemo/target/classes started by rajesh in /Users/rajesh/Workspace/java-workspace/springbootdemo)
2026-05-24 17:19:51.770 DEBUG [restartedMain] c.e.s.SpringbootdemoApplication - Running with Spring Boot v4.0.6, Spring v7.0.7
2026-05-24 17:19:51.770 INFO  [restartedMain] c.e.s.SpringbootdemoApplication - No active profile set, falling back to 1 default profile: "default"
2026-05-24 17:19:52.384 DEBUG [restartedMain] c.e.s.config.JwtAuthenticationFilter - Filter 'jwtAuthenticationFilter' configured for use
2026-05-24 17:19:52.502 INFO  [restartedMain] c.e.s.SpringbootdemoApplication - Started SpringbootdemoApplication in 0.742 seconds (process running for 13675.433)
2026-05-24 17:19:54.110 INFO  [restartedMain] c.e.s.SpringbootdemoApplication - Starting SpringbootdemoApplication using Java 21.0.5 with PID 27505 (/Users/rajesh/Workspace/java-workspace/springbootdemo/target/classes started by rajesh in /Users/rajesh/Workspace/java-workspace/springbootdemo)
2026-05-24 17:19:54.110 DEBUG [restartedMain] c.e.s.SpringbootdemoApplication - Running with Spring Boot v4.0.6, Spring v7.0.7
2026-05-24 17:19:54.110 INFO  [restartedMain] c.e.s.SpringbootdemoApplication - No active profile set, falling back to 1 default profile: "default"
2026-05-24 17:19:55.118 DEBUG [restartedMain] c.e.s.config.JwtAuthenticationFilter - Filter 'jwtAuthenticationFilter' configured for use
2026-05-24 17:19:55.322 INFO  [restartedMain] c.e.s.SpringbootdemoApplication - Started SpringbootdemoApplication in 1.231 seconds (process running for 13678.253)
2026-05-24 17:20:00.913 INFO  [restartedMain] c.e.s.SpringbootdemoApplication - Starting SpringbootdemoApplication using Java 21.0.5 with PID 27505 (/Users/rajesh/Workspace/java-workspace/springbootdemo/target/classes started by rajesh in /Users/rajesh/Workspace/java-workspace/springbootdemo)
2026-05-24 17:20:00.914 DEBUG [restartedMain] c.e.s.SpringbootdemoApplication - Running with Spring Boot v4.0.6, Spring v7.0.7
2026-05-24 17:20:00.914 INFO  [restartedMain] c.e.s.SpringbootdemoApplication - No active profile set, falling back to 1 default profile: "default"
2026-05-24 17:20:01.150 DEBUG [restartedMain] c.e.s.config.JwtAuthenticationFilter - Filter 'jwtAuthenticationFilter' configured for use
2026-05-24 17:20:01.251 INFO  [restartedMain] c.e.s.SpringbootdemoApplication - Started SpringbootdemoApplication in 0.349 seconds (process running for 13684.182)
2026-05-24 17:20:03.830 INFO  [restartedMain] c.e.s.SpringbootdemoApplication - Starting SpringbootdemoApplication using Java 21.0.5 with PID 27505 (/Users/rajesh/Workspace/java-workspace/springbootdemo/target/classes started by rajesh in /Users/rajesh/Workspace/java-workspace/springbootdemo)
2026-05-24 17:20:03.830 DEBUG [restartedMain] c.e.s.SpringbootdemoApplication - Running with Spring Boot v4.0.6, Spring v7.0.7
2026-05-24 17:20:03.830 INFO  [restartedMain] c.e.s.SpringbootdemoApplication - No active profile set, falling back to 1 default profile: "default"
2026-05-24 17:20:04.228 DEBUG [restartedMain] c.e.s.config.JwtAuthenticationFilter - Filter 'jwtAuthenticationFilter' configured for use
2026-05-24 17:20:04.380 INFO  [restartedMain] c.e.s.SpringbootdemoApplication - Started SpringbootdemoApplication in 0.564 seconds (process running for 13687.31)
2026-05-24 17:20:05.883 INFO  [restartedMain] c.e.s.SpringbootdemoApplication - Starting SpringbootdemoApplication using Java 21.0.5 with PID 27505 (/Users/rajesh/Workspace/java-workspace/springbootdemo/target/classes started by rajesh in /Users/rajesh/Workspace/java-workspace/springbootdemo)
2026-05-24 17:20:05.883 DEBUG [restartedMain] c.e.s.SpringbootdemoApplication - Running with Spring Boot v4.0.6, Spring v7.0.7
2026-05-24 17:20:05.883 INFO  [restartedMain] c.e.s.SpringbootdemoApplication - No active profile set, falling back to 1 default profile: "default"
2026-05-24 17:20:06.215 DEBUG [restartedMain] c.e.s.config.JwtAuthenticationFilter - Filter 'jwtAuthenticationFilter' configured for use
2026-05-24 17:20:06.329 INFO  [restartedMain] c.e.s.SpringbootdemoApplication - Started SpringbootdemoApplication in 0.457 seconds (process running for 13689.259)
2026-05-24 17:20:13.914 INFO  [restartedMain] c.e.s.SpringbootdemoApplication - Starting SpringbootdemoApplication using Java 21.0.5 with PID 27505 (/Users/rajesh/Workspace/java-workspace/springbootdemo/target/classes started by rajesh in /Users/rajesh/Workspace/java-workspace/springbootdemo)
2026-05-24 17:20:13.914 DEBUG [restartedMain] c.e.s.SpringbootdemoApplication - Running with Spring Boot v4.0.6, Spring v7.0.7
2026-05-24 17:20:13.914 INFO  [restartedMain] c.e.s.SpringbootdemoApplication - No active profile set, falling back to 1 default profile: "default"
2026-05-24 17:20:14.185 DEBUG [restartedMain] c.e.s.config.JwtAuthenticationFilter - Filter 'jwtAuthenticationFilter' configured for use
2026-05-24 17:20:14.310 INFO  [restartedMain] c.e.s.SpringbootdemoApplication - Started SpringbootdemoApplication in 0.407 seconds (process running for 13697.241)
2026-05-24 17:20:15.865 INFO  [restartedMain] c.e.s.SpringbootdemoApplication - Starting SpringbootdemoApplication using Java 21.0.5 with PID 27505 (/Users/rajesh/Workspace/java-workspace/springbootdemo/target/classes started by rajesh in /Users/rajesh/Workspace/java-workspace/springbootdemo)
2026-05-24 17:20:15.865 DEBUG [restartedMain] c.e.s.SpringbootdemoApplication - Running with Spring Boot v4.0.6, Spring v7.0.7
2026-05-24 17:20:15.865 INFO  [restartedMain] c.e.s.SpringbootdemoApplication - No active profile set, falling back to 1 default profile: "default"
2026-05-24 17:20:16.061 DEBUG [restartedMain] c.e.s.config.JwtAuthenticationFilter - Filter 'jwtAuthenticationFilter' configured for use
2026-05-24 17:20:16.158 INFO  [restartedMain] c.e.s.SpringbootdemoApplication - Started SpringbootdemoApplication in 0.305 seconds (process running for 13699.089)
2026-05-24 17:20:21.737 INFO  [restartedMain] c.e.s.SpringbootdemoApplication - Starting SpringbootdemoApplication using Java 21.0.5 with PID 27505 (/Users/rajesh/Workspace/java-workspace/springbootdemo/target/classes started by rajesh in /Users/rajesh/Workspace/java-workspace/springbootdemo)
2026-05-24 17:20:21.737 DEBUG [restartedMain] c.e.s.SpringbootdemoApplication - Running with Spring Boot v4.0.6, Spring v7.0.7
2026-05-24 17:20:21.737 INFO  [restartedMain] c.e.s.SpringbootdemoApplication - No active profile set, falling back to 1 default profile: "default"
2026-05-24 17:20:21.947 DEBUG [restartedMain] c.e.s.config.JwtAuthenticationFilter - Filter 'jwtAuthenticationFilter' configured for use
2026-05-24 17:20:22.046 INFO  [restartedMain] c.e.s.SpringbootdemoApplication - Started SpringbootdemoApplication in 0.321 seconds (process running for 13704.977)
2026-05-24 17:20:24.608 INFO  [restartedMain] c.e.s.SpringbootdemoApplication - Starting SpringbootdemoApplication using Java 21.0.5 with PID 27505 (/Users/rajesh/Workspace/java-workspace/springbootdemo/target/classes started by rajesh in /Users/rajesh/Workspace/java-workspace/springbootdemo)
2026-05-24 17:20:24.608 DEBUG [restartedMain] c.e.s.SpringbootdemoApplication - Running with Spring Boot v4.0.6, Spring v7.0.7
2026-05-24 17:20:24.608 INFO  [restartedMain] c.e.s.SpringbootdemoApplication - No active profile set, falling back to 1 default profile: "default"
2026-05-24 17:20:24.802 DEBUG [restartedMain] c.e.s.config.JwtAuthenticationFilter - Filter 'jwtAuthenticationFilter' configured for use
2026-05-24 17:20:24.903 INFO  [restartedMain] c.e.s.SpringbootdemoApplication - Started SpringbootdemoApplication in 0.306 seconds (process running for 13707.834)
2026-05-24 17:20:31.531 INFO  [restartedMain] c.e.s.SpringbootdemoApplication - Starting SpringbootdemoApplication using Java 21.0.5 with PID 27505 (/Users/rajesh/Workspace/java-workspace/springbootdemo/target/classes started by rajesh in /Users/rajesh/Workspace/java-workspace/springbootdemo)
2026-05-24 17:20:31.531 DEBUG [restartedMain] c.e.s.SpringbootdemoApplication - Running with Spring Boot v4.0.6, Spring v7.0.7
2026-05-24 17:20:31.531 INFO  [restartedMain] c.e.s.SpringbootdemoApplication - No active profile set, falling back to 1 default profile: "default"
2026-05-24 17:20:31.764 DEBUG [restartedMain] c.e.s.config.JwtAuthenticationFilter - Filter 'jwtAuthenticationFilter' configured for use
2026-05-24 17:20:31.861 INFO  [restartedMain] c.e.s.SpringbootdemoApplication - Started SpringbootdemoApplication in 0.345 seconds (process running for 13714.792)
2026-05-24 17:20:53.565 INFO  [restartedMain] c.e.s.SpringbootdemoApplication - Starting SpringbootdemoApplication using Java 21.0.5 with PID 27505 (/Users/rajesh/Workspace/java-workspace/springbootdemo/target/classes started by rajesh in /Users/rajesh/Workspace/java-workspace/springbootdemo)
2026-05-24 17:20:53.566 DEBUG [restartedMain] c.e.s.SpringbootdemoApplication - Running with Spring Boot v4.0.6, Spring v7.0.7
2026-05-24 17:20:53.566 INFO  [restartedMain] c.e.s.SpringbootdemoApplication - No active profile set, falling back to 1 default profile: "default"
2026-05-24 17:20:53.795 DEBUG [restartedMain] c.e.s.config.JwtAuthenticationFilter - Filter 'jwtAuthenticationFilter' configured for use
2026-05-24 17:20:53.896 INFO  [restartedMain] c.e.s.SpringbootdemoApplication - Started SpringbootdemoApplication in 0.34 seconds (process running for 13736.826)
2026-05-24 17:20:55.873 INFO  [restartedMain] c.e.s.SpringbootdemoApplication - Starting SpringbootdemoApplication using Java 21.0.5 with PID 27505 (/Users/rajesh/Workspace/java-workspace/springbootdemo/target/classes started by rajesh in /Users/rajesh/Workspace/java-workspace/springbootdemo)
2026-05-24 17:20:55.873 DEBUG [restartedMain] c.e.s.SpringbootdemoApplication - Running with Spring Boot v4.0.6, Spring v7.0.7
2026-05-24 17:20:55.873 INFO  [restartedMain] c.e.s.SpringbootdemoApplication - No active profile set, falling back to 1 default profile: "default"
2026-05-24 17:20:56.078 DEBUG [restartedMain] c.e.s.config.JwtAuthenticationFilter - Filter 'jwtAuthenticationFilter' configured for use
2026-05-24 17:20:56.174 INFO  [restartedMain] c.e.s.SpringbootdemoApplication - Started SpringbootdemoApplication in 0.315 seconds (process running for 13739.105)
2026-05-24 17:20:57.685 INFO  [restartedMain] c.e.s.SpringbootdemoApplication - Starting SpringbootdemoApplication using Java 21.0.5 with PID 27505 (/Users/rajesh/Workspace/java-workspace/springbootdemo/target/classes started by rajesh in /Users/rajesh/Workspace/java-workspace/springbootdemo)
2026-05-24 17:20:57.685 DEBUG [restartedMain] c.e.s.SpringbootdemoApplication - Running with Spring Boot v4.0.6, Spring v7.0.7
2026-05-24 17:20:57.685 INFO  [restartedMain] c.e.s.SpringbootdemoApplication - No active profile set, falling back to 1 default profile: "default"
2026-05-24 17:20:57.883 DEBUG [restartedMain] c.e.s.config.JwtAuthenticationFilter - Filter 'jwtAuthenticationFilter' configured for use
2026-05-24 17:20:57.977 INFO  [restartedMain] c.e.s.SpringbootdemoApplication - Started SpringbootdemoApplication in 0.303 seconds (process running for 13740.908)
2026-05-24 17:21:11.623 INFO  [restartedMain] c.e.s.SpringbootdemoApplication - Starting SpringbootdemoApplication using Java 21.0.5 with PID 27505 (/Users/rajesh/Workspace/java-workspace/springbootdemo/target/classes started by rajesh in /Users/rajesh/Workspace/java-workspace/springbootdemo)
2026-05-24 17:21:11.623 DEBUG [restartedMain] c.e.s.SpringbootdemoApplication - Running with Spring Boot v4.0.6, Spring v7.0.7
2026-05-24 17:21:11.623 INFO  [restartedMain] c.e.s.SpringbootdemoApplication - No active profile set, falling back to 1 default profile: "default"
2026-05-24 17:21:11.852 DEBUG [restartedMain] c.e.s.config.JwtAuthenticationFilter - Filter 'jwtAuthenticationFilter' configured for use
2026-05-24 17:21:11.956 INFO  [restartedMain] c.e.s.SpringbootdemoApplication - Started SpringbootdemoApplication in 0.35 seconds (process running for 13754.886)
2026-05-24 17:21:19.944 INFO  [restartedMain] c.e.s.SpringbootdemoApplication - Starting SpringbootdemoApplication using Java 21.0.5 with PID 27505 (/Users/rajesh/Workspace/java-workspace/springbootdemo/target/classes started by rajesh in /Users/rajesh/Workspace/java-workspace/springbootdemo)
2026-05-24 17:21:19.944 DEBUG [restartedMain] c.e.s.SpringbootdemoApplication - Running with Spring Boot v4.0.6, Spring v7.0.7
2026-05-24 17:21:19.944 INFO  [restartedMain] c.e.s.SpringbootdemoApplication - No active profile set, falling back to 1 default profile: "default"
2026-05-24 17:21:20.207 DEBUG [restartedMain] c.e.s.config.JwtAuthenticationFilter - Filter 'jwtAuthenticationFilter' configured for use
2026-05-24 17:21:20.303 INFO  [restartedMain] c.e.s.SpringbootdemoApplication - Started SpringbootdemoApplication in 0.371 seconds (process running for 13763.234)
2026-05-24 17:21:30.070 INFO  [restartedMain] c.e.s.SpringbootdemoApplication - Starting SpringbootdemoApplication using Java 21.0.5 with PID 27505 (/Users/rajesh/Workspace/java-workspace/springbootdemo/target/classes started by rajesh in /Users/rajesh/Workspace/java-workspace/springbootdemo)
2026-05-24 17:21:30.070 DEBUG [restartedMain] c.e.s.SpringbootdemoApplication - Running with Spring Boot v4.0.6, Spring v7.0.7
2026-05-24 17:21:30.070 INFO  [restartedMain] c.e.s.SpringbootdemoApplication - No active profile set, falling back to 1 default profile: "default"
2026-05-24 17:21:30.358 DEBUG [restartedMain] c.e.s.config.JwtAuthenticationFilter - Filter 'jwtAuthenticationFilter' configured for use
2026-05-24 17:21:30.466 INFO  [restartedMain] c.e.s.SpringbootdemoApplication - Started SpringbootdemoApplication in 0.41 seconds (process running for 13773.397)
2026-05-24 17:21:31.932 INFO  [restartedMain] c.e.s.SpringbootdemoApplication - Starting SpringbootdemoApplication using Java 21.0.5 with PID 27505 (/Users/rajesh/Workspace/java-workspace/springbootdemo/target/classes started by rajesh in /Users/rajesh/Workspace/java-workspace/springbootdemo)
2026-05-24 17:21:31.932 DEBUG [restartedMain] c.e.s.SpringbootdemoApplication - Running with Spring Boot v4.0.6, Spring v7.0.7
2026-05-24 17:21:31.932 INFO  [restartedMain] c.e.s.SpringbootdemoApplication - No active profile set, falling back to 1 default profile: "default"
2026-05-24 17:21:32.142 DEBUG [restartedMain] c.e.s.config.JwtAuthenticationFilter - Filter 'jwtAuthenticationFilter' configured for use
2026-05-24 17:21:32.421 INFO  [restartedMain] c.e.s.SpringbootdemoApplication - Started SpringbootdemoApplication in 0.498 seconds (process running for 13775.351)
2026-05-24 17:21:37.033 INFO  [restartedMain] c.e.s.SpringbootdemoApplication - Starting SpringbootdemoApplication using Java 21.0.5 with PID 27505 (/Users/rajesh/Workspace/java-workspace/springbootdemo/target/classes started by rajesh in /Users/rajesh/Workspace/java-workspace/springbootdemo)
2026-05-24 17:21:37.033 DEBUG [restartedMain] c.e.s.SpringbootdemoApplication - Running with Spring Boot v4.0.6, Spring v7.0.7
2026-05-24 17:21:37.033 INFO  [restartedMain] c.e.s.SpringbootdemoApplication - No active profile set, falling back to 1 default profile: "default"
2026-05-24 17:21:37.346 DEBUG [restartedMain] c.e.s.config.JwtAuthenticationFilter - Filter 'jwtAuthenticationFilter' configured for use
2026-05-24 17:21:37.442 INFO  [restartedMain] c.e.s.SpringbootdemoApplication - Started SpringbootdemoApplication in 0.424 seconds (process running for 13780.373)
2026-05-24 17:23:07.172 INFO  [restartedMain] c.e.s.SpringbootdemoApplication - Starting SpringbootdemoApplication using Java 21.0.5 with PID 27505 (/Users/rajesh/Workspace/java-workspace/springbootdemo/target/classes started by rajesh in /Users/rajesh/Workspace/java-workspace/springbootdemo)
2026-05-24 17:23:07.172 DEBUG [restartedMain] c.e.s.SpringbootdemoApplication - Running with Spring Boot v4.0.6, Spring v7.0.7
2026-05-24 17:23:07.172 INFO  [restartedMain] c.e.s.SpringbootdemoApplication - No active profile set, falling back to 1 default profile: "default"
2026-05-24 17:23:07.390 DEBUG [restartedMain] c.e.s.config.JwtAuthenticationFilter - Filter 'jwtAuthenticationFilter' configured for use
2026-05-24 17:23:07.492 INFO  [restartedMain] c.e.s.SpringbootdemoApplication - Started SpringbootdemoApplication in 0.331 seconds (process running for 13870.423)
