2026-05-24 14:54:48.480 INFO  [restartedMain] o.s.d.r.c.RepositoryConfigurationDelegate - Bootstrapping Spring Data JPA repositories in DEFAULT mode.
2026-05-24 14:54:48.485 INFO  [restartedMain] o.s.d.r.c.RepositoryConfigurationDelegate - Finished Spring Data repository scanning in 3 ms. Found 1 JPA repository interface.
2026-05-24 14:54:48.532 INFO  [restartedMain] o.s.boot.tomcat.TomcatWebServer - Tomcat initialized with port 8080 (http)
2026-05-24 14:54:48.533 INFO  [restartedMain] o.a.catalina.core.StandardService - Starting service [Tomcat]
2026-05-24 14:54:48.533 INFO  [restartedMain] o.a.catalina.core.StandardEngine - Starting Servlet engine: [Apache Tomcat/11.0.21]
2026-05-24 14:54:48.537 INFO  [restartedMain] o.s.b.w.c.s.WebApplicationContextInitializer - Root WebApplicationContext: initialization completed in 119 ms
2026-05-24 14:54:48.551 INFO  [restartedMain] org.hibernate.orm.jpa - HHH008540: Processing PersistenceUnitInfo [name: default]
2026-05-24 14:54:48.563 INFO  [restartedMain] o.s.o.j.p.SpringPersistenceUnitInfo - No LoadTimeWeaver setup: ignoring JPA class transformer
2026-05-24 14:54:48.563 INFO  [restartedMain] com.zaxxer.hikari.HikariDataSource - HikariPool-122 - Starting...
2026-05-24 14:54:48.575 INFO  [restartedMain] com.zaxxer.hikari.pool.HikariPool - HikariPool-122 - Added connection com.mysql.cj.jdbc.ConnectionImpl@44025b57
2026-05-24 14:54:48.575 INFO  [restartedMain] com.zaxxer.hikari.HikariDataSource - HikariPool-122 - Start completed.
2026-05-24 14:54:48.576 WARN  [restartedMain] org.hibernate.orm.deprecation - HHH90000025: MySQLDialect does not need to be specified explicitly using 'hibernate.dialect' (remove the property setting and it will be selected by default)
2026-05-24 14:54:48.577 INFO  [restartedMain] o.hibernate.orm.connections.pooling - HHH10001005: Database info:
	Database JDBC URL [jdbc:mysql://localhost:3306/springbootdb]
	Database driver: MySQL Connector/J
	Database dialect: MySQLDialect
	Database version: 9.6
	Default catalog/schema: springbootdb/undefined
	Autocommit mode: undefined/unknown
	Isolation level: REPEATABLE_READ [default REPEATABLE_READ]
	JDBC fetch size: none
	Pool: DataSourceConnectionProvider
	Minimum pool size: undefined/unknown
	Maximum pool size: undefined/unknown
2026-05-24 14:54:48.594 INFO  [restartedMain] org.hibernate.orm.core - HHH000489: No JTA platform available (set 'hibernate.transaction.jta.platform' to enable JTA platform integration)
2026-05-24 14:54:48.605 INFO  [restartedMain] o.s.o.j.LocalContainerEntityManagerFactoryBean - Initialized JPA EntityManagerFactory for persistence unit 'default'
2026-05-24 14:54:48.649 WARN  [restartedMain] o.s.b.j.a.JpaBaseConfiguration$JpaWebConfiguration - spring.jpa.open-in-view is enabled by default. Therefore, database queries may be performed during view rendering. Explicitly configure spring.jpa.open-in-view to disable this warning
2026-05-24 14:54:48.667 INFO  [restartedMain] o.s.s.c.a.a.c.InitializeUserDetailsBeanManagerConfigurer$InitializeUserDetailsManagerConfigurer - Global AuthenticationManager configured with UserDetailsService bean with name customUserDetailsService
2026-05-24 14:54:48.751 INFO  [restartedMain] o.s.boot.tomcat.TomcatWebServer - Tomcat started on port 8080 (http) with context path '/'
2026-05-24 14:54:48.754 INFO  [restartedMain] o.s.b.d.a.ConditionEvaluationDeltaLoggingListener - Condition evaluation unchanged
2026-05-24 14:55:16.864 INFO  [http-nio-8080-exec-2] o.a.c.c.C.[Tomcat-1].[localhost].[/] - Initializing Spring DispatcherServlet 'dispatcherServlet'
2026-05-24 14:55:16.865 INFO  [http-nio-8080-exec-2] o.s.web.servlet.DispatcherServlet - Initializing Servlet 'dispatcherServlet'
2026-05-24 14:55:16.871 INFO  [http-nio-8080-exec-2] o.s.web.servlet.DispatcherServlet - Completed initialization in 6 ms
2026-05-24 15:05:04.309 INFO  [File Watcher] o.s.b.d.a.LocalDevToolsAutoConfiguration$RestartingClassPathChangeChangedEventListener - Restarting due to 1 class path change (0 additions, 0 deletions, 1 modification)
2026-05-24 15:05:04.319 INFO  [Thread-484] o.s.boot.tomcat.GracefulShutdown - Commencing graceful shutdown. Waiting for active requests to complete
2026-05-24 15:05:04.322 INFO  [tomcat-shutdown] o.s.boot.tomcat.GracefulShutdown - Graceful shutdown complete
2026-05-24 15:05:04.324 INFO  [Thread-484] o.s.o.j.LocalContainerEntityManagerFactoryBean - Closing JPA EntityManagerFactory for persistence unit 'default'
2026-05-24 15:05:04.326 INFO  [Thread-484] com.zaxxer.hikari.HikariDataSource - HikariPool-122 - Shutdown initiated...
2026-05-24 15:05:04.336 INFO  [Thread-484] com.zaxxer.hikari.HikariDataSource - HikariPool-122 - Shutdown completed.
2026-05-24 15:05:04.606 INFO  [restartedMain] o.s.d.r.c.RepositoryConfigurationDelegate - Bootstrapping Spring Data JPA repositories in DEFAULT mode.
2026-05-24 15:05:04.610 INFO  [restartedMain] o.s.d.r.c.RepositoryConfigurationDelegate - Finished Spring Data repository scanning in 3 ms. Found 1 JPA repository interface.
2026-05-24 15:05:04.654 INFO  [restartedMain] o.s.boot.tomcat.TomcatWebServer - Tomcat initialized with port 8080 (http)
2026-05-24 15:05:04.654 INFO  [restartedMain] o.a.catalina.core.StandardService - Starting service [Tomcat]
2026-05-24 15:05:04.654 INFO  [restartedMain] o.a.catalina.core.StandardEngine - Starting Servlet engine: [Apache Tomcat/11.0.21]
2026-05-24 15:05:04.659 INFO  [restartedMain] o.s.b.w.c.s.WebApplicationContextInitializer - Root WebApplicationContext: initialization completed in 177 ms
2026-05-24 15:05:04.673 INFO  [restartedMain] org.hibernate.orm.jpa - HHH008540: Processing PersistenceUnitInfo [name: default]
2026-05-24 15:05:04.686 INFO  [restartedMain] o.s.o.j.p.SpringPersistenceUnitInfo - No LoadTimeWeaver setup: ignoring JPA class transformer
2026-05-24 15:05:04.687 INFO  [restartedMain] com.zaxxer.hikari.HikariDataSource - HikariPool-123 - Starting...
2026-05-24 15:05:04.747 INFO  [restartedMain] com.zaxxer.hikari.pool.HikariPool - HikariPool-123 - Added connection com.mysql.cj.jdbc.ConnectionImpl@2d140c4b
2026-05-24 15:05:04.747 INFO  [restartedMain] com.zaxxer.hikari.HikariDataSource - HikariPool-123 - Start completed.
2026-05-24 15:05:04.748 WARN  [restartedMain] org.hibernate.orm.deprecation - HHH90000025: MySQLDialect does not need to be specified explicitly using 'hibernate.dialect' (remove the property setting and it will be selected by default)
2026-05-24 15:05:04.749 INFO  [restartedMain] o.hibernate.orm.connections.pooling - HHH10001005: Database info:
	Database JDBC URL [jdbc:mysql://localhost:3306/springbootdb]
	Database driver: MySQL Connector/J
	Database dialect: MySQLDialect
	Database version: 9.6
	Default catalog/schema: springbootdb/undefined
	Autocommit mode: undefined/unknown
	Isolation level: REPEATABLE_READ [default REPEATABLE_READ]
	JDBC fetch size: none
	Pool: DataSourceConnectionProvider
	Minimum pool size: undefined/unknown
	Maximum pool size: undefined/unknown
2026-05-24 15:05:04.769 INFO  [restartedMain] org.hibernate.orm.core - HHH000489: No JTA platform available (set 'hibernate.transaction.jta.platform' to enable JTA platform integration)
2026-05-24 15:05:04.800 INFO  [restartedMain] o.s.o.j.LocalContainerEntityManagerFactoryBean - Initialized JPA EntityManagerFactory for persistence unit 'default'
2026-05-24 15:05:04.840 WARN  [restartedMain] o.s.b.j.a.JpaBaseConfiguration$JpaWebConfiguration - spring.jpa.open-in-view is enabled by default. Therefore, database queries may be performed during view rendering. Explicitly configure spring.jpa.open-in-view to disable this warning
2026-05-24 15:05:04.854 INFO  [restartedMain] o.s.s.c.a.a.c.InitializeUserDetailsBeanManagerConfigurer$InitializeUserDetailsManagerConfigurer - Global AuthenticationManager configured with UserDetailsService bean with name customUserDetailsService
2026-05-24 15:05:04.929 INFO  [restartedMain] o.s.boot.tomcat.TomcatWebServer - Tomcat started on port 8080 (http) with context path '/'
2026-05-24 15:05:04.932 INFO  [restartedMain] o.s.b.d.a.ConditionEvaluationDeltaLoggingListener - Condition evaluation unchanged
2026-05-24 15:05:09.747 INFO  [File Watcher] o.s.b.d.a.LocalDevToolsAutoConfiguration$RestartingClassPathChangeChangedEventListener - Restarting due to 1 class path change (0 additions, 0 deletions, 1 modification)
2026-05-24 15:05:09.757 INFO  [Thread-488] o.s.boot.tomcat.GracefulShutdown - Commencing graceful shutdown. Waiting for active requests to complete
2026-05-24 15:05:09.759 INFO  [tomcat-shutdown] o.s.boot.tomcat.GracefulShutdown - Graceful shutdown complete
2026-05-24 15:05:09.767 INFO  [Thread-488] o.s.o.j.LocalContainerEntityManagerFactoryBean - Closing JPA EntityManagerFactory for persistence unit 'default'
2026-05-24 15:05:09.769 INFO  [Thread-488] com.zaxxer.hikari.HikariDataSource - HikariPool-123 - Shutdown initiated...
2026-05-24 15:05:09.774 INFO  [Thread-488] com.zaxxer.hikari.HikariDataSource - HikariPool-123 - Shutdown completed.
2026-05-24 15:05:09.946 INFO  [restartedMain] o.s.d.r.c.RepositoryConfigurationDelegate - Bootstrapping Spring Data JPA repositories in DEFAULT mode.
2026-05-24 15:05:09.949 INFO  [restartedMain] o.s.d.r.c.RepositoryConfigurationDelegate - Finished Spring Data repository scanning in 2 ms. Found 1 JPA repository interface.
2026-05-24 15:05:09.994 INFO  [restartedMain] o.s.boot.tomcat.TomcatWebServer - Tomcat initialized with port 8080 (http)
2026-05-24 15:05:09.995 INFO  [restartedMain] o.a.catalina.core.StandardService - Starting service [Tomcat]
2026-05-24 15:05:09.995 INFO  [restartedMain] o.a.catalina.core.StandardEngine - Starting Servlet engine: [Apache Tomcat/11.0.21]
2026-05-24 15:05:09.999 INFO  [restartedMain] o.s.b.w.c.s.WebApplicationContextInitializer - Root WebApplicationContext: initialization completed in 110 ms
2026-05-24 15:05:10.012 INFO  [restartedMain] org.hibernate.orm.jpa - HHH008540: Processing PersistenceUnitInfo [name: default]
2026-05-24 15:05:10.025 INFO  [restartedMain] o.s.o.j.p.SpringPersistenceUnitInfo - No LoadTimeWeaver setup: ignoring JPA class transformer
2026-05-24 15:05:10.025 INFO  [restartedMain] com.zaxxer.hikari.HikariDataSource - HikariPool-124 - Starting...
2026-05-24 15:05:10.042 INFO  [restartedMain] com.zaxxer.hikari.pool.HikariPool - HikariPool-124 - Added connection com.mysql.cj.jdbc.ConnectionImpl@ad0561d
2026-05-24 15:05:10.042 INFO  [restartedMain] com.zaxxer.hikari.HikariDataSource - HikariPool-124 - Start completed.
2026-05-24 15:05:10.043 WARN  [restartedMain] org.hibernate.orm.deprecation - HHH90000025: MySQLDialect does not need to be specified explicitly using 'hibernate.dialect' (remove the property setting and it will be selected by default)
2026-05-24 15:05:10.043 INFO  [restartedMain] o.hibernate.orm.connections.pooling - HHH10001005: Database info:
	Database JDBC URL [jdbc:mysql://localhost:3306/springbootdb]
	Database driver: MySQL Connector/J
	Database dialect: MySQLDialect
	Database version: 9.6
	Default catalog/schema: springbootdb/undefined
	Autocommit mode: undefined/unknown
	Isolation level: REPEATABLE_READ [default REPEATABLE_READ]
	JDBC fetch size: none
	Pool: DataSourceConnectionProvider
	Minimum pool size: undefined/unknown
	Maximum pool size: undefined/unknown
2026-05-24 15:05:10.061 INFO  [restartedMain] org.hibernate.orm.core - HHH000489: No JTA platform available (set 'hibernate.transaction.jta.platform' to enable JTA platform integration)
2026-05-24 15:05:10.073 INFO  [restartedMain] o.s.o.j.LocalContainerEntityManagerFactoryBean - Initialized JPA EntityManagerFactory for persistence unit 'default'
2026-05-24 15:05:10.127 WARN  [restartedMain] o.s.b.j.a.JpaBaseConfiguration$JpaWebConfiguration - spring.jpa.open-in-view is enabled by default. Therefore, database queries may be performed during view rendering. Explicitly configure spring.jpa.open-in-view to disable this warning
2026-05-24 15:05:10.141 INFO  [restartedMain] o.s.s.c.a.a.c.InitializeUserDetailsBeanManagerConfigurer$InitializeUserDetailsManagerConfigurer - Global AuthenticationManager configured with UserDetailsService bean with name customUserDetailsService
2026-05-24 15:05:10.178 WARN  [restartedMain] o.s.b.w.s.s.c.AnnotationConfigServletWebServerApplicationContext - Exception encountered during context initialization - cancelling refresh attempt: org.springframework.beans.factory.BeanCreationException: Error creating bean with name 'requestMappingHandlerMapping' defined in class path resource [org/springframework/boot/webmvc/autoconfigure/WebMvcAutoConfiguration$EnableWebMvcConfiguration.class]: Ambiguous mapping. Cannot map 'arrayExampleController' method 
com.example.springbootdemo.controller.ArrayExampleController#getPostsUsingRestClient()
to {GET [/api/v1/arrays/posts-rest-client], produces [application/json]}: There is already 'arrayExampleController' bean method
com.example.springbootdemo.controller.ArrayExampleController#getPostsUsingRestClient2() mapped.
2026-05-24 15:05:10.179 INFO  [restartedMain] o.s.o.j.LocalContainerEntityManagerFactoryBean - Closing JPA EntityManagerFactory for persistence unit 'default'
2026-05-24 15:05:10.179 INFO  [restartedMain] com.zaxxer.hikari.HikariDataSource - HikariPool-124 - Shutdown initiated...
2026-05-24 15:05:10.186 INFO  [restartedMain] com.zaxxer.hikari.HikariDataSource - HikariPool-124 - Shutdown completed.
2026-05-24 15:05:10.187 INFO  [restartedMain] o.a.catalina.core.StandardService - Stopping service [Tomcat]
2026-05-24 15:05:10.188 INFO  [restartedMain] o.s.b.a.l.ConditionEvaluationReportLogger - 

Error starting ApplicationContext. To display the condition evaluation report re-run your application with 'debug' enabled.
2026-05-24 15:05:10.189 ERROR [restartedMain] o.s.boot.SpringApplication - Application run failed
org.springframework.beans.factory.BeanCreationException: Error creating bean with name 'requestMappingHandlerMapping' defined in class path resource [org/springframework/boot/webmvc/autoconfigure/WebMvcAutoConfiguration$EnableWebMvcConfiguration.class]: Ambiguous mapping. Cannot map 'arrayExampleController' method 
com.example.springbootdemo.controller.ArrayExampleController#getPostsUsingRestClient()
to {GET [/api/v1/arrays/posts-rest-client], produces [application/json]}: There is already 'arrayExampleController' bean method
com.example.springbootdemo.controller.ArrayExampleController#getPostsUsingRestClient2() mapped.
	at org.springframework.beans.factory.support.AbstractAutowireCapableBeanFactory.initializeBean(AbstractAutowireCapableBeanFactory.java:1817)
	at org.springframework.beans.factory.support.AbstractAutowireCapableBeanFactory.doCreateBean(AbstractAutowireCapableBeanFactory.java:603)
	at org.springframework.beans.factory.support.AbstractAutowireCapableBeanFactory.createBean(AbstractAutowireCapableBeanFactory.java:525)
	at org.springframework.beans.factory.support.AbstractBeanFactory.lambda$doGetBean$0(AbstractBeanFactory.java:333)
	at org.springframework.beans.factory.support.DefaultSingletonBeanRegistry.getSingleton(DefaultSingletonBeanRegistry.java:371)
	at org.springframework.beans.factory.support.AbstractBeanFactory.doGetBean(AbstractBeanFactory.java:331)
	at org.springframework.beans.factory.support.AbstractBeanFactory.getBean(AbstractBeanFactory.java:196)
	at org.springframework.beans.factory.support.DefaultListableBeanFactory.instantiateSingleton(DefaultListableBeanFactory.java:1218)
	at org.springframework.beans.factory.support.DefaultListableBeanFactory.preInstantiateSingleton(DefaultListableBeanFactory.java:1184)
	at org.springframework.beans.factory.support.DefaultListableBeanFactory.preInstantiateSingletons(DefaultListableBeanFactory.java:1121)
	at org.springframework.context.support.AbstractApplicationContext.finishBeanFactoryInitialization(AbstractApplicationContext.java:994)
	at org.springframework.context.support.AbstractApplicationContext.refresh(AbstractApplicationContext.java:621)
	at org.springframework.boot.web.server.servlet.context.ServletWebServerApplicationContext.refresh(ServletWebServerApplicationContext.java:143)
	at org.springframework.boot.SpringApplication.refresh(SpringApplication.java:756)
	at org.springframework.boot.SpringApplication.refreshContext(SpringApplication.java:445)
	at org.springframework.boot.SpringApplication.run(SpringApplication.java:321)
	at org.springframework.boot.SpringApplication.run(SpringApplication.java:1365)
	at org.springframework.boot.SpringApplication.run(SpringApplication.java:1354)
	at com.example.springbootdemo.SpringbootdemoApplication.main(SpringbootdemoApplication.java:10)
	at java.base/jdk.internal.reflect.DirectMethodHandleAccessor.invoke(DirectMethodHandleAccessor.java:103)
	at java.base/java.lang.reflect.Method.invoke(Method.java:580)
	at org.springframework.boot.devtools.restart.RestartLauncher.run(RestartLauncher.java:52)
Caused by: java.lang.IllegalStateException: Ambiguous mapping. Cannot map 'arrayExampleController' method 
com.example.springbootdemo.controller.ArrayExampleController#getPostsUsingRestClient()
to {GET [/api/v1/arrays/posts-rest-client], produces [application/json]}: There is already 'arrayExampleController' bean method
com.example.springbootdemo.controller.ArrayExampleController#getPostsUsingRestClient2() mapped.
	at org.springframework.web.servlet.handler.AbstractHandlerMethodMapping$MappingRegistry.validateMethodMapping(AbstractHandlerMethodMapping.java:646)
	at org.springframework.web.servlet.handler.AbstractHandlerMethodMapping$MappingRegistry.register(AbstractHandlerMethodMapping.java:606)
	at org.springframework.web.servlet.handler.AbstractHandlerMethodMapping.registerHandlerMethod(AbstractHandlerMethodMapping.java:327)
	at org.springframework.web.servlet.mvc.method.annotation.RequestMappingHandlerMapping.registerHandlerMethod(RequestMappingHandlerMapping.java:459)
	at org.springframework.web.servlet.mvc.method.annotation.RequestMappingHandlerMapping.registerHandlerMethod(RequestMappingHandlerMapping.java:80)
	at org.springframework.web.servlet.handler.AbstractHandlerMethodMapping.lambda$detectHandlerMethods$1(AbstractHandlerMethodMapping.java:294)
	at java.base/java.util.LinkedHashMap.forEach(LinkedHashMap.java:986)
	at org.springframework.web.servlet.handler.AbstractHandlerMethodMapping.detectHandlerMethods(AbstractHandlerMethodMapping.java:292)
	at org.springframework.web.servlet.handler.AbstractHandlerMethodMapping.processCandidateBean(AbstractHandlerMethodMapping.java:261)
	at org.springframework.web.servlet.handler.AbstractHandlerMethodMapping.initHandlerMethods(AbstractHandlerMethodMapping.java:220)
	at org.springframework.web.servlet.handler.AbstractHandlerMethodMapping.afterPropertiesSet(AbstractHandlerMethodMapping.java:208)
	at org.springframework.web.servlet.mvc.method.annotation.RequestMappingHandlerMapping.afterPropertiesSet(RequestMappingHandlerMapping.java:158)
	at org.springframework.beans.factory.support.AbstractAutowireCapableBeanFactory.invokeInitMethods(AbstractAutowireCapableBeanFactory.java:1864)
	at org.springframework.beans.factory.support.AbstractAutowireCapableBeanFactory.initializeBean(AbstractAutowireCapableBeanFactory.java:1813)
	... 21 common frames omitted
2026-05-24 15:06:10.279 INFO  [restartedMain] o.s.d.r.c.RepositoryConfigurationDelegate - Bootstrapping Spring Data JPA repositories in DEFAULT mode.
2026-05-24 15:06:10.283 INFO  [restartedMain] o.s.d.r.c.RepositoryConfigurationDelegate - Finished Spring Data repository scanning in 3 ms. Found 1 JPA repository interface.
2026-05-24 15:06:10.334 INFO  [restartedMain] o.s.boot.tomcat.TomcatWebServer - Tomcat initialized with port 8080 (http)
2026-05-24 15:06:10.334 INFO  [restartedMain] o.a.catalina.core.StandardService - Starting service [Tomcat]
2026-05-24 15:06:10.334 INFO  [restartedMain] o.a.catalina.core.StandardEngine - Starting Servlet engine: [Apache Tomcat/11.0.21]
2026-05-24 15:06:10.339 INFO  [restartedMain] o.s.b.w.c.s.WebApplicationContextInitializer - Root WebApplicationContext: initialization completed in 168 ms
2026-05-24 15:06:10.353 INFO  [restartedMain] org.hibernate.orm.jpa - HHH008540: Processing PersistenceUnitInfo [name: default]
2026-05-24 15:06:10.372 INFO  [restartedMain] o.s.o.j.p.SpringPersistenceUnitInfo - No LoadTimeWeaver setup: ignoring JPA class transformer
2026-05-24 15:06:10.373 INFO  [restartedMain] com.zaxxer.hikari.HikariDataSource - HikariPool-125 - Starting...
2026-05-24 15:06:10.385 INFO  [restartedMain] com.zaxxer.hikari.pool.HikariPool - HikariPool-125 - Added connection com.mysql.cj.jdbc.ConnectionImpl@2b0b57bf
2026-05-24 15:06:10.385 INFO  [restartedMain] com.zaxxer.hikari.HikariDataSource - HikariPool-125 - Start completed.
2026-05-24 15:06:10.387 WARN  [restartedMain] org.hibernate.orm.deprecation - HHH90000025: MySQLDialect does not need to be specified explicitly using 'hibernate.dialect' (remove the property setting and it will be selected by default)
2026-05-24 15:06:10.387 INFO  [restartedMain] o.hibernate.orm.connections.pooling - HHH10001005: Database info:
	Database JDBC URL [jdbc:mysql://localhost:3306/springbootdb]
	Database driver: MySQL Connector/J
	Database dialect: MySQLDialect
	Database version: 9.6
	Default catalog/schema: springbootdb/undefined
	Autocommit mode: undefined/unknown
	Isolation level: REPEATABLE_READ [default REPEATABLE_READ]
	JDBC fetch size: none
	Pool: DataSourceConnectionProvider
	Minimum pool size: undefined/unknown
	Maximum pool size: undefined/unknown
2026-05-24 15:06:10.410 INFO  [restartedMain] org.hibernate.orm.core - HHH000489: No JTA platform available (set 'hibernate.transaction.jta.platform' to enable JTA platform integration)
2026-05-24 15:06:10.419 INFO  [restartedMain] o.s.o.j.LocalContainerEntityManagerFactoryBean - Initialized JPA EntityManagerFactory for persistence unit 'default'
2026-05-24 15:06:10.466 WARN  [restartedMain] o.s.b.j.a.JpaBaseConfiguration$JpaWebConfiguration - spring.jpa.open-in-view is enabled by default. Therefore, database queries may be performed during view rendering. Explicitly configure spring.jpa.open-in-view to disable this warning
2026-05-24 15:06:10.482 INFO  [restartedMain] o.s.s.c.a.a.c.InitializeUserDetailsBeanManagerConfigurer$InitializeUserDetailsManagerConfigurer - Global AuthenticationManager configured with UserDetailsService bean with name customUserDetailsService
2026-05-24 15:06:10.521 WARN  [restartedMain] o.s.b.w.s.s.c.AnnotationConfigServletWebServerApplicationContext - Exception encountered during context initialization - cancelling refresh attempt: org.springframework.beans.factory.BeanCreationException: Error creating bean with name 'requestMappingHandlerMapping' defined in class path resource [org/springframework/boot/webmvc/autoconfigure/WebMvcAutoConfiguration$EnableWebMvcConfiguration.class]: Ambiguous mapping. Cannot map 'arrayExampleController' method 
com.example.springbootdemo.controller.ArrayExampleController#getPostsUsingRestClient()
to {GET [/api/v1/arrays/posts-rest-client], produces [application/json]}: There is already 'arrayExampleController' bean method
com.example.springbootdemo.controller.ArrayExampleController#getPostsUsingRestClient2() mapped.
2026-05-24 15:06:10.521 INFO  [restartedMain] o.s.o.j.LocalContainerEntityManagerFactoryBean - Closing JPA EntityManagerFactory for persistence unit 'default'
2026-05-24 15:06:10.521 INFO  [restartedMain] com.zaxxer.hikari.HikariDataSource - HikariPool-125 - Shutdown initiated...
2026-05-24 15:06:10.533 INFO  [restartedMain] com.zaxxer.hikari.HikariDataSource - HikariPool-125 - Shutdown completed.
2026-05-24 15:06:10.533 INFO  [restartedMain] o.a.catalina.core.StandardService - Stopping service [Tomcat]
2026-05-24 15:06:10.535 INFO  [restartedMain] o.s.b.a.l.ConditionEvaluationReportLogger - 

Error starting ApplicationContext. To display the condition evaluation report re-run your application with 'debug' enabled.
2026-05-24 15:06:10.536 ERROR [restartedMain] o.s.boot.SpringApplication - Application run failed
org.springframework.beans.factory.BeanCreationException: Error creating bean with name 'requestMappingHandlerMapping' defined in class path resource [org/springframework/boot/webmvc/autoconfigure/WebMvcAutoConfiguration$EnableWebMvcConfiguration.class]: Ambiguous mapping. Cannot map 'arrayExampleController' method 
com.example.springbootdemo.controller.ArrayExampleController#getPostsUsingRestClient()
to {GET [/api/v1/arrays/posts-rest-client], produces [application/json]}: There is already 'arrayExampleController' bean method
com.example.springbootdemo.controller.ArrayExampleController#getPostsUsingRestClient2() mapped.
	at org.springframework.beans.factory.support.AbstractAutowireCapableBeanFactory.initializeBean(AbstractAutowireCapableBeanFactory.java:1817)
	at org.springframework.beans.factory.support.AbstractAutowireCapableBeanFactory.doCreateBean(AbstractAutowireCapableBeanFactory.java:603)
	at org.springframework.beans.factory.support.AbstractAutowireCapableBeanFactory.createBean(AbstractAutowireCapableBeanFactory.java:525)
	at org.springframework.beans.factory.support.AbstractBeanFactory.lambda$doGetBean$0(AbstractBeanFactory.java:333)
	at org.springframework.beans.factory.support.DefaultSingletonBeanRegistry.getSingleton(DefaultSingletonBeanRegistry.java:371)
	at org.springframework.beans.factory.support.AbstractBeanFactory.doGetBean(AbstractBeanFactory.java:331)
	at org.springframework.beans.factory.support.AbstractBeanFactory.getBean(AbstractBeanFactory.java:196)
	at org.springframework.beans.factory.support.DefaultListableBeanFactory.instantiateSingleton(DefaultListableBeanFactory.java:1218)
	at org.springframework.beans.factory.support.DefaultListableBeanFactory.preInstantiateSingleton(DefaultListableBeanFactory.java:1184)
	at org.springframework.beans.factory.support.DefaultListableBeanFactory.preInstantiateSingletons(DefaultListableBeanFactory.java:1121)
	at org.springframework.context.support.AbstractApplicationContext.finishBeanFactoryInitialization(AbstractApplicationContext.java:994)
	at org.springframework.context.support.AbstractApplicationContext.refresh(AbstractApplicationContext.java:621)
	at org.springframework.boot.web.server.servlet.context.ServletWebServerApplicationContext.refresh(ServletWebServerApplicationContext.java:143)
	at org.springframework.boot.SpringApplication.refresh(SpringApplication.java:756)
	at org.springframework.boot.SpringApplication.refreshContext(SpringApplication.java:445)
	at org.springframework.boot.SpringApplication.run(SpringApplication.java:321)
	at org.springframework.boot.SpringApplication.run(SpringApplication.java:1365)
	at org.springframework.boot.SpringApplication.run(SpringApplication.java:1354)
	at com.example.springbootdemo.SpringbootdemoApplication.main(SpringbootdemoApplication.java:10)
	at java.base/jdk.internal.reflect.DirectMethodHandleAccessor.invoke(DirectMethodHandleAccessor.java:103)
	at java.base/java.lang.reflect.Method.invoke(Method.java:580)
	at org.springframework.boot.devtools.restart.RestartLauncher.run(RestartLauncher.java:52)
Caused by: java.lang.IllegalStateException: Ambiguous mapping. Cannot map 'arrayExampleController' method 
com.example.springbootdemo.controller.ArrayExampleController#getPostsUsingRestClient()
to {GET [/api/v1/arrays/posts-rest-client], produces [application/json]}: There is already 'arrayExampleController' bean method
com.example.springbootdemo.controller.ArrayExampleController#getPostsUsingRestClient2() mapped.
	at org.springframework.web.servlet.handler.AbstractHandlerMethodMapping$MappingRegistry.validateMethodMapping(AbstractHandlerMethodMapping.java:646)
	at org.springframework.web.servlet.handler.AbstractHandlerMethodMapping$MappingRegistry.register(AbstractHandlerMethodMapping.java:606)
	at org.springframework.web.servlet.handler.AbstractHandlerMethodMapping.registerHandlerMethod(AbstractHandlerMethodMapping.java:327)
	at org.springframework.web.servlet.mvc.method.annotation.RequestMappingHandlerMapping.registerHandlerMethod(RequestMappingHandlerMapping.java:459)
	at org.springframework.web.servlet.mvc.method.annotation.RequestMappingHandlerMapping.registerHandlerMethod(RequestMappingHandlerMapping.java:80)
	at org.springframework.web.servlet.handler.AbstractHandlerMethodMapping.lambda$detectHandlerMethods$1(AbstractHandlerMethodMapping.java:294)
	at java.base/java.util.LinkedHashMap.forEach(LinkedHashMap.java:986)
	at org.springframework.web.servlet.handler.AbstractHandlerMethodMapping.detectHandlerMethods(AbstractHandlerMethodMapping.java:292)
	at org.springframework.web.servlet.handler.AbstractHandlerMethodMapping.processCandidateBean(AbstractHandlerMethodMapping.java:261)
	at org.springframework.web.servlet.handler.AbstractHandlerMethodMapping.initHandlerMethods(AbstractHandlerMethodMapping.java:220)
	at org.springframework.web.servlet.handler.AbstractHandlerMethodMapping.afterPropertiesSet(AbstractHandlerMethodMapping.java:208)
	at org.springframework.web.servlet.mvc.method.annotation.RequestMappingHandlerMapping.afterPropertiesSet(RequestMappingHandlerMapping.java:158)
	at org.springframework.beans.factory.support.AbstractAutowireCapableBeanFactory.invokeInitMethods(AbstractAutowireCapableBeanFactory.java:1864)
	at org.springframework.beans.factory.support.AbstractAutowireCapableBeanFactory.initializeBean(AbstractAutowireCapableBeanFactory.java:1813)
	... 21 common frames omitted
2026-05-24 15:06:41.336 INFO  [restartedMain] o.s.d.r.c.RepositoryConfigurationDelegate - Bootstrapping Spring Data JPA repositories in DEFAULT mode.
2026-05-24 15:06:41.341 INFO  [restartedMain] o.s.d.r.c.RepositoryConfigurationDelegate - Finished Spring Data repository scanning in 3 ms. Found 1 JPA repository interface.
2026-05-24 15:06:41.396 INFO  [restartedMain] o.s.boot.tomcat.TomcatWebServer - Tomcat initialized with port 8080 (http)
2026-05-24 15:06:41.396 INFO  [restartedMain] o.a.catalina.core.StandardService - Starting service [Tomcat]
2026-05-24 15:06:41.396 INFO  [restartedMain] o.a.catalina.core.StandardEngine - Starting Servlet engine: [Apache Tomcat/11.0.21]
2026-05-24 15:06:41.404 INFO  [restartedMain] o.s.b.w.c.s.WebApplicationContextInitializer - Root WebApplicationContext: initialization completed in 182 ms
2026-05-24 15:06:41.424 INFO  [restartedMain] org.hibernate.orm.jpa - HHH008540: Processing PersistenceUnitInfo [name: default]
2026-05-24 15:06:41.444 INFO  [restartedMain] o.s.o.j.p.SpringPersistenceUnitInfo - No LoadTimeWeaver setup: ignoring JPA class transformer
2026-05-24 15:06:41.445 INFO  [restartedMain] com.zaxxer.hikari.HikariDataSource - HikariPool-126 - Starting...
2026-05-24 15:06:41.522 INFO  [restartedMain] com.zaxxer.hikari.pool.HikariPool - HikariPool-126 - Added connection com.mysql.cj.jdbc.ConnectionImpl@3ef62aaa
2026-05-24 15:06:41.523 INFO  [restartedMain] com.zaxxer.hikari.HikariDataSource - HikariPool-126 - Start completed.
2026-05-24 15:06:41.523 WARN  [restartedMain] org.hibernate.orm.deprecation - HHH90000025: MySQLDialect does not need to be specified explicitly using 'hibernate.dialect' (remove the property setting and it will be selected by default)
2026-05-24 15:06:41.524 INFO  [restartedMain] o.hibernate.orm.connections.pooling - HHH10001005: Database info:
	Database JDBC URL [jdbc:mysql://localhost:3306/springbootdb]
	Database driver: MySQL Connector/J
	Database dialect: MySQLDialect
	Database version: 9.6
	Default catalog/schema: springbootdb/undefined
	Autocommit mode: undefined/unknown
	Isolation level: REPEATABLE_READ [default REPEATABLE_READ]
	JDBC fetch size: none
	Pool: DataSourceConnectionProvider
	Minimum pool size: undefined/unknown
	Maximum pool size: undefined/unknown
2026-05-24 15:06:41.545 INFO  [restartedMain] org.hibernate.orm.core - HHH000489: No JTA platform available (set 'hibernate.transaction.jta.platform' to enable JTA platform integration)
2026-05-24 15:06:41.576 INFO  [restartedMain] o.s.o.j.LocalContainerEntityManagerFactoryBean - Initialized JPA EntityManagerFactory for persistence unit 'default'
2026-05-24 15:06:41.679 WARN  [restartedMain] o.s.b.j.a.JpaBaseConfiguration$JpaWebConfiguration - spring.jpa.open-in-view is enabled by default. Therefore, database queries may be performed during view rendering. Explicitly configure spring.jpa.open-in-view to disable this warning
2026-05-24 15:06:41.695 INFO  [restartedMain] o.s.s.c.a.a.c.InitializeUserDetailsBeanManagerConfigurer$InitializeUserDetailsManagerConfigurer - Global AuthenticationManager configured with UserDetailsService bean with name customUserDetailsService
2026-05-24 15:06:41.916 INFO  [restartedMain] o.s.boot.tomcat.TomcatWebServer - Tomcat started on port 8080 (http) with context path '/'
2026-05-24 15:06:41.920 INFO  [restartedMain] o.s.b.d.a.ConditionEvaluationDeltaLoggingListener - Condition evaluation unchanged
2026-05-24 15:06:47.545 INFO  [http-nio-8080-exec-2] o.a.c.c.C.[Tomcat-3].[localhost].[/] - Initializing Spring DispatcherServlet 'dispatcherServlet'
2026-05-24 15:06:47.547 INFO  [http-nio-8080-exec-2] o.s.web.servlet.DispatcherServlet - Initializing Servlet 'dispatcherServlet'
2026-05-24 15:06:47.572 INFO  [http-nio-8080-exec-2] o.s.web.servlet.DispatcherServlet - Completed initialization in 24 ms
2026-05-24 15:06:52.401 INFO  [File Watcher] o.s.b.d.a.LocalDevToolsAutoConfiguration$RestartingClassPathChangeChangedEventListener - Restarting due to 1 class path change (0 additions, 0 deletions, 1 modification)
2026-05-24 15:06:52.412 INFO  [Thread-492] o.s.boot.tomcat.GracefulShutdown - Commencing graceful shutdown. Waiting for active requests to complete
2026-05-24 15:06:52.414 INFO  [tomcat-shutdown] o.s.boot.tomcat.GracefulShutdown - Graceful shutdown complete
2026-05-24 15:06:52.417 INFO  [Thread-492] o.s.o.j.LocalContainerEntityManagerFactoryBean - Closing JPA EntityManagerFactory for persistence unit 'default'
2026-05-24 15:06:52.423 INFO  [Thread-492] com.zaxxer.hikari.HikariDataSource - HikariPool-126 - Shutdown initiated...
2026-05-24 15:06:52.440 INFO  [Thread-492] com.zaxxer.hikari.HikariDataSource - HikariPool-126 - Shutdown completed.
2026-05-24 15:06:52.660 INFO  [restartedMain] o.s.d.r.c.RepositoryConfigurationDelegate - Bootstrapping Spring Data JPA repositories in DEFAULT mode.
2026-05-24 15:06:52.665 INFO  [restartedMain] o.s.d.r.c.RepositoryConfigurationDelegate - Finished Spring Data repository scanning in 4 ms. Found 1 JPA repository interface.
2026-05-24 15:06:52.725 INFO  [restartedMain] o.s.boot.tomcat.TomcatWebServer - Tomcat initialized with port 8080 (http)
2026-05-24 15:06:52.725 INFO  [restartedMain] o.a.catalina.core.StandardService - Starting service [Tomcat]
2026-05-24 15:06:52.725 INFO  [restartedMain] o.a.catalina.core.StandardEngine - Starting Servlet engine: [Apache Tomcat/11.0.21]
2026-05-24 15:06:52.730 INFO  [restartedMain] o.s.b.w.c.s.WebApplicationContextInitializer - Root WebApplicationContext: initialization completed in 160 ms
2026-05-24 15:06:52.745 INFO  [restartedMain] org.hibernate.orm.jpa - HHH008540: Processing PersistenceUnitInfo [name: default]
2026-05-24 15:06:52.761 INFO  [restartedMain] o.s.o.j.p.SpringPersistenceUnitInfo - No LoadTimeWeaver setup: ignoring JPA class transformer
2026-05-24 15:06:52.761 INFO  [restartedMain] com.zaxxer.hikari.HikariDataSource - HikariPool-127 - Starting...
2026-05-24 15:06:52.808 INFO  [restartedMain] com.zaxxer.hikari.pool.HikariPool - HikariPool-127 - Added connection com.mysql.cj.jdbc.ConnectionImpl@eba59b1
2026-05-24 15:06:52.808 INFO  [restartedMain] com.zaxxer.hikari.HikariDataSource - HikariPool-127 - Start completed.
2026-05-24 15:06:52.809 WARN  [restartedMain] org.hibernate.orm.deprecation - HHH90000025: MySQLDialect does not need to be specified explicitly using 'hibernate.dialect' (remove the property setting and it will be selected by default)
2026-05-24 15:06:52.809 INFO  [restartedMain] o.hibernate.orm.connections.pooling - HHH10001005: Database info:
	Database JDBC URL [jdbc:mysql://localhost:3306/springbootdb]
	Database driver: MySQL Connector/J
	Database dialect: MySQLDialect
	Database version: 9.6
	Default catalog/schema: springbootdb/undefined
	Autocommit mode: undefined/unknown
	Isolation level: REPEATABLE_READ [default REPEATABLE_READ]
	JDBC fetch size: none
	Pool: DataSourceConnectionProvider
	Minimum pool size: undefined/unknown
	Maximum pool size: undefined/unknown
2026-05-24 15:06:52.827 INFO  [restartedMain] org.hibernate.orm.core - HHH000489: No JTA platform available (set 'hibernate.transaction.jta.platform' to enable JTA platform integration)
2026-05-24 15:06:52.865 INFO  [restartedMain] o.s.o.j.LocalContainerEntityManagerFactoryBean - Initialized JPA EntityManagerFactory for persistence unit 'default'
2026-05-24 15:06:52.907 WARN  [restartedMain] o.s.b.j.a.JpaBaseConfiguration$JpaWebConfiguration - spring.jpa.open-in-view is enabled by default. Therefore, database queries may be performed during view rendering. Explicitly configure spring.jpa.open-in-view to disable this warning
2026-05-24 15:06:52.921 INFO  [restartedMain] o.s.s.c.a.a.c.InitializeUserDetailsBeanManagerConfigurer$InitializeUserDetailsManagerConfigurer - Global AuthenticationManager configured with UserDetailsService bean with name customUserDetailsService
2026-05-24 15:06:52.985 INFO  [restartedMain] o.s.boot.tomcat.TomcatWebServer - Tomcat started on port 8080 (http) with context path '/'
2026-05-24 15:06:52.987 INFO  [restartedMain] o.s.b.d.a.ConditionEvaluationDeltaLoggingListener - Condition evaluation unchanged
2026-05-24 15:07:26.645 INFO  [File Watcher] o.s.b.d.a.LocalDevToolsAutoConfiguration$RestartingClassPathChangeChangedEventListener - Restarting due to 1 class path change (0 additions, 0 deletions, 1 modification)
2026-05-24 15:07:26.653 INFO  [Thread-502] o.s.boot.tomcat.GracefulShutdown - Commencing graceful shutdown. Waiting for active requests to complete
2026-05-24 15:07:26.655 INFO  [tomcat-shutdown] o.s.boot.tomcat.GracefulShutdown - Graceful shutdown complete
2026-05-24 15:07:26.661 INFO  [Thread-502] o.s.o.j.LocalContainerEntityManagerFactoryBean - Closing JPA EntityManagerFactory for persistence unit 'default'
2026-05-24 15:07:26.663 INFO  [Thread-502] com.zaxxer.hikari.HikariDataSource - HikariPool-127 - Shutdown initiated...
2026-05-24 15:07:26.666 INFO  [Thread-502] com.zaxxer.hikari.HikariDataSource - HikariPool-127 - Shutdown completed.
2026-05-24 15:07:26.947 INFO  [restartedMain] o.s.d.r.c.RepositoryConfigurationDelegate - Bootstrapping Spring Data JPA repositories in DEFAULT mode.
2026-05-24 15:07:26.958 INFO  [restartedMain] o.s.d.r.c.RepositoryConfigurationDelegate - Finished Spring Data repository scanning in 9 ms. Found 1 JPA repository interface.
2026-05-24 15:07:27.040 INFO  [restartedMain] o.s.boot.tomcat.TomcatWebServer - Tomcat initialized with port 8080 (http)
2026-05-24 15:07:27.041 INFO  [restartedMain] o.a.catalina.core.StandardService - Starting service [Tomcat]
2026-05-24 15:07:27.041 INFO  [restartedMain] o.a.catalina.core.StandardEngine - Starting Servlet engine: [Apache Tomcat/11.0.21]
2026-05-24 15:07:27.046 INFO  [restartedMain] o.s.b.w.c.s.WebApplicationContextInitializer - Root WebApplicationContext: initialization completed in 215 ms
2026-05-24 15:07:27.060 INFO  [restartedMain] org.hibernate.orm.jpa - HHH008540: Processing PersistenceUnitInfo [name: default]
2026-05-24 15:07:27.073 INFO  [restartedMain] o.s.o.j.p.SpringPersistenceUnitInfo - No LoadTimeWeaver setup: ignoring JPA class transformer
2026-05-24 15:07:27.073 INFO  [restartedMain] com.zaxxer.hikari.HikariDataSource - HikariPool-128 - Starting...
2026-05-24 15:07:27.085 INFO  [restartedMain] com.zaxxer.hikari.pool.HikariPool - HikariPool-128 - Added connection com.mysql.cj.jdbc.ConnectionImpl@3660d634
2026-05-24 15:07:27.086 INFO  [restartedMain] com.zaxxer.hikari.HikariDataSource - HikariPool-128 - Start completed.
2026-05-24 15:07:27.087 WARN  [restartedMain] org.hibernate.orm.deprecation - HHH90000025: MySQLDialect does not need to be specified explicitly using 'hibernate.dialect' (remove the property setting and it will be selected by default)
2026-05-24 15:07:27.087 INFO  [restartedMain] o.hibernate.orm.connections.pooling - HHH10001005: Database info:
	Database JDBC URL [jdbc:mysql://localhost:3306/springbootdb]
	Database driver: MySQL Connector/J
	Database dialect: MySQLDialect
	Database version: 9.6
	Default catalog/schema: springbootdb/undefined
	Autocommit mode: undefined/unknown
	Isolation level: REPEATABLE_READ [default REPEATABLE_READ]
	JDBC fetch size: none
	Pool: DataSourceConnectionProvider
	Minimum pool size: undefined/unknown
	Maximum pool size: undefined/unknown
2026-05-24 15:07:27.107 INFO  [restartedMain] org.hibernate.orm.core - HHH000489: No JTA platform available (set 'hibernate.transaction.jta.platform' to enable JTA platform integration)
2026-05-24 15:07:27.114 INFO  [restartedMain] o.s.o.j.LocalContainerEntityManagerFactoryBean - Initialized JPA EntityManagerFactory for persistence unit 'default'
2026-05-24 15:07:27.182 WARN  [restartedMain] o.s.b.j.a.JpaBaseConfiguration$JpaWebConfiguration - spring.jpa.open-in-view is enabled by default. Therefore, database queries may be performed during view rendering. Explicitly configure spring.jpa.open-in-view to disable this warning
2026-05-24 15:07:27.198 INFO  [restartedMain] o.s.s.c.a.a.c.InitializeUserDetailsBeanManagerConfigurer$InitializeUserDetailsManagerConfigurer - Global AuthenticationManager configured with UserDetailsService bean with name customUserDetailsService
2026-05-24 15:07:27.281 INFO  [restartedMain] o.s.boot.tomcat.TomcatWebServer - Tomcat started on port 8080 (http) with context path '/'
2026-05-24 15:07:27.283 INFO  [restartedMain] o.s.b.d.a.ConditionEvaluationDeltaLoggingListener - Condition evaluation unchanged
2026-05-24 15:07:28.700 INFO  [File Watcher] o.s.b.d.a.LocalDevToolsAutoConfiguration$RestartingClassPathChangeChangedEventListener - Restarting due to 1 class path change (0 additions, 0 deletions, 1 modification)
2026-05-24 15:07:28.715 INFO  [Thread-506] o.s.boot.tomcat.GracefulShutdown - Commencing graceful shutdown. Waiting for active requests to complete
2026-05-24 15:07:28.731 INFO  [tomcat-shutdown] o.s.boot.tomcat.GracefulShutdown - Graceful shutdown complete
2026-05-24 15:07:28.737 INFO  [Thread-506] o.s.o.j.LocalContainerEntityManagerFactoryBean - Closing JPA EntityManagerFactory for persistence unit 'default'
2026-05-24 15:07:28.744 INFO  [Thread-506] com.zaxxer.hikari.HikariDataSource - HikariPool-128 - Shutdown initiated...
2026-05-24 15:07:28.758 INFO  [Thread-506] com.zaxxer.hikari.HikariDataSource - HikariPool-128 - Shutdown completed.
2026-05-24 15:07:29.199 INFO  [restartedMain] o.s.d.r.c.RepositoryConfigurationDelegate - Bootstrapping Spring Data JPA repositories in DEFAULT mode.
2026-05-24 15:07:29.203 INFO  [restartedMain] o.s.d.r.c.RepositoryConfigurationDelegate - Finished Spring Data repository scanning in 3 ms. Found 1 JPA repository interface.
2026-05-24 15:07:29.249 INFO  [restartedMain] o.s.boot.tomcat.TomcatWebServer - Tomcat initialized with port 8080 (http)
2026-05-24 15:07:29.250 INFO  [restartedMain] o.a.catalina.core.StandardService - Starting service [Tomcat]
2026-05-24 15:07:29.250 INFO  [restartedMain] o.a.catalina.core.StandardEngine - Starting Servlet engine: [Apache Tomcat/11.0.21]
2026-05-24 15:07:29.255 INFO  [restartedMain] o.s.b.w.c.s.WebApplicationContextInitializer - Root WebApplicationContext: initialization completed in 164 ms
2026-05-24 15:07:29.272 INFO  [restartedMain] org.hibernate.orm.jpa - HHH008540: Processing PersistenceUnitInfo [name: default]
2026-05-24 15:07:29.295 INFO  [restartedMain] o.s.o.j.p.SpringPersistenceUnitInfo - No LoadTimeWeaver setup: ignoring JPA class transformer
2026-05-24 15:07:29.295 INFO  [restartedMain] com.zaxxer.hikari.HikariDataSource - HikariPool-129 - Starting...
2026-05-24 15:07:29.306 INFO  [restartedMain] com.zaxxer.hikari.pool.HikariPool - HikariPool-129 - Added connection com.mysql.cj.jdbc.ConnectionImpl@142ca187
2026-05-24 15:07:29.306 INFO  [restartedMain] com.zaxxer.hikari.HikariDataSource - HikariPool-129 - Start completed.
2026-05-24 15:07:29.307 WARN  [restartedMain] org.hibernate.orm.deprecation - HHH90000025: MySQLDialect does not need to be specified explicitly using 'hibernate.dialect' (remove the property setting and it will be selected by default)
2026-05-24 15:07:29.307 INFO  [restartedMain] o.hibernate.orm.connections.pooling - HHH10001005: Database info:
	Database JDBC URL [jdbc:mysql://localhost:3306/springbootdb]
	Database driver: MySQL Connector/J
	Database dialect: MySQLDialect
	Database version: 9.6
	Default catalog/schema: springbootdb/undefined
	Autocommit mode: undefined/unknown
	Isolation level: REPEATABLE_READ [default REPEATABLE_READ]
	JDBC fetch size: none
	Pool: DataSourceConnectionProvider
	Minimum pool size: undefined/unknown
	Maximum pool size: undefined/unknown
2026-05-24 15:07:29.325 INFO  [restartedMain] org.hibernate.orm.core - HHH000489: No JTA platform available (set 'hibernate.transaction.jta.platform' to enable JTA platform integration)
2026-05-24 15:07:29.336 INFO  [restartedMain] o.s.o.j.LocalContainerEntityManagerFactoryBean - Initialized JPA EntityManagerFactory for persistence unit 'default'
2026-05-24 15:07:29.377 WARN  [restartedMain] o.s.b.j.a.JpaBaseConfiguration$JpaWebConfiguration - spring.jpa.open-in-view is enabled by default. Therefore, database queries may be performed during view rendering. Explicitly configure spring.jpa.open-in-view to disable this warning
2026-05-24 15:07:29.400 INFO  [restartedMain] o.s.s.c.a.a.c.InitializeUserDetailsBeanManagerConfigurer$InitializeUserDetailsManagerConfigurer - Global AuthenticationManager configured with UserDetailsService bean with name customUserDetailsService
2026-05-24 15:07:29.481 INFO  [restartedMain] o.s.boot.tomcat.TomcatWebServer - Tomcat started on port 8080 (http) with context path '/'
2026-05-24 15:07:29.485 INFO  [restartedMain] o.s.b.d.a.ConditionEvaluationDeltaLoggingListener - Condition evaluation unchanged
2026-05-24 15:07:30.824 INFO  [http-nio-8080-exec-1] o.a.c.c.C.[Tomcat-3].[localhost].[/] - Initializing Spring DispatcherServlet 'dispatcherServlet'
2026-05-24 15:07:30.824 INFO  [http-nio-8080-exec-1] o.s.web.servlet.DispatcherServlet - Initializing Servlet 'dispatcherServlet'
2026-05-24 15:07:30.826 INFO  [http-nio-8080-exec-1] o.s.web.servlet.DispatcherServlet - Completed initialization in 2 ms
2026-05-24 15:14:42.579 INFO  [File Watcher] o.s.b.d.a.LocalDevToolsAutoConfiguration$RestartingClassPathChangeChangedEventListener - Restarting due to 1 class path change (0 additions, 0 deletions, 1 modification)
2026-05-24 15:14:42.606 INFO  [Thread-510] o.s.boot.tomcat.GracefulShutdown - Commencing graceful shutdown. Waiting for active requests to complete
2026-05-24 15:14:42.611 INFO  [tomcat-shutdown] o.s.boot.tomcat.GracefulShutdown - Graceful shutdown complete
2026-05-24 15:14:42.616 INFO  [Thread-510] o.s.o.j.LocalContainerEntityManagerFactoryBean - Closing JPA EntityManagerFactory for persistence unit 'default'
2026-05-24 15:14:42.621 INFO  [Thread-510] com.zaxxer.hikari.HikariDataSource - HikariPool-129 - Shutdown initiated...
2026-05-24 15:14:42.633 INFO  [Thread-510] com.zaxxer.hikari.HikariDataSource - HikariPool-129 - Shutdown completed.
2026-05-24 15:14:43.012 INFO  [restartedMain] o.s.d.r.c.RepositoryConfigurationDelegate - Bootstrapping Spring Data JPA repositories in DEFAULT mode.
2026-05-24 15:14:43.017 INFO  [restartedMain] o.s.d.r.c.RepositoryConfigurationDelegate - Finished Spring Data repository scanning in 4 ms. Found 1 JPA repository interface.
2026-05-24 15:14:43.075 INFO  [restartedMain] o.s.boot.tomcat.TomcatWebServer - Tomcat initialized with port 8080 (http)
2026-05-24 15:14:43.076 INFO  [restartedMain] o.a.catalina.core.StandardService - Starting service [Tomcat]
2026-05-24 15:14:43.076 INFO  [restartedMain] o.a.catalina.core.StandardEngine - Starting Servlet engine: [Apache Tomcat/11.0.21]
2026-05-24 15:14:43.083 INFO  [restartedMain] o.s.b.w.c.s.WebApplicationContextInitializer - Root WebApplicationContext: initialization completed in 265 ms
2026-05-24 15:14:43.099 INFO  [restartedMain] org.hibernate.orm.jpa - HHH008540: Processing PersistenceUnitInfo [name: default]
2026-05-24 15:14:43.122 INFO  [restartedMain] o.s.o.j.p.SpringPersistenceUnitInfo - No LoadTimeWeaver setup: ignoring JPA class transformer
2026-05-24 15:14:43.122 INFO  [restartedMain] com.zaxxer.hikari.HikariDataSource - HikariPool-130 - Starting...
2026-05-24 15:14:43.223 INFO  [restartedMain] com.zaxxer.hikari.pool.HikariPool - HikariPool-130 - Added connection com.mysql.cj.jdbc.ConnectionImpl@572c69a5
2026-05-24 15:14:43.223 INFO  [restartedMain] com.zaxxer.hikari.HikariDataSource - HikariPool-130 - Start completed.
2026-05-24 15:14:43.223 WARN  [restartedMain] org.hibernate.orm.deprecation - HHH90000025: MySQLDialect does not need to be specified explicitly using 'hibernate.dialect' (remove the property setting and it will be selected by default)
2026-05-24 15:14:43.224 INFO  [restartedMain] o.hibernate.orm.connections.pooling - HHH10001005: Database info:
	Database JDBC URL [jdbc:mysql://localhost:3306/springbootdb]
	Database driver: MySQL Connector/J
	Database dialect: MySQLDialect
	Database version: 9.6
	Default catalog/schema: springbootdb/undefined
	Autocommit mode: undefined/unknown
	Isolation level: REPEATABLE_READ [default REPEATABLE_READ]
	JDBC fetch size: none
	Pool: DataSourceConnectionProvider
	Minimum pool size: undefined/unknown
	Maximum pool size: undefined/unknown
2026-05-24 15:14:43.248 INFO  [restartedMain] org.hibernate.orm.core - HHH000489: No JTA platform available (set 'hibernate.transaction.jta.platform' to enable JTA platform integration)
2026-05-24 15:14:43.315 INFO  [restartedMain] o.s.o.j.LocalContainerEntityManagerFactoryBean - Initialized JPA EntityManagerFactory for persistence unit 'default'
2026-05-24 15:14:43.366 WARN  [restartedMain] o.s.b.j.a.JpaBaseConfiguration$JpaWebConfiguration - spring.jpa.open-in-view is enabled by default. Therefore, database queries may be performed during view rendering. Explicitly configure spring.jpa.open-in-view to disable this warning
2026-05-24 15:14:43.392 INFO  [restartedMain] o.s.s.c.a.a.c.InitializeUserDetailsBeanManagerConfigurer$InitializeUserDetailsManagerConfigurer - Global AuthenticationManager configured with UserDetailsService bean with name customUserDetailsService
2026-05-24 15:14:43.481 INFO  [restartedMain] o.s.boot.tomcat.TomcatWebServer - Tomcat started on port 8080 (http) with context path '/'
2026-05-24 15:14:43.484 INFO  [restartedMain] o.s.b.d.a.ConditionEvaluationDeltaLoggingListener - Condition evaluation unchanged
2026-05-24 15:21:23.449 INFO  [File Watcher] o.s.b.d.a.LocalDevToolsAutoConfiguration$RestartingClassPathChangeChangedEventListener - Restarting due to 1 class path change (0 additions, 0 deletions, 1 modification)
2026-05-24 15:21:23.467 INFO  [Thread-514] o.s.boot.tomcat.GracefulShutdown - Commencing graceful shutdown. Waiting for active requests to complete
2026-05-24 15:21:23.471 INFO  [tomcat-shutdown] o.s.boot.tomcat.GracefulShutdown - Graceful shutdown complete
2026-05-24 15:21:23.478 INFO  [Thread-514] o.s.o.j.LocalContainerEntityManagerFactoryBean - Closing JPA EntityManagerFactory for persistence unit 'default'
2026-05-24 15:21:23.482 INFO  [Thread-514] com.zaxxer.hikari.HikariDataSource - HikariPool-130 - Shutdown initiated...
2026-05-24 15:21:23.496 INFO  [Thread-514] com.zaxxer.hikari.HikariDataSource - HikariPool-130 - Shutdown completed.
2026-05-24 15:21:23.739 INFO  [restartedMain] o.s.d.r.c.RepositoryConfigurationDelegate - Bootstrapping Spring Data JPA repositories in DEFAULT mode.
2026-05-24 15:21:23.747 INFO  [restartedMain] o.s.d.r.c.RepositoryConfigurationDelegate - Finished Spring Data repository scanning in 6 ms. Found 1 JPA repository interface.
2026-05-24 15:21:23.799 INFO  [restartedMain] o.s.boot.tomcat.TomcatWebServer - Tomcat initialized with port 8080 (http)
2026-05-24 15:21:23.800 INFO  [restartedMain] o.a.catalina.core.StandardService - Starting service [Tomcat]
2026-05-24 15:21:23.800 INFO  [restartedMain] o.a.catalina.core.StandardEngine - Starting Servlet engine: [Apache Tomcat/11.0.21]
2026-05-24 15:21:23.804 INFO  [restartedMain] o.s.b.w.c.s.WebApplicationContextInitializer - Root WebApplicationContext: initialization completed in 171 ms
2026-05-24 15:21:23.820 INFO  [restartedMain] org.hibernate.orm.jpa - HHH008540: Processing PersistenceUnitInfo [name: default]
2026-05-24 15:21:23.838 INFO  [restartedMain] o.s.o.j.p.SpringPersistenceUnitInfo - No LoadTimeWeaver setup: ignoring JPA class transformer
2026-05-24 15:21:23.839 INFO  [restartedMain] com.zaxxer.hikari.HikariDataSource - HikariPool-131 - Starting...
2026-05-24 15:21:23.897 INFO  [restartedMain] com.zaxxer.hikari.pool.HikariPool - HikariPool-131 - Added connection com.mysql.cj.jdbc.ConnectionImpl@37df9e14
2026-05-24 15:21:23.897 INFO  [restartedMain] com.zaxxer.hikari.HikariDataSource - HikariPool-131 - Start completed.
2026-05-24 15:21:23.898 WARN  [restartedMain] org.hibernate.orm.deprecation - HHH90000025: MySQLDialect does not need to be specified explicitly using 'hibernate.dialect' (remove the property setting and it will be selected by default)
2026-05-24 15:21:23.898 INFO  [restartedMain] o.hibernate.orm.connections.pooling - HHH10001005: Database info:
	Database JDBC URL [jdbc:mysql://localhost:3306/springbootdb]
	Database driver: MySQL Connector/J
	Database dialect: MySQLDialect
	Database version: 9.6
	Default catalog/schema: springbootdb/undefined
	Autocommit mode: undefined/unknown
	Isolation level: REPEATABLE_READ [default REPEATABLE_READ]
	JDBC fetch size: none
	Pool: DataSourceConnectionProvider
	Minimum pool size: undefined/unknown
	Maximum pool size: undefined/unknown
2026-05-24 15:21:23.918 INFO  [restartedMain] org.hibernate.orm.core - HHH000489: No JTA platform available (set 'hibernate.transaction.jta.platform' to enable JTA platform integration)
2026-05-24 15:21:23.959 INFO  [restartedMain] o.s.o.j.LocalContainerEntityManagerFactoryBean - Initialized JPA EntityManagerFactory for persistence unit 'default'
2026-05-24 15:21:24.012 WARN  [restartedMain] o.s.b.j.a.JpaBaseConfiguration$JpaWebConfiguration - spring.jpa.open-in-view is enabled by default. Therefore, database queries may be performed during view rendering. Explicitly configure spring.jpa.open-in-view to disable this warning
2026-05-24 15:21:24.029 INFO  [restartedMain] o.s.s.c.a.a.c.InitializeUserDetailsBeanManagerConfigurer$InitializeUserDetailsManagerConfigurer - Global AuthenticationManager configured with UserDetailsService bean with name customUserDetailsService
2026-05-24 15:21:24.121 INFO  [restartedMain] o.s.boot.tomcat.TomcatWebServer - Tomcat started on port 8080 (http) with context path '/'
2026-05-24 15:21:24.124 INFO  [restartedMain] o.s.b.d.a.ConditionEvaluationDeltaLoggingListener - Condition evaluation unchanged
2026-05-24 15:21:32.581 INFO  [File Watcher] o.s.b.d.a.LocalDevToolsAutoConfiguration$RestartingClassPathChangeChangedEventListener - Restarting due to 1 class path change (0 additions, 0 deletions, 1 modification)
2026-05-24 15:21:32.599 INFO  [Thread-518] o.s.boot.tomcat.GracefulShutdown - Commencing graceful shutdown. Waiting for active requests to complete
2026-05-24 15:21:32.602 INFO  [tomcat-shutdown] o.s.boot.tomcat.GracefulShutdown - Graceful shutdown complete
2026-05-24 15:21:32.606 INFO  [Thread-518] o.s.o.j.LocalContainerEntityManagerFactoryBean - Closing JPA EntityManagerFactory for persistence unit 'default'
2026-05-24 15:21:32.608 INFO  [Thread-518] com.zaxxer.hikari.HikariDataSource - HikariPool-131 - Shutdown initiated...
2026-05-24 15:21:32.615 INFO  [Thread-518] com.zaxxer.hikari.HikariDataSource - HikariPool-131 - Shutdown completed.
2026-05-24 15:21:32.818 INFO  [restartedMain] o.s.d.r.c.RepositoryConfigurationDelegate - Bootstrapping Spring Data JPA repositories in DEFAULT mode.
2026-05-24 15:21:32.822 INFO  [restartedMain] o.s.d.r.c.RepositoryConfigurationDelegate - Finished Spring Data repository scanning in 2 ms. Found 1 JPA repository interface.
2026-05-24 15:21:32.897 INFO  [restartedMain] o.s.boot.tomcat.TomcatWebServer - Tomcat initialized with port 8080 (http)
2026-05-24 15:21:32.897 INFO  [restartedMain] o.a.catalina.core.StandardService - Starting service [Tomcat]
2026-05-24 15:21:32.897 INFO  [restartedMain] o.a.catalina.core.StandardEngine - Starting Servlet engine: [Apache Tomcat/11.0.21]
2026-05-24 15:21:32.902 INFO  [restartedMain] o.s.b.w.c.s.WebApplicationContextInitializer - Root WebApplicationContext: initialization completed in 148 ms
2026-05-24 15:21:32.923 INFO  [restartedMain] org.hibernate.orm.jpa - HHH008540: Processing PersistenceUnitInfo [name: default]
2026-05-24 15:21:32.935 INFO  [restartedMain] o.s.o.j.p.SpringPersistenceUnitInfo - No LoadTimeWeaver setup: ignoring JPA class transformer
2026-05-24 15:21:32.936 INFO  [restartedMain] com.zaxxer.hikari.HikariDataSource - HikariPool-132 - Starting...
2026-05-24 15:21:32.948 INFO  [restartedMain] com.zaxxer.hikari.pool.HikariPool - HikariPool-132 - Added connection com.mysql.cj.jdbc.ConnectionImpl@30796210
2026-05-24 15:21:32.948 INFO  [restartedMain] com.zaxxer.hikari.HikariDataSource - HikariPool-132 - Start completed.
2026-05-24 15:21:32.949 WARN  [restartedMain] org.hibernate.orm.deprecation - HHH90000025: MySQLDialect does not need to be specified explicitly using 'hibernate.dialect' (remove the property setting and it will be selected by default)
2026-05-24 15:21:32.950 INFO  [restartedMain] o.hibernate.orm.connections.pooling - HHH10001005: Database info:
	Database JDBC URL [jdbc:mysql://localhost:3306/springbootdb]
	Database driver: MySQL Connector/J
	Database dialect: MySQLDialect
	Database version: 9.6
	Default catalog/schema: springbootdb/undefined
	Autocommit mode: undefined/unknown
	Isolation level: REPEATABLE_READ [default REPEATABLE_READ]
	JDBC fetch size: none
	Pool: DataSourceConnectionProvider
	Minimum pool size: undefined/unknown
	Maximum pool size: undefined/unknown
2026-05-24 15:21:32.964 INFO  [restartedMain] org.hibernate.orm.core - HHH000489: No JTA platform available (set 'hibernate.transaction.jta.platform' to enable JTA platform integration)
2026-05-24 15:21:32.981 INFO  [restartedMain] o.s.o.j.LocalContainerEntityManagerFactoryBean - Initialized JPA EntityManagerFactory for persistence unit 'default'
2026-05-24 15:21:33.020 WARN  [restartedMain] o.s.b.j.a.JpaBaseConfiguration$JpaWebConfiguration - spring.jpa.open-in-view is enabled by default. Therefore, database queries may be performed during view rendering. Explicitly configure spring.jpa.open-in-view to disable this warning
2026-05-24 15:21:33.035 INFO  [restartedMain] o.s.s.c.a.a.c.InitializeUserDetailsBeanManagerConfigurer$InitializeUserDetailsManagerConfigurer - Global AuthenticationManager configured with UserDetailsService bean with name customUserDetailsService
2026-05-24 15:21:33.104 INFO  [restartedMain] o.s.boot.tomcat.TomcatWebServer - Tomcat started on port 8080 (http) with context path '/'
2026-05-24 15:21:33.105 INFO  [restartedMain] o.s.b.d.a.ConditionEvaluationDeltaLoggingListener - Condition evaluation unchanged
2026-05-24 15:21:49.649 INFO  [File Watcher] o.s.b.d.a.LocalDevToolsAutoConfiguration$RestartingClassPathChangeChangedEventListener - Restarting due to 1 class path change (0 additions, 0 deletions, 1 modification)
2026-05-24 15:21:49.667 INFO  [Thread-522] o.s.boot.tomcat.GracefulShutdown - Commencing graceful shutdown. Waiting for active requests to complete
2026-05-24 15:21:49.670 INFO  [tomcat-shutdown] o.s.boot.tomcat.GracefulShutdown - Graceful shutdown complete
2026-05-24 15:21:49.678 INFO  [Thread-522] o.s.o.j.LocalContainerEntityManagerFactoryBean - Closing JPA EntityManagerFactory for persistence unit 'default'
2026-05-24 15:21:49.683 INFO  [Thread-522] com.zaxxer.hikari.HikariDataSource - HikariPool-132 - Shutdown initiated...
2026-05-24 15:21:49.702 INFO  [Thread-522] com.zaxxer.hikari.HikariDataSource - HikariPool-132 - Shutdown completed.
2026-05-24 15:21:49.961 INFO  [restartedMain] o.s.d.r.c.RepositoryConfigurationDelegate - Bootstrapping Spring Data JPA repositories in DEFAULT mode.
2026-05-24 15:21:49.970 INFO  [restartedMain] o.s.d.r.c.RepositoryConfigurationDelegate - Finished Spring Data repository scanning in 8 ms. Found 1 JPA repository interface.
2026-05-24 15:21:50.028 INFO  [restartedMain] o.s.boot.tomcat.TomcatWebServer - Tomcat initialized with port 8080 (http)
2026-05-24 15:21:50.028 INFO  [restartedMain] o.a.catalina.core.StandardService - Starting service [Tomcat]
2026-05-24 15:21:50.028 INFO  [restartedMain] o.a.catalina.core.StandardEngine - Starting Servlet engine: [Apache Tomcat/11.0.21]
2026-05-24 15:21:50.033 INFO  [restartedMain] o.s.b.w.c.s.WebApplicationContextInitializer - Root WebApplicationContext: initialization completed in 175 ms
2026-05-24 15:21:50.048 INFO  [restartedMain] org.hibernate.orm.jpa - HHH008540: Processing PersistenceUnitInfo [name: default]
2026-05-24 15:21:50.062 INFO  [restartedMain] o.s.o.j.p.SpringPersistenceUnitInfo - No LoadTimeWeaver setup: ignoring JPA class transformer
2026-05-24 15:21:50.062 INFO  [restartedMain] com.zaxxer.hikari.HikariDataSource - HikariPool-133 - Starting...
2026-05-24 15:21:50.115 INFO  [restartedMain] com.zaxxer.hikari.pool.HikariPool - HikariPool-133 - Added connection com.mysql.cj.jdbc.ConnectionImpl@5159227d
2026-05-24 15:21:50.116 INFO  [restartedMain] com.zaxxer.hikari.HikariDataSource - HikariPool-133 - Start completed.
2026-05-24 15:21:50.116 WARN  [restartedMain] org.hibernate.orm.deprecation - HHH90000025: MySQLDialect does not need to be specified explicitly using 'hibernate.dialect' (remove the property setting and it will be selected by default)
2026-05-24 15:21:50.117 INFO  [restartedMain] o.hibernate.orm.connections.pooling - HHH10001005: Database info:
	Database JDBC URL [jdbc:mysql://localhost:3306/springbootdb]
	Database driver: MySQL Connector/J
	Database dialect: MySQLDialect
	Database version: 9.6
	Default catalog/schema: springbootdb/undefined
	Autocommit mode: undefined/unknown
	Isolation level: REPEATABLE_READ [default REPEATABLE_READ]
	JDBC fetch size: none
	Pool: DataSourceConnectionProvider
	Minimum pool size: undefined/unknown
	Maximum pool size: undefined/unknown
2026-05-24 15:21:50.135 INFO  [restartedMain] org.hibernate.orm.core - HHH000489: No JTA platform available (set 'hibernate.transaction.jta.platform' to enable JTA platform integration)
2026-05-24 15:21:50.167 INFO  [restartedMain] o.s.o.j.LocalContainerEntityManagerFactoryBean - Initialized JPA EntityManagerFactory for persistence unit 'default'
2026-05-24 15:21:50.211 WARN  [restartedMain] o.s.b.j.a.JpaBaseConfiguration$JpaWebConfiguration - spring.jpa.open-in-view is enabled by default. Therefore, database queries may be performed during view rendering. Explicitly configure spring.jpa.open-in-view to disable this warning
2026-05-24 15:21:50.227 INFO  [restartedMain] o.s.s.c.a.a.c.InitializeUserDetailsBeanManagerConfigurer$InitializeUserDetailsManagerConfigurer - Global AuthenticationManager configured with UserDetailsService bean with name customUserDetailsService
2026-05-24 15:21:50.303 INFO  [restartedMain] o.s.boot.tomcat.TomcatWebServer - Tomcat started on port 8080 (http) with context path '/'
2026-05-24 15:21:50.310 INFO  [restartedMain] o.s.b.d.a.ConditionEvaluationDeltaLoggingListener - Condition evaluation unchanged
2026-05-24 15:21:56.777 INFO  [File Watcher] o.s.b.d.a.LocalDevToolsAutoConfiguration$RestartingClassPathChangeChangedEventListener - Restarting due to 1 class path change (0 additions, 0 deletions, 1 modification)
2026-05-24 15:21:56.788 INFO  [Thread-526] o.s.boot.tomcat.GracefulShutdown - Commencing graceful shutdown. Waiting for active requests to complete
2026-05-24 15:21:56.791 INFO  [tomcat-shutdown] o.s.boot.tomcat.GracefulShutdown - Graceful shutdown complete
2026-05-24 15:21:56.794 INFO  [Thread-526] o.s.o.j.LocalContainerEntityManagerFactoryBean - Closing JPA EntityManagerFactory for persistence unit 'default'
2026-05-24 15:21:56.798 INFO  [Thread-526] com.zaxxer.hikari.HikariDataSource - HikariPool-133 - Shutdown initiated...
2026-05-24 15:21:56.803 INFO  [Thread-526] com.zaxxer.hikari.HikariDataSource - HikariPool-133 - Shutdown completed.
2026-05-24 15:21:57.038 INFO  [restartedMain] o.s.d.r.c.RepositoryConfigurationDelegate - Bootstrapping Spring Data JPA repositories in DEFAULT mode.
2026-05-24 15:21:57.043 INFO  [restartedMain] o.s.d.r.c.RepositoryConfigurationDelegate - Finished Spring Data repository scanning in 3 ms. Found 1 JPA repository interface.
2026-05-24 15:21:57.097 INFO  [restartedMain] o.s.boot.tomcat.TomcatWebServer - Tomcat initialized with port 8080 (http)
2026-05-24 15:21:57.097 INFO  [restartedMain] o.a.catalina.core.StandardService - Starting service [Tomcat]
2026-05-24 15:21:57.097 INFO  [restartedMain] o.a.catalina.core.StandardEngine - Starting Servlet engine: [Apache Tomcat/11.0.21]
2026-05-24 15:21:57.102 INFO  [restartedMain] o.s.b.w.c.s.WebApplicationContextInitializer - Root WebApplicationContext: initialization completed in 134 ms
2026-05-24 15:21:57.116 INFO  [restartedMain] org.hibernate.orm.jpa - HHH008540: Processing PersistenceUnitInfo [name: default]
2026-05-24 15:21:57.133 INFO  [restartedMain] o.s.o.j.p.SpringPersistenceUnitInfo - No LoadTimeWeaver setup: ignoring JPA class transformer
2026-05-24 15:21:57.133 INFO  [restartedMain] com.zaxxer.hikari.HikariDataSource - HikariPool-134 - Starting...
2026-05-24 15:21:57.146 INFO  [restartedMain] com.zaxxer.hikari.pool.HikariPool - HikariPool-134 - Added connection com.mysql.cj.jdbc.ConnectionImpl@6e22a49a
2026-05-24 15:21:57.146 INFO  [restartedMain] com.zaxxer.hikari.HikariDataSource - HikariPool-134 - Start completed.
2026-05-24 15:21:57.147 WARN  [restartedMain] org.hibernate.orm.deprecation - HHH90000025: MySQLDialect does not need to be specified explicitly using 'hibernate.dialect' (remove the property setting and it will be selected by default)
2026-05-24 15:21:57.147 INFO  [restartedMain] o.hibernate.orm.connections.pooling - HHH10001005: Database info:
	Database JDBC URL [jdbc:mysql://localhost:3306/springbootdb]
	Database driver: MySQL Connector/J
	Database dialect: MySQLDialect
	Database version: 9.6
	Default catalog/schema: springbootdb/undefined
	Autocommit mode: undefined/unknown
	Isolation level: REPEATABLE_READ [default REPEATABLE_READ]
	JDBC fetch size: none
	Pool: DataSourceConnectionProvider
	Minimum pool size: undefined/unknown
	Maximum pool size: undefined/unknown
2026-05-24 15:21:57.163 INFO  [restartedMain] org.hibernate.orm.core - HHH000489: No JTA platform available (set 'hibernate.transaction.jta.platform' to enable JTA platform integration)
2026-05-24 15:21:57.179 INFO  [restartedMain] o.s.o.j.LocalContainerEntityManagerFactoryBean - Initialized JPA EntityManagerFactory for persistence unit 'default'
2026-05-24 15:21:57.218 WARN  [restartedMain] o.s.b.j.a.JpaBaseConfiguration$JpaWebConfiguration - spring.jpa.open-in-view is enabled by default. Therefore, database queries may be performed during view rendering. Explicitly configure spring.jpa.open-in-view to disable this warning
2026-05-24 15:21:57.233 INFO  [restartedMain] o.s.s.c.a.a.c.InitializeUserDetailsBeanManagerConfigurer$InitializeUserDetailsManagerConfigurer - Global AuthenticationManager configured with UserDetailsService bean with name customUserDetailsService
2026-05-24 15:21:57.309 INFO  [restartedMain] o.s.boot.tomcat.TomcatWebServer - Tomcat started on port 8080 (http) with context path '/'
2026-05-24 15:21:57.310 INFO  [restartedMain] o.s.b.d.a.ConditionEvaluationDeltaLoggingListener - Condition evaluation unchanged
2026-05-24 15:21:59.754 INFO  [File Watcher] o.s.b.d.a.LocalDevToolsAutoConfiguration$RestartingClassPathChangeChangedEventListener - Restarting due to 1 class path change (0 additions, 0 deletions, 1 modification)
2026-05-24 15:21:59.904 INFO  [Thread-530] o.s.boot.tomcat.GracefulShutdown - Commencing graceful shutdown. Waiting for active requests to complete
2026-05-24 15:21:59.936 INFO  [tomcat-shutdown] o.s.boot.tomcat.GracefulShutdown - Graceful shutdown complete
2026-05-24 15:21:59.971 INFO  [Thread-530] o.s.o.j.LocalContainerEntityManagerFactoryBean - Closing JPA EntityManagerFactory for persistence unit 'default'
2026-05-24 15:21:59.995 INFO  [Thread-530] com.zaxxer.hikari.HikariDataSource - HikariPool-134 - Shutdown initiated...
2026-05-24 15:22:00.044 INFO  [Thread-530] com.zaxxer.hikari.HikariDataSource - HikariPool-134 - Shutdown completed.
2026-05-24 15:22:00.717 INFO  [restartedMain] o.s.d.r.c.RepositoryConfigurationDelegate - Bootstrapping Spring Data JPA repositories in DEFAULT mode.
2026-05-24 15:22:00.729 INFO  [restartedMain] o.s.d.r.c.RepositoryConfigurationDelegate - Finished Spring Data repository scanning in 11 ms. Found 1 JPA repository interface.
2026-05-24 15:22:00.875 INFO  [restartedMain] o.s.boot.tomcat.TomcatWebServer - Tomcat initialized with port 8080 (http)
2026-05-24 15:22:00.876 INFO  [restartedMain] o.a.catalina.core.StandardService - Starting service [Tomcat]
2026-05-24 15:22:00.876 INFO  [restartedMain] o.a.catalina.core.StandardEngine - Starting Servlet engine: [Apache Tomcat/11.0.21]
2026-05-24 15:22:00.892 INFO  [restartedMain] o.s.b.w.c.s.WebApplicationContextInitializer - Root WebApplicationContext: initialization completed in 494 ms
2026-05-24 15:22:00.962 INFO  [restartedMain] org.hibernate.orm.jpa - HHH008540: Processing PersistenceUnitInfo [name: default]
2026-05-24 15:22:00.995 INFO  [restartedMain] o.s.o.j.p.SpringPersistenceUnitInfo - No LoadTimeWeaver setup: ignoring JPA class transformer
2026-05-24 15:22:00.996 INFO  [restartedMain] com.zaxxer.hikari.HikariDataSource - HikariPool-135 - Starting...
2026-05-24 15:22:01.019 INFO  [restartedMain] com.zaxxer.hikari.pool.HikariPool - HikariPool-135 - Added connection com.mysql.cj.jdbc.ConnectionImpl@2702cc1f
2026-05-24 15:22:01.019 INFO  [restartedMain] com.zaxxer.hikari.HikariDataSource - HikariPool-135 - Start completed.
2026-05-24 15:22:01.020 WARN  [restartedMain] org.hibernate.orm.deprecation - HHH90000025: MySQLDialect does not need to be specified explicitly using 'hibernate.dialect' (remove the property setting and it will be selected by default)
2026-05-24 15:22:01.021 INFO  [restartedMain] o.hibernate.orm.connections.pooling - HHH10001005: Database info:
	Database JDBC URL [jdbc:mysql://localhost:3306/springbootdb]
	Database driver: MySQL Connector/J
	Database dialect: MySQLDialect
	Database version: 9.6
	Default catalog/schema: springbootdb/undefined
	Autocommit mode: undefined/unknown
	Isolation level: REPEATABLE_READ [default REPEATABLE_READ]
	JDBC fetch size: none
	Pool: DataSourceConnectionProvider
	Minimum pool size: undefined/unknown
	Maximum pool size: undefined/unknown
2026-05-24 15:22:01.326 INFO  [restartedMain] org.hibernate.orm.core - HHH000489: No JTA platform available (set 'hibernate.transaction.jta.platform' to enable JTA platform integration)
2026-05-24 15:22:01.417 INFO  [restartedMain] o.s.o.j.LocalContainerEntityManagerFactoryBean - Initialized JPA EntityManagerFactory for persistence unit 'default'
2026-05-24 15:22:01.518 WARN  [restartedMain] o.s.b.j.a.JpaBaseConfiguration$JpaWebConfiguration - spring.jpa.open-in-view is enabled by default. Therefore, database queries may be performed during view rendering. Explicitly configure spring.jpa.open-in-view to disable this warning
2026-05-24 15:22:01.543 INFO  [restartedMain] o.s.s.c.a.a.c.InitializeUserDetailsBeanManagerConfigurer$InitializeUserDetailsManagerConfigurer - Global AuthenticationManager configured with UserDetailsService bean with name customUserDetailsService
2026-05-24 15:22:01.632 INFO  [restartedMain] o.s.boot.tomcat.TomcatWebServer - Tomcat started on port 8080 (http) with context path '/'
2026-05-24 15:22:01.636 INFO  [restartedMain] o.s.b.d.a.ConditionEvaluationDeltaLoggingListener - Condition evaluation unchanged
2026-05-24 15:22:02.738 INFO  [http-nio-8080-exec-1] o.a.c.c.C.[Tomcat-3].[localhost].[/] - Initializing Spring DispatcherServlet 'dispatcherServlet'
2026-05-24 15:22:02.738 INFO  [http-nio-8080-exec-1] o.s.web.servlet.DispatcherServlet - Initializing Servlet 'dispatcherServlet'
2026-05-24 15:22:02.740 INFO  [http-nio-8080-exec-1] o.s.web.servlet.DispatcherServlet - Completed initialization in 2 ms
2026-05-24 15:22:16.127 INFO  [File Watcher] o.s.b.d.a.LocalDevToolsAutoConfiguration$RestartingClassPathChangeChangedEventListener - Restarting due to 1 class path change (0 additions, 0 deletions, 1 modification)
2026-05-24 15:22:16.133 INFO  [Thread-534] o.s.boot.tomcat.GracefulShutdown - Commencing graceful shutdown. Waiting for active requests to complete
2026-05-24 15:22:16.137 INFO  [tomcat-shutdown] o.s.boot.tomcat.GracefulShutdown - Graceful shutdown complete
2026-05-24 15:22:16.141 INFO  [Thread-534] o.s.o.j.LocalContainerEntityManagerFactoryBean - Closing JPA EntityManagerFactory for persistence unit 'default'
2026-05-24 15:22:16.142 INFO  [Thread-534] com.zaxxer.hikari.HikariDataSource - HikariPool-135 - Shutdown initiated...
2026-05-24 15:22:16.145 INFO  [Thread-534] com.zaxxer.hikari.HikariDataSource - HikariPool-135 - Shutdown completed.
2026-05-24 15:22:16.334 INFO  [restartedMain] o.s.d.r.c.RepositoryConfigurationDelegate - Bootstrapping Spring Data JPA repositories in DEFAULT mode.
2026-05-24 15:22:16.338 INFO  [restartedMain] o.s.d.r.c.RepositoryConfigurationDelegate - Finished Spring Data repository scanning in 3 ms. Found 1 JPA repository interface.
2026-05-24 15:22:16.397 INFO  [restartedMain] o.s.boot.tomcat.TomcatWebServer - Tomcat initialized with port 8080 (http)
2026-05-24 15:22:16.398 INFO  [restartedMain] o.a.catalina.core.StandardService - Starting service [Tomcat]
2026-05-24 15:22:16.398 INFO  [restartedMain] o.a.catalina.core.StandardEngine - Starting Servlet engine: [Apache Tomcat/11.0.21]
2026-05-24 15:22:16.403 INFO  [restartedMain] o.s.b.w.c.s.WebApplicationContextInitializer - Root WebApplicationContext: initialization completed in 140 ms
2026-05-24 15:22:16.417 INFO  [restartedMain] org.hibernate.orm.jpa - HHH008540: Processing PersistenceUnitInfo [name: default]
2026-05-24 15:22:16.434 INFO  [restartedMain] o.s.o.j.p.SpringPersistenceUnitInfo - No LoadTimeWeaver setup: ignoring JPA class transformer
2026-05-24 15:22:16.434 INFO  [restartedMain] com.zaxxer.hikari.HikariDataSource - HikariPool-136 - Starting...
2026-05-24 15:22:16.444 INFO  [restartedMain] com.zaxxer.hikari.pool.HikariPool - HikariPool-136 - Added connection com.mysql.cj.jdbc.ConnectionImpl@608f184d
2026-05-24 15:22:16.444 INFO  [restartedMain] com.zaxxer.hikari.HikariDataSource - HikariPool-136 - Start completed.
2026-05-24 15:22:16.445 WARN  [restartedMain] org.hibernate.orm.deprecation - HHH90000025: MySQLDialect does not need to be specified explicitly using 'hibernate.dialect' (remove the property setting and it will be selected by default)
2026-05-24 15:22:16.445 INFO  [restartedMain] o.hibernate.orm.connections.pooling - HHH10001005: Database info:
	Database JDBC URL [jdbc:mysql://localhost:3306/springbootdb]
	Database driver: MySQL Connector/J
	Database dialect: MySQLDialect
	Database version: 9.6
	Default catalog/schema: springbootdb/undefined
	Autocommit mode: undefined/unknown
	Isolation level: REPEATABLE_READ [default REPEATABLE_READ]
	JDBC fetch size: none
	Pool: DataSourceConnectionProvider
	Minimum pool size: undefined/unknown
	Maximum pool size: undefined/unknown
2026-05-24 15:22:16.461 INFO  [restartedMain] org.hibernate.orm.core - HHH000489: No JTA platform available (set 'hibernate.transaction.jta.platform' to enable JTA platform integration)
2026-05-24 15:22:16.470 INFO  [restartedMain] o.s.o.j.LocalContainerEntityManagerFactoryBean - Initialized JPA EntityManagerFactory for persistence unit 'default'
2026-05-24 15:22:16.513 WARN  [restartedMain] o.s.b.j.a.JpaBaseConfiguration$JpaWebConfiguration - spring.jpa.open-in-view is enabled by default. Therefore, database queries may be performed during view rendering. Explicitly configure spring.jpa.open-in-view to disable this warning
2026-05-24 15:22:16.528 INFO  [restartedMain] o.s.s.c.a.a.c.InitializeUserDetailsBeanManagerConfigurer$InitializeUserDetailsManagerConfigurer - Global AuthenticationManager configured with UserDetailsService bean with name customUserDetailsService
2026-05-24 15:22:16.596 INFO  [restartedMain] o.s.boot.tomcat.TomcatWebServer - Tomcat started on port 8080 (http) with context path '/'
2026-05-24 15:22:16.598 INFO  [restartedMain] o.s.b.d.a.ConditionEvaluationDeltaLoggingListener - Condition evaluation unchanged
2026-05-24 15:22:26.068 INFO  [File Watcher] o.s.b.d.a.LocalDevToolsAutoConfiguration$RestartingClassPathChangeChangedEventListener - Restarting due to 1 class path change (0 additions, 0 deletions, 1 modification)
2026-05-24 15:22:26.080 INFO  [Thread-538] o.s.boot.tomcat.GracefulShutdown - Commencing graceful shutdown. Waiting for active requests to complete
2026-05-24 15:22:26.082 INFO  [tomcat-shutdown] o.s.boot.tomcat.GracefulShutdown - Graceful shutdown complete
2026-05-24 15:22:26.084 INFO  [Thread-538] o.s.o.j.LocalContainerEntityManagerFactoryBean - Closing JPA EntityManagerFactory for persistence unit 'default'
2026-05-24 15:22:26.086 INFO  [Thread-538] com.zaxxer.hikari.HikariDataSource - HikariPool-136 - Shutdown initiated...
2026-05-24 15:22:26.093 INFO  [Thread-538] com.zaxxer.hikari.HikariDataSource - HikariPool-136 - Shutdown completed.
2026-05-24 15:22:26.282 INFO  [restartedMain] o.s.d.r.c.RepositoryConfigurationDelegate - Bootstrapping Spring Data JPA repositories in DEFAULT mode.
2026-05-24 15:22:26.286 INFO  [restartedMain] o.s.d.r.c.RepositoryConfigurationDelegate - Finished Spring Data repository scanning in 3 ms. Found 1 JPA repository interface.
2026-05-24 15:22:26.335 INFO  [restartedMain] o.s.boot.tomcat.TomcatWebServer - Tomcat initialized with port 8080 (http)
2026-05-24 15:22:26.335 INFO  [restartedMain] o.a.catalina.core.StandardService - Starting service [Tomcat]
2026-05-24 15:22:26.335 INFO  [restartedMain] o.a.catalina.core.StandardEngine - Starting Servlet engine: [Apache Tomcat/11.0.21]
2026-05-24 15:22:26.341 INFO  [restartedMain] o.s.b.w.c.s.WebApplicationContextInitializer - Root WebApplicationContext: initialization completed in 126 ms
2026-05-24 15:22:26.354 INFO  [restartedMain] org.hibernate.orm.jpa - HHH008540: Processing PersistenceUnitInfo [name: default]
2026-05-24 15:22:26.368 INFO  [restartedMain] o.s.o.j.p.SpringPersistenceUnitInfo - No LoadTimeWeaver setup: ignoring JPA class transformer
2026-05-24 15:22:26.368 INFO  [restartedMain] com.zaxxer.hikari.HikariDataSource - HikariPool-137 - Starting...
2026-05-24 15:22:26.377 INFO  [restartedMain] com.zaxxer.hikari.pool.HikariPool - HikariPool-137 - Added connection com.mysql.cj.jdbc.ConnectionImpl@4075374b
2026-05-24 15:22:26.377 INFO  [restartedMain] com.zaxxer.hikari.HikariDataSource - HikariPool-137 - Start completed.
2026-05-24 15:22:26.378 WARN  [restartedMain] org.hibernate.orm.deprecation - HHH90000025: MySQLDialect does not need to be specified explicitly using 'hibernate.dialect' (remove the property setting and it will be selected by default)
2026-05-24 15:22:26.378 INFO  [restartedMain] o.hibernate.orm.connections.pooling - HHH10001005: Database info:
	Database JDBC URL [jdbc:mysql://localhost:3306/springbootdb]
	Database driver: MySQL Connector/J
	Database dialect: MySQLDialect
	Database version: 9.6
	Default catalog/schema: springbootdb/undefined
	Autocommit mode: undefined/unknown
	Isolation level: REPEATABLE_READ [default REPEATABLE_READ]
	JDBC fetch size: none
	Pool: DataSourceConnectionProvider
	Minimum pool size: undefined/unknown
	Maximum pool size: undefined/unknown
2026-05-24 15:22:26.396 INFO  [restartedMain] org.hibernate.orm.core - HHH000489: No JTA platform available (set 'hibernate.transaction.jta.platform' to enable JTA platform integration)
2026-05-24 15:22:26.405 INFO  [restartedMain] o.s.o.j.LocalContainerEntityManagerFactoryBean - Initialized JPA EntityManagerFactory for persistence unit 'default'
2026-05-24 15:22:26.451 WARN  [restartedMain] o.s.b.j.a.JpaBaseConfiguration$JpaWebConfiguration - spring.jpa.open-in-view is enabled by default. Therefore, database queries may be performed during view rendering. Explicitly configure spring.jpa.open-in-view to disable this warning
2026-05-24 15:22:26.468 INFO  [restartedMain] o.s.s.c.a.a.c.InitializeUserDetailsBeanManagerConfigurer$InitializeUserDetailsManagerConfigurer - Global AuthenticationManager configured with UserDetailsService bean with name customUserDetailsService
2026-05-24 15:22:26.550 INFO  [restartedMain] o.s.boot.tomcat.TomcatWebServer - Tomcat started on port 8080 (http) with context path '/'
2026-05-24 15:22:26.551 INFO  [restartedMain] o.s.b.d.a.ConditionEvaluationDeltaLoggingListener - Condition evaluation unchanged
2026-05-24 15:22:31.983 INFO  [File Watcher] o.s.b.d.a.LocalDevToolsAutoConfiguration$RestartingClassPathChangeChangedEventListener - Restarting due to 1 class path change (0 additions, 0 deletions, 1 modification)
2026-05-24 15:22:32.004 INFO  [Thread-542] o.s.boot.tomcat.GracefulShutdown - Commencing graceful shutdown. Waiting for active requests to complete
2026-05-24 15:22:32.012 INFO  [tomcat-shutdown] o.s.boot.tomcat.GracefulShutdown - Graceful shutdown complete
2026-05-24 15:22:32.016 INFO  [Thread-542] o.s.o.j.LocalContainerEntityManagerFactoryBean - Closing JPA EntityManagerFactory for persistence unit 'default'
2026-05-24 15:22:32.021 INFO  [Thread-542] com.zaxxer.hikari.HikariDataSource - HikariPool-137 - Shutdown initiated...
2026-05-24 15:22:32.028 INFO  [Thread-542] com.zaxxer.hikari.HikariDataSource - HikariPool-137 - Shutdown completed.
2026-05-24 15:22:32.283 INFO  [restartedMain] o.s.d.r.c.RepositoryConfigurationDelegate - Bootstrapping Spring Data JPA repositories in DEFAULT mode.
2026-05-24 15:22:32.286 INFO  [restartedMain] o.s.d.r.c.RepositoryConfigurationDelegate - Finished Spring Data repository scanning in 2 ms. Found 1 JPA repository interface.
2026-05-24 15:22:32.331 INFO  [restartedMain] o.s.boot.tomcat.TomcatWebServer - Tomcat initialized with port 8080 (http)
2026-05-24 15:22:32.332 INFO  [restartedMain] o.a.catalina.core.StandardService - Starting service [Tomcat]
2026-05-24 15:22:32.332 INFO  [restartedMain] o.a.catalina.core.StandardEngine - Starting Servlet engine: [Apache Tomcat/11.0.21]
2026-05-24 15:22:32.337 INFO  [restartedMain] o.s.b.w.c.s.WebApplicationContextInitializer - Root WebApplicationContext: initialization completed in 157 ms
2026-05-24 15:22:32.351 INFO  [restartedMain] org.hibernate.orm.jpa - HHH008540: Processing PersistenceUnitInfo [name: default]
2026-05-24 15:22:32.365 INFO  [restartedMain] o.s.o.j.p.SpringPersistenceUnitInfo - No LoadTimeWeaver setup: ignoring JPA class transformer
2026-05-24 15:22:32.365 INFO  [restartedMain] com.zaxxer.hikari.HikariDataSource - HikariPool-138 - Starting...
2026-05-24 15:22:32.380 INFO  [restartedMain] com.zaxxer.hikari.pool.HikariPool - HikariPool-138 - Added connection com.mysql.cj.jdbc.ConnectionImpl@669d5b8a
2026-05-24 15:22:32.380 INFO  [restartedMain] com.zaxxer.hikari.HikariDataSource - HikariPool-138 - Start completed.
2026-05-24 15:22:32.381 WARN  [restartedMain] org.hibernate.orm.deprecation - HHH90000025: MySQLDialect does not need to be specified explicitly using 'hibernate.dialect' (remove the property setting and it will be selected by default)
2026-05-24 15:22:32.381 INFO  [restartedMain] o.hibernate.orm.connections.pooling - HHH10001005: Database info:
	Database JDBC URL [jdbc:mysql://localhost:3306/springbootdb]
	Database driver: MySQL Connector/J
	Database dialect: MySQLDialect
	Database version: 9.6
	Default catalog/schema: springbootdb/undefined
	Autocommit mode: undefined/unknown
	Isolation level: REPEATABLE_READ [default REPEATABLE_READ]
	JDBC fetch size: none
	Pool: DataSourceConnectionProvider
	Minimum pool size: undefined/unknown
	Maximum pool size: undefined/unknown
2026-05-24 15:22:32.399 INFO  [restartedMain] org.hibernate.orm.core - HHH000489: No JTA platform available (set 'hibernate.transaction.jta.platform' to enable JTA platform integration)
2026-05-24 15:22:32.411 INFO  [restartedMain] o.s.o.j.LocalContainerEntityManagerFactoryBean - Initialized JPA EntityManagerFactory for persistence unit 'default'
2026-05-24 15:22:32.452 WARN  [restartedMain] o.s.b.j.a.JpaBaseConfiguration$JpaWebConfiguration - spring.jpa.open-in-view is enabled by default. Therefore, database queries may be performed during view rendering. Explicitly configure spring.jpa.open-in-view to disable this warning
2026-05-24 15:22:32.470 INFO  [restartedMain] o.s.s.c.a.a.c.InitializeUserDetailsBeanManagerConfigurer$InitializeUserDetailsManagerConfigurer - Global AuthenticationManager configured with UserDetailsService bean with name customUserDetailsService
2026-05-24 15:22:32.552 INFO  [restartedMain] o.s.boot.tomcat.TomcatWebServer - Tomcat started on port 8080 (http) with context path '/'
2026-05-24 15:22:32.554 INFO  [restartedMain] o.s.b.d.a.ConditionEvaluationDeltaLoggingListener - Condition evaluation unchanged
2026-05-24 15:22:34.967 INFO  [File Watcher] o.s.b.d.a.LocalDevToolsAutoConfiguration$RestartingClassPathChangeChangedEventListener - Restarting due to 1 class path change (0 additions, 0 deletions, 1 modification)
2026-05-24 15:22:35.016 INFO  [Thread-546] o.s.boot.tomcat.GracefulShutdown - Commencing graceful shutdown. Waiting for active requests to complete
2026-05-24 15:22:35.028 INFO  [tomcat-shutdown] o.s.boot.tomcat.GracefulShutdown - Graceful shutdown complete
2026-05-24 15:22:35.047 INFO  [Thread-546] o.s.o.j.LocalContainerEntityManagerFactoryBean - Closing JPA EntityManagerFactory for persistence unit 'default'
2026-05-24 15:22:35.050 INFO  [Thread-546] com.zaxxer.hikari.HikariDataSource - HikariPool-138 - Shutdown initiated...
2026-05-24 15:22:35.066 INFO  [Thread-546] com.zaxxer.hikari.HikariDataSource - HikariPool-138 - Shutdown completed.
2026-05-24 15:22:35.490 INFO  [restartedMain] o.s.d.r.c.RepositoryConfigurationDelegate - Bootstrapping Spring Data JPA repositories in DEFAULT mode.
2026-05-24 15:22:35.494 INFO  [restartedMain] o.s.d.r.c.RepositoryConfigurationDelegate - Finished Spring Data repository scanning in 3 ms. Found 1 JPA repository interface.
2026-05-24 15:22:35.577 INFO  [restartedMain] o.s.boot.tomcat.TomcatWebServer - Tomcat initialized with port 8080 (http)
2026-05-24 15:22:35.578 INFO  [restartedMain] o.a.catalina.core.StandardService - Starting service [Tomcat]
2026-05-24 15:22:35.578 INFO  [restartedMain] o.a.catalina.core.StandardEngine - Starting Servlet engine: [Apache Tomcat/11.0.21]
2026-05-24 15:22:35.587 INFO  [restartedMain] o.s.b.w.c.s.WebApplicationContextInitializer - Root WebApplicationContext: initialization completed in 245 ms
2026-05-24 15:22:35.607 INFO  [restartedMain] org.hibernate.orm.jpa - HHH008540: Processing PersistenceUnitInfo [name: default]
2026-05-24 15:22:35.621 INFO  [restartedMain] o.s.o.j.p.SpringPersistenceUnitInfo - No LoadTimeWeaver setup: ignoring JPA class transformer
2026-05-24 15:22:35.621 INFO  [restartedMain] com.zaxxer.hikari.HikariDataSource - HikariPool-139 - Starting...
2026-05-24 15:22:35.657 INFO  [restartedMain] com.zaxxer.hikari.pool.HikariPool - HikariPool-139 - Added connection com.mysql.cj.jdbc.ConnectionImpl@3ce155fa
2026-05-24 15:22:35.658 INFO  [restartedMain] com.zaxxer.hikari.HikariDataSource - HikariPool-139 - Start completed.
2026-05-24 15:22:35.658 WARN  [restartedMain] org.hibernate.orm.deprecation - HHH90000025: MySQLDialect does not need to be specified explicitly using 'hibernate.dialect' (remove the property setting and it will be selected by default)
2026-05-24 15:22:35.659 INFO  [restartedMain] o.hibernate.orm.connections.pooling - HHH10001005: Database info:
	Database JDBC URL [jdbc:mysql://localhost:3306/springbootdb]
	Database driver: MySQL Connector/J
	Database dialect: MySQLDialect
	Database version: 9.6
	Default catalog/schema: springbootdb/undefined
	Autocommit mode: undefined/unknown
	Isolation level: REPEATABLE_READ [default REPEATABLE_READ]
	JDBC fetch size: none
	Pool: DataSourceConnectionProvider
	Minimum pool size: undefined/unknown
	Maximum pool size: undefined/unknown
2026-05-24 15:22:35.677 INFO  [restartedMain] org.hibernate.orm.core - HHH000489: No JTA platform available (set 'hibernate.transaction.jta.platform' to enable JTA platform integration)
2026-05-24 15:22:35.685 INFO  [restartedMain] o.s.o.j.LocalContainerEntityManagerFactoryBean - Initialized JPA EntityManagerFactory for persistence unit 'default'
2026-05-24 15:22:35.887 WARN  [restartedMain] o.s.b.j.a.JpaBaseConfiguration$JpaWebConfiguration - spring.jpa.open-in-view is enabled by default. Therefore, database queries may be performed during view rendering. Explicitly configure spring.jpa.open-in-view to disable this warning
2026-05-24 15:22:35.909 INFO  [restartedMain] o.s.s.c.a.a.c.InitializeUserDetailsBeanManagerConfigurer$InitializeUserDetailsManagerConfigurer - Global AuthenticationManager configured with UserDetailsService bean with name customUserDetailsService
2026-05-24 15:22:35.991 INFO  [restartedMain] o.s.boot.tomcat.TomcatWebServer - Tomcat started on port 8080 (http) with context path '/'
2026-05-24 15:22:35.993 INFO  [restartedMain] o.s.b.d.a.ConditionEvaluationDeltaLoggingListener - Condition evaluation unchanged
2026-05-24 15:22:37.012 INFO  [http-nio-8080-exec-1] o.a.c.c.C.[Tomcat-3].[localhost].[/] - Initializing Spring DispatcherServlet 'dispatcherServlet'
2026-05-24 15:22:37.013 INFO  [http-nio-8080-exec-1] o.s.web.servlet.DispatcherServlet - Initializing Servlet 'dispatcherServlet'
2026-05-24 15:22:37.016 INFO  [http-nio-8080-exec-1] o.s.web.servlet.DispatcherServlet - Completed initialization in 3 ms
2026-05-24 15:32:29.585 INFO  [File Watcher] o.s.b.d.a.LocalDevToolsAutoConfiguration$RestartingClassPathChangeChangedEventListener - Restarting due to 1 class path change (0 additions, 0 deletions, 1 modification)
2026-05-24 15:32:29.606 INFO  [Thread-550] o.s.boot.tomcat.GracefulShutdown - Commencing graceful shutdown. Waiting for active requests to complete
2026-05-24 15:32:29.609 INFO  [tomcat-shutdown] o.s.boot.tomcat.GracefulShutdown - Graceful shutdown complete
2026-05-24 15:32:29.618 INFO  [Thread-550] o.s.o.j.LocalContainerEntityManagerFactoryBean - Closing JPA EntityManagerFactory for persistence unit 'default'
2026-05-24 15:32:29.623 INFO  [Thread-550] com.zaxxer.hikari.HikariDataSource - HikariPool-139 - Shutdown initiated...
2026-05-24 15:32:29.634 INFO  [Thread-550] com.zaxxer.hikari.HikariDataSource - HikariPool-139 - Shutdown completed.
2026-05-24 15:32:30.216 INFO  [restartedMain] o.s.d.r.c.RepositoryConfigurationDelegate - Bootstrapping Spring Data JPA repositories in DEFAULT mode.
2026-05-24 15:32:30.222 INFO  [restartedMain] o.s.d.r.c.RepositoryConfigurationDelegate - Finished Spring Data repository scanning in 4 ms. Found 1 JPA repository interface.
2026-05-24 15:32:30.316 INFO  [restartedMain] o.s.boot.tomcat.TomcatWebServer - Tomcat initialized with port 8080 (http)
2026-05-24 15:32:30.318 INFO  [restartedMain] o.a.catalina.core.StandardService - Starting service [Tomcat]
2026-05-24 15:32:30.318 INFO  [restartedMain] o.a.catalina.core.StandardEngine - Starting Servlet engine: [Apache Tomcat/11.0.21]
2026-05-24 15:32:30.333 INFO  [restartedMain] o.s.b.w.c.s.WebApplicationContextInitializer - Root WebApplicationContext: initialization completed in 234 ms
2026-05-24 15:32:30.534 INFO  [restartedMain] org.hibernate.orm.jpa - HHH008540: Processing PersistenceUnitInfo [name: default]
2026-05-24 15:32:30.642 INFO  [restartedMain] o.s.o.j.p.SpringPersistenceUnitInfo - No LoadTimeWeaver setup: ignoring JPA class transformer
2026-05-24 15:32:30.644 INFO  [restartedMain] com.zaxxer.hikari.HikariDataSource - HikariPool-140 - Starting...
2026-05-24 15:32:30.887 INFO  [restartedMain] com.zaxxer.hikari.pool.HikariPool - HikariPool-140 - Added connection com.mysql.cj.jdbc.ConnectionImpl@1913f0fb
2026-05-24 15:32:30.887 INFO  [restartedMain] com.zaxxer.hikari.HikariDataSource - HikariPool-140 - Start completed.
2026-05-24 15:32:30.889 WARN  [restartedMain] org.hibernate.orm.deprecation - HHH90000025: MySQLDialect does not need to be specified explicitly using 'hibernate.dialect' (remove the property setting and it will be selected by default)
2026-05-24 15:32:30.890 INFO  [restartedMain] o.hibernate.orm.connections.pooling - HHH10001005: Database info:
	Database JDBC URL [jdbc:mysql://localhost:3306/springbootdb]
	Database driver: MySQL Connector/J
	Database dialect: MySQLDialect
	Database version: 9.6
	Default catalog/schema: springbootdb/undefined
	Autocommit mode: undefined/unknown
	Isolation level: REPEATABLE_READ [default REPEATABLE_READ]
	JDBC fetch size: none
	Pool: DataSourceConnectionProvider
	Minimum pool size: undefined/unknown
	Maximum pool size: undefined/unknown
2026-05-24 15:32:31.003 INFO  [restartedMain] org.hibernate.orm.core - HHH000489: No JTA platform available (set 'hibernate.transaction.jta.platform' to enable JTA platform integration)
2026-05-24 15:32:31.067 INFO  [restartedMain] o.s.o.j.LocalContainerEntityManagerFactoryBean - Initialized JPA EntityManagerFactory for persistence unit 'default'
2026-05-24 15:32:31.153 WARN  [restartedMain] o.s.b.j.a.JpaBaseConfiguration$JpaWebConfiguration - spring.jpa.open-in-view is enabled by default. Therefore, database queries may be performed during view rendering. Explicitly configure spring.jpa.open-in-view to disable this warning
2026-05-24 15:32:31.185 INFO  [restartedMain] o.s.s.c.a.a.c.InitializeUserDetailsBeanManagerConfigurer$InitializeUserDetailsManagerConfigurer - Global AuthenticationManager configured with UserDetailsService bean with name customUserDetailsService
2026-05-24 15:32:31.321 INFO  [restartedMain] o.s.boot.tomcat.TomcatWebServer - Tomcat started on port 8080 (http) with context path '/'
2026-05-24 15:32:31.325 INFO  [restartedMain] o.s.b.d.a.ConditionEvaluationDeltaLoggingListener - Condition evaluation unchanged
2026-05-24 15:32:32.721 INFO  [File Watcher] o.s.b.d.a.LocalDevToolsAutoConfiguration$RestartingClassPathChangeChangedEventListener - Restarting due to 1 class path change (0 additions, 0 deletions, 1 modification)
2026-05-24 15:32:32.731 INFO  [Thread-554] o.s.boot.tomcat.GracefulShutdown - Commencing graceful shutdown. Waiting for active requests to complete
2026-05-24 15:32:32.733 INFO  [tomcat-shutdown] o.s.boot.tomcat.GracefulShutdown - Graceful shutdown complete
2026-05-24 15:32:32.737 INFO  [Thread-554] o.s.o.j.LocalContainerEntityManagerFactoryBean - Closing JPA EntityManagerFactory for persistence unit 'default'
2026-05-24 15:32:32.740 INFO  [Thread-554] com.zaxxer.hikari.HikariDataSource - HikariPool-140 - Shutdown initiated...
2026-05-24 15:32:32.742 INFO  [Thread-554] com.zaxxer.hikari.HikariDataSource - HikariPool-140 - Shutdown completed.
2026-05-24 15:32:32.952 INFO  [restartedMain] o.s.d.r.c.RepositoryConfigurationDelegate - Bootstrapping Spring Data JPA repositories in DEFAULT mode.
2026-05-24 15:32:32.965 INFO  [restartedMain] o.s.d.r.c.RepositoryConfigurationDelegate - Finished Spring Data repository scanning in 11 ms. Found 1 JPA repository interface.
2026-05-24 15:32:33.035 INFO  [restartedMain] o.s.boot.tomcat.TomcatWebServer - Tomcat initialized with port 8080 (http)
2026-05-24 15:32:33.035 INFO  [restartedMain] o.a.catalina.core.StandardService - Starting service [Tomcat]
2026-05-24 15:32:33.036 INFO  [restartedMain] o.a.catalina.core.StandardEngine - Starting Servlet engine: [Apache Tomcat/11.0.21]
2026-05-24 15:32:33.041 INFO  [restartedMain] o.s.b.w.c.s.WebApplicationContextInitializer - Root WebApplicationContext: initialization completed in 171 ms
2026-05-24 15:32:33.060 INFO  [restartedMain] org.hibernate.orm.jpa - HHH008540: Processing PersistenceUnitInfo [name: default]
2026-05-24 15:32:33.075 INFO  [restartedMain] o.s.o.j.p.SpringPersistenceUnitInfo - No LoadTimeWeaver setup: ignoring JPA class transformer
2026-05-24 15:32:33.075 INFO  [restartedMain] com.zaxxer.hikari.HikariDataSource - HikariPool-141 - Starting...
2026-05-24 15:32:33.108 INFO  [restartedMain] com.zaxxer.hikari.pool.HikariPool - HikariPool-141 - Added connection com.mysql.cj.jdbc.ConnectionImpl@31f01ed0
2026-05-24 15:32:33.108 INFO  [restartedMain] com.zaxxer.hikari.HikariDataSource - HikariPool-141 - Start completed.
2026-05-24 15:32:33.109 WARN  [restartedMain] org.hibernate.orm.deprecation - HHH90000025: MySQLDialect does not need to be specified explicitly using 'hibernate.dialect' (remove the property setting and it will be selected by default)
2026-05-24 15:32:33.109 INFO  [restartedMain] o.hibernate.orm.connections.pooling - HHH10001005: Database info:
	Database JDBC URL [jdbc:mysql://localhost:3306/springbootdb]
	Database driver: MySQL Connector/J
	Database dialect: MySQLDialect
	Database version: 9.6
	Default catalog/schema: springbootdb/undefined
	Autocommit mode: undefined/unknown
	Isolation level: REPEATABLE_READ [default REPEATABLE_READ]
	JDBC fetch size: none
	Pool: DataSourceConnectionProvider
	Minimum pool size: undefined/unknown
	Maximum pool size: undefined/unknown
2026-05-24 15:32:33.127 INFO  [restartedMain] org.hibernate.orm.core - HHH000489: No JTA platform available (set 'hibernate.transaction.jta.platform' to enable JTA platform integration)
2026-05-24 15:32:33.294 INFO  [restartedMain] o.s.o.j.LocalContainerEntityManagerFactoryBean - Initialized JPA EntityManagerFactory for persistence unit 'default'
2026-05-24 15:32:33.380 WARN  [restartedMain] o.s.b.j.a.JpaBaseConfiguration$JpaWebConfiguration - spring.jpa.open-in-view is enabled by default. Therefore, database queries may be performed during view rendering. Explicitly configure spring.jpa.open-in-view to disable this warning
2026-05-24 15:32:33.399 INFO  [restartedMain] o.s.s.c.a.a.c.InitializeUserDetailsBeanManagerConfigurer$InitializeUserDetailsManagerConfigurer - Global AuthenticationManager configured with UserDetailsService bean with name customUserDetailsService
2026-05-24 15:32:33.488 INFO  [restartedMain] o.s.boot.tomcat.TomcatWebServer - Tomcat started on port 8080 (http) with context path '/'
2026-05-24 15:32:33.490 INFO  [restartedMain] o.s.b.d.a.ConditionEvaluationDeltaLoggingListener - Condition evaluation unchanged
2026-05-24 15:37:42.907 INFO  [http-nio-8080-exec-1] o.a.c.c.C.[Tomcat-3].[localhost].[/] - Initializing Spring DispatcherServlet 'dispatcherServlet'
2026-05-24 15:37:42.910 INFO  [http-nio-8080-exec-1] o.s.web.servlet.DispatcherServlet - Initializing Servlet 'dispatcherServlet'
2026-05-24 15:37:42.924 INFO  [http-nio-8080-exec-1] o.s.web.servlet.DispatcherServlet - Completed initialization in 14 ms
2026-05-24 15:38:01.788 INFO  [File Watcher] o.s.b.d.a.LocalDevToolsAutoConfiguration$RestartingClassPathChangeChangedEventListener - Restarting due to 1 class path change (0 additions, 0 deletions, 1 modification)
2026-05-24 15:38:01.799 INFO  [Thread-558] o.s.boot.tomcat.GracefulShutdown - Commencing graceful shutdown. Waiting for active requests to complete
2026-05-24 15:38:01.803 INFO  [tomcat-shutdown] o.s.boot.tomcat.GracefulShutdown - Graceful shutdown complete
2026-05-24 15:38:01.814 INFO  [Thread-558] o.s.o.j.LocalContainerEntityManagerFactoryBean - Closing JPA EntityManagerFactory for persistence unit 'default'
2026-05-24 15:38:01.823 INFO  [Thread-558] com.zaxxer.hikari.HikariDataSource - HikariPool-141 - Shutdown initiated...
2026-05-24 15:38:01.834 INFO  [Thread-558] com.zaxxer.hikari.HikariDataSource - HikariPool-141 - Shutdown completed.
2026-05-24 15:38:02.208 INFO  [restartedMain] o.s.d.r.c.RepositoryConfigurationDelegate - Bootstrapping Spring Data JPA repositories in DEFAULT mode.
2026-05-24 15:38:02.220 INFO  [restartedMain] o.s.d.r.c.RepositoryConfigurationDelegate - Finished Spring Data repository scanning in 10 ms. Found 1 JPA repository interface.
2026-05-24 15:38:02.280 INFO  [restartedMain] o.s.boot.tomcat.TomcatWebServer - Tomcat initialized with port 8080 (http)
2026-05-24 15:38:02.280 INFO  [restartedMain] o.a.catalina.core.StandardService - Starting service [Tomcat]
2026-05-24 15:38:02.280 INFO  [restartedMain] o.a.catalina.core.StandardEngine - Starting Servlet engine: [Apache Tomcat/11.0.21]
2026-05-24 15:38:02.286 INFO  [restartedMain] o.s.b.w.c.s.WebApplicationContextInitializer - Root WebApplicationContext: initialization completed in 194 ms
2026-05-24 15:38:02.305 INFO  [restartedMain] org.hibernate.orm.jpa - HHH008540: Processing PersistenceUnitInfo [name: default]
2026-05-24 15:38:02.322 INFO  [restartedMain] o.s.o.j.p.SpringPersistenceUnitInfo - No LoadTimeWeaver setup: ignoring JPA class transformer
2026-05-24 15:38:02.322 INFO  [restartedMain] com.zaxxer.hikari.HikariDataSource - HikariPool-142 - Starting...
2026-05-24 15:38:02.370 INFO  [restartedMain] com.zaxxer.hikari.pool.HikariPool - HikariPool-142 - Added connection com.mysql.cj.jdbc.ConnectionImpl@3af3689
2026-05-24 15:38:02.370 INFO  [restartedMain] com.zaxxer.hikari.HikariDataSource - HikariPool-142 - Start completed.
2026-05-24 15:38:02.371 WARN  [restartedMain] org.hibernate.orm.deprecation - HHH90000025: MySQLDialect does not need to be specified explicitly using 'hibernate.dialect' (remove the property setting and it will be selected by default)
2026-05-24 15:38:02.372 INFO  [restartedMain] o.hibernate.orm.connections.pooling - HHH10001005: Database info:
	Database JDBC URL [jdbc:mysql://localhost:3306/springbootdb]
	Database driver: MySQL Connector/J
	Database dialect: MySQLDialect
	Database version: 9.6
	Default catalog/schema: springbootdb/undefined
	Autocommit mode: undefined/unknown
	Isolation level: REPEATABLE_READ [default REPEATABLE_READ]
	JDBC fetch size: none
	Pool: DataSourceConnectionProvider
	Minimum pool size: undefined/unknown
	Maximum pool size: undefined/unknown
2026-05-24 15:38:02.393 INFO  [restartedMain] org.hibernate.orm.core - HHH000489: No JTA platform available (set 'hibernate.transaction.jta.platform' to enable JTA platform integration)
2026-05-24 15:38:02.433 INFO  [restartedMain] o.s.o.j.LocalContainerEntityManagerFactoryBean - Initialized JPA EntityManagerFactory for persistence unit 'default'
2026-05-24 15:38:02.476 WARN  [restartedMain] o.s.b.j.a.JpaBaseConfiguration$JpaWebConfiguration - spring.jpa.open-in-view is enabled by default. Therefore, database queries may be performed during view rendering. Explicitly configure spring.jpa.open-in-view to disable this warning
2026-05-24 15:38:02.534 INFO  [restartedMain] o.s.s.c.a.a.c.InitializeUserDetailsBeanManagerConfigurer$InitializeUserDetailsManagerConfigurer - Global AuthenticationManager configured with UserDetailsService bean with name customUserDetailsService
2026-05-24 15:38:02.630 INFO  [restartedMain] o.s.boot.tomcat.TomcatWebServer - Tomcat started on port 8080 (http) with context path '/'
2026-05-24 15:38:02.633 INFO  [restartedMain] o.s.b.d.a.ConditionEvaluationDeltaLoggingListener - Condition evaluation unchanged
2026-05-24 15:38:14.121 INFO  [File Watcher] o.s.b.d.a.LocalDevToolsAutoConfiguration$RestartingClassPathChangeChangedEventListener - Restarting due to 1 class path change (0 additions, 0 deletions, 1 modification)
2026-05-24 15:38:14.135 INFO  [Thread-562] o.s.boot.tomcat.GracefulShutdown - Commencing graceful shutdown. Waiting for active requests to complete
2026-05-24 15:38:14.137 INFO  [tomcat-shutdown] o.s.boot.tomcat.GracefulShutdown - Graceful shutdown complete
2026-05-24 15:38:14.140 INFO  [Thread-562] o.s.o.j.LocalContainerEntityManagerFactoryBean - Closing JPA EntityManagerFactory for persistence unit 'default'
2026-05-24 15:38:14.142 INFO  [Thread-562] com.zaxxer.hikari.HikariDataSource - HikariPool-142 - Shutdown initiated...
2026-05-24 15:38:14.153 INFO  [Thread-562] com.zaxxer.hikari.HikariDataSource - HikariPool-142 - Shutdown completed.
2026-05-24 15:38:14.405 INFO  [restartedMain] o.s.d.r.c.RepositoryConfigurationDelegate - Bootstrapping Spring Data JPA repositories in DEFAULT mode.
2026-05-24 15:38:14.409 INFO  [restartedMain] o.s.d.r.c.RepositoryConfigurationDelegate - Finished Spring Data repository scanning in 3 ms. Found 1 JPA repository interface.
2026-05-24 15:38:14.481 INFO  [restartedMain] o.s.boot.tomcat.TomcatWebServer - Tomcat initialized with port 8080 (http)
2026-05-24 15:38:14.485 INFO  [restartedMain] o.a.catalina.core.StandardService - Starting service [Tomcat]
2026-05-24 15:38:14.486 INFO  [restartedMain] o.a.catalina.core.StandardEngine - Starting Servlet engine: [Apache Tomcat/11.0.21]
2026-05-24 15:38:14.507 INFO  [restartedMain] o.s.b.w.c.s.WebApplicationContextInitializer - Root WebApplicationContext: initialization completed in 184 ms
2026-05-24 15:38:14.530 INFO  [restartedMain] org.hibernate.orm.jpa - HHH008540: Processing PersistenceUnitInfo [name: default]
2026-05-24 15:38:14.558 INFO  [restartedMain] o.s.o.j.p.SpringPersistenceUnitInfo - No LoadTimeWeaver setup: ignoring JPA class transformer
2026-05-24 15:38:14.558 INFO  [restartedMain] com.zaxxer.hikari.HikariDataSource - HikariPool-143 - Starting...
2026-05-24 15:38:14.606 INFO  [restartedMain] com.zaxxer.hikari.pool.HikariPool - HikariPool-143 - Added connection com.mysql.cj.jdbc.ConnectionImpl@3bdb92fe
2026-05-24 15:38:14.606 INFO  [restartedMain] com.zaxxer.hikari.HikariDataSource - HikariPool-143 - Start completed.
2026-05-24 15:38:14.609 WARN  [restartedMain] org.hibernate.orm.deprecation - HHH90000025: MySQLDialect does not need to be specified explicitly using 'hibernate.dialect' (remove the property setting and it will be selected by default)
2026-05-24 15:38:14.610 INFO  [restartedMain] o.hibernate.orm.connections.pooling - HHH10001005: Database info:
	Database JDBC URL [jdbc:mysql://localhost:3306/springbootdb]
	Database driver: MySQL Connector/J
	Database dialect: MySQLDialect
	Database version: 9.6
	Default catalog/schema: springbootdb/undefined
	Autocommit mode: undefined/unknown
	Isolation level: REPEATABLE_READ [default REPEATABLE_READ]
	JDBC fetch size: none
	Pool: DataSourceConnectionProvider
	Minimum pool size: undefined/unknown
	Maximum pool size: undefined/unknown
2026-05-24 15:38:14.643 INFO  [restartedMain] org.hibernate.orm.core - HHH000489: No JTA platform available (set 'hibernate.transaction.jta.platform' to enable JTA platform integration)
2026-05-24 15:38:14.655 INFO  [restartedMain] o.s.o.j.LocalContainerEntityManagerFactoryBean - Initialized JPA EntityManagerFactory for persistence unit 'default'
2026-05-24 15:38:14.714 WARN  [restartedMain] o.s.b.j.a.JpaBaseConfiguration$JpaWebConfiguration - spring.jpa.open-in-view is enabled by default. Therefore, database queries may be performed during view rendering. Explicitly configure spring.jpa.open-in-view to disable this warning
2026-05-24 15:38:14.733 INFO  [restartedMain] o.s.s.c.a.a.c.InitializeUserDetailsBeanManagerConfigurer$InitializeUserDetailsManagerConfigurer - Global AuthenticationManager configured with UserDetailsService bean with name customUserDetailsService
2026-05-24 15:38:14.824 INFO  [restartedMain] o.s.boot.tomcat.TomcatWebServer - Tomcat started on port 8080 (http) with context path '/'
2026-05-24 15:38:14.829 INFO  [restartedMain] o.s.b.d.a.ConditionEvaluationDeltaLoggingListener - Condition evaluation unchanged
2026-05-24 15:38:17.239 INFO  [File Watcher] o.s.b.d.a.LocalDevToolsAutoConfiguration$RestartingClassPathChangeChangedEventListener - Restarting due to 1 class path change (0 additions, 0 deletions, 1 modification)
2026-05-24 15:38:17.260 INFO  [Thread-566] o.s.boot.tomcat.GracefulShutdown - Commencing graceful shutdown. Waiting for active requests to complete
2026-05-24 15:38:17.268 INFO  [tomcat-shutdown] o.s.boot.tomcat.GracefulShutdown - Graceful shutdown complete
2026-05-24 15:38:17.273 INFO  [Thread-566] o.s.o.j.LocalContainerEntityManagerFactoryBean - Closing JPA EntityManagerFactory for persistence unit 'default'
2026-05-24 15:38:17.276 INFO  [Thread-566] com.zaxxer.hikari.HikariDataSource - HikariPool-143 - Shutdown initiated...
2026-05-24 15:38:17.285 INFO  [Thread-566] com.zaxxer.hikari.HikariDataSource - HikariPool-143 - Shutdown completed.
2026-05-24 15:38:17.622 INFO  [restartedMain] o.s.d.r.c.RepositoryConfigurationDelegate - Bootstrapping Spring Data JPA repositories in DEFAULT mode.
2026-05-24 15:38:17.628 INFO  [restartedMain] o.s.d.r.c.RepositoryConfigurationDelegate - Finished Spring Data repository scanning in 3 ms. Found 1 JPA repository interface.
2026-05-24 15:38:17.777 INFO  [restartedMain] o.s.boot.tomcat.TomcatWebServer - Tomcat initialized with port 8080 (http)
2026-05-24 15:38:17.777 INFO  [restartedMain] o.a.catalina.core.StandardService - Starting service [Tomcat]
2026-05-24 15:38:17.778 INFO  [restartedMain] o.a.catalina.core.StandardEngine - Starting Servlet engine: [Apache Tomcat/11.0.21]
2026-05-24 15:38:17.784 INFO  [restartedMain] o.s.b.w.c.s.WebApplicationContextInitializer - Root WebApplicationContext: initialization completed in 308 ms
2026-05-24 15:38:17.803 INFO  [restartedMain] org.hibernate.orm.jpa - HHH008540: Processing PersistenceUnitInfo [name: default]
2026-05-24 15:38:17.819 INFO  [restartedMain] o.s.o.j.p.SpringPersistenceUnitInfo - No LoadTimeWeaver setup: ignoring JPA class transformer
2026-05-24 15:38:17.819 INFO  [restartedMain] com.zaxxer.hikari.HikariDataSource - HikariPool-144 - Starting...
2026-05-24 15:38:17.874 INFO  [restartedMain] com.zaxxer.hikari.pool.HikariPool - HikariPool-144 - Added connection com.mysql.cj.jdbc.ConnectionImpl@70c57a32
2026-05-24 15:38:17.875 INFO  [restartedMain] com.zaxxer.hikari.HikariDataSource - HikariPool-144 - Start completed.
2026-05-24 15:38:17.877 WARN  [restartedMain] org.hibernate.orm.deprecation - HHH90000025: MySQLDialect does not need to be specified explicitly using 'hibernate.dialect' (remove the property setting and it will be selected by default)
2026-05-24 15:38:17.878 INFO  [restartedMain] o.hibernate.orm.connections.pooling - HHH10001005: Database info:
	Database JDBC URL [jdbc:mysql://localhost:3306/springbootdb]
	Database driver: MySQL Connector/J
	Database dialect: MySQLDialect
	Database version: 9.6
	Default catalog/schema: springbootdb/undefined
	Autocommit mode: undefined/unknown
	Isolation level: REPEATABLE_READ [default REPEATABLE_READ]
	JDBC fetch size: none
	Pool: DataSourceConnectionProvider
	Minimum pool size: undefined/unknown
	Maximum pool size: undefined/unknown
2026-05-24 15:38:17.900 INFO  [restartedMain] org.hibernate.orm.core - HHH000489: No JTA platform available (set 'hibernate.transaction.jta.platform' to enable JTA platform integration)
2026-05-24 15:38:18.043 INFO  [restartedMain] o.s.o.j.LocalContainerEntityManagerFactoryBean - Initialized JPA EntityManagerFactory for persistence unit 'default'
2026-05-24 15:38:18.116 WARN  [restartedMain] o.s.b.j.a.JpaBaseConfiguration$JpaWebConfiguration - spring.jpa.open-in-view is enabled by default. Therefore, database queries may be performed during view rendering. Explicitly configure spring.jpa.open-in-view to disable this warning
2026-05-24 15:38:18.134 INFO  [restartedMain] o.s.s.c.a.a.c.InitializeUserDetailsBeanManagerConfigurer$InitializeUserDetailsManagerConfigurer - Global AuthenticationManager configured with UserDetailsService bean with name customUserDetailsService
2026-05-24 15:38:18.231 INFO  [restartedMain] o.s.boot.tomcat.TomcatWebServer - Tomcat started on port 8080 (http) with context path '/'
2026-05-24 15:38:18.234 INFO  [restartedMain] o.s.b.d.a.ConditionEvaluationDeltaLoggingListener - Condition evaluation unchanged
2026-05-24 15:38:19.734 INFO  [http-nio-8080-exec-2] o.a.c.c.C.[Tomcat-3].[localhost].[/] - Initializing Spring DispatcherServlet 'dispatcherServlet'
2026-05-24 15:38:19.735 INFO  [http-nio-8080-exec-2] o.s.web.servlet.DispatcherServlet - Initializing Servlet 'dispatcherServlet'
2026-05-24 15:38:19.751 INFO  [http-nio-8080-exec-2] o.s.web.servlet.DispatcherServlet - Completed initialization in 16 ms
2026-05-24 15:38:36.931 INFO  [File Watcher] o.s.b.d.a.LocalDevToolsAutoConfiguration$RestartingClassPathChangeChangedEventListener - Restarting due to 1 class path change (0 additions, 0 deletions, 1 modification)
2026-05-24 15:38:37.000 INFO  [Thread-570] o.s.boot.tomcat.GracefulShutdown - Commencing graceful shutdown. Waiting for active requests to complete
2026-05-24 15:38:37.009 INFO  [tomcat-shutdown] o.s.boot.tomcat.GracefulShutdown - Graceful shutdown complete
2026-05-24 15:38:37.040 INFO  [Thread-570] o.s.o.j.LocalContainerEntityManagerFactoryBean - Closing JPA EntityManagerFactory for persistence unit 'default'
2026-05-24 15:38:37.056 INFO  [Thread-570] com.zaxxer.hikari.HikariDataSource - HikariPool-144 - Shutdown initiated...
2026-05-24 15:38:37.112 INFO  [Thread-570] com.zaxxer.hikari.HikariDataSource - HikariPool-144 - Shutdown completed.
2026-05-24 15:38:37.571 INFO  [restartedMain] o.s.d.r.c.RepositoryConfigurationDelegate - Bootstrapping Spring Data JPA repositories in DEFAULT mode.
2026-05-24 15:38:37.579 INFO  [restartedMain] o.s.d.r.c.RepositoryConfigurationDelegate - Finished Spring Data repository scanning in 6 ms. Found 1 JPA repository interface.
2026-05-24 15:38:37.642 INFO  [restartedMain] o.s.boot.tomcat.TomcatWebServer - Tomcat initialized with port 8080 (http)
2026-05-24 15:38:37.643 INFO  [restartedMain] o.a.catalina.core.StandardService - Starting service [Tomcat]
2026-05-24 15:38:37.643 INFO  [restartedMain] o.a.catalina.core.StandardEngine - Starting Servlet engine: [Apache Tomcat/11.0.21]
2026-05-24 15:38:37.651 INFO  [restartedMain] o.s.b.w.c.s.WebApplicationContextInitializer - Root WebApplicationContext: initialization completed in 339 ms
2026-05-24 15:38:37.676 INFO  [restartedMain] org.hibernate.orm.jpa - HHH008540: Processing PersistenceUnitInfo [name: default]
2026-05-24 15:38:37.694 INFO  [restartedMain] o.s.o.j.p.SpringPersistenceUnitInfo - No LoadTimeWeaver setup: ignoring JPA class transformer
2026-05-24 15:38:37.695 INFO  [restartedMain] com.zaxxer.hikari.HikariDataSource - HikariPool-145 - Starting...
2026-05-24 15:38:37.785 INFO  [restartedMain] com.zaxxer.hikari.pool.HikariPool - HikariPool-145 - Added connection com.mysql.cj.jdbc.ConnectionImpl@45977df5
2026-05-24 15:38:37.785 INFO  [restartedMain] com.zaxxer.hikari.HikariDataSource - HikariPool-145 - Start completed.
2026-05-24 15:38:37.787 WARN  [restartedMain] org.hibernate.orm.deprecation - HHH90000025: MySQLDialect does not need to be specified explicitly using 'hibernate.dialect' (remove the property setting and it will be selected by default)
2026-05-24 15:38:37.788 INFO  [restartedMain] o.hibernate.orm.connections.pooling - HHH10001005: Database info:
	Database JDBC URL [jdbc:mysql://localhost:3306/springbootdb]
	Database driver: MySQL Connector/J
	Database dialect: MySQLDialect
	Database version: 9.6
	Default catalog/schema: springbootdb/undefined
	Autocommit mode: undefined/unknown
	Isolation level: REPEATABLE_READ [default REPEATABLE_READ]
	JDBC fetch size: none
	Pool: DataSourceConnectionProvider
	Minimum pool size: undefined/unknown
	Maximum pool size: undefined/unknown
2026-05-24 15:38:38.077 INFO  [restartedMain] org.hibernate.orm.core - HHH000489: No JTA platform available (set 'hibernate.transaction.jta.platform' to enable JTA platform integration)
2026-05-24 15:38:38.252 INFO  [restartedMain] o.s.o.j.LocalContainerEntityManagerFactoryBean - Initialized JPA EntityManagerFactory for persistence unit 'default'
2026-05-24 15:38:38.341 WARN  [restartedMain] o.s.b.j.a.JpaBaseConfiguration$JpaWebConfiguration - spring.jpa.open-in-view is enabled by default. Therefore, database queries may be performed during view rendering. Explicitly configure spring.jpa.open-in-view to disable this warning
2026-05-24 15:38:38.370 INFO  [restartedMain] o.s.s.c.a.a.c.InitializeUserDetailsBeanManagerConfigurer$InitializeUserDetailsManagerConfigurer - Global AuthenticationManager configured with UserDetailsService bean with name customUserDetailsService
2026-05-24 15:38:38.548 INFO  [restartedMain] o.s.boot.tomcat.TomcatWebServer - Tomcat started on port 8080 (http) with context path '/'
2026-05-24 15:38:38.552 INFO  [restartedMain] o.s.b.d.a.ConditionEvaluationDeltaLoggingListener - Condition evaluation unchanged
2026-05-24 15:38:38.971 INFO  [http-nio-8080-exec-1] o.a.c.c.C.[Tomcat-3].[localhost].[/] - Initializing Spring DispatcherServlet 'dispatcherServlet'
2026-05-24 15:38:38.971 INFO  [http-nio-8080-exec-1] o.s.web.servlet.DispatcherServlet - Initializing Servlet 'dispatcherServlet'
2026-05-24 15:38:38.974 INFO  [http-nio-8080-exec-1] o.s.web.servlet.DispatcherServlet - Completed initialization in 3 ms
2026-05-24 15:38:39.954 INFO  [File Watcher] o.s.b.d.a.LocalDevToolsAutoConfiguration$RestartingClassPathChangeChangedEventListener - Restarting due to 1 class path change (0 additions, 0 deletions, 1 modification)
2026-05-24 15:38:39.957 INFO  [Thread-574] o.s.boot.tomcat.GracefulShutdown - Commencing graceful shutdown. Waiting for active requests to complete
2026-05-24 15:38:39.959 INFO  [tomcat-shutdown] o.s.boot.tomcat.GracefulShutdown - Graceful shutdown complete
2026-05-24 15:38:39.960 INFO  [Thread-574] o.s.o.j.LocalContainerEntityManagerFactoryBean - Closing JPA EntityManagerFactory for persistence unit 'default'
2026-05-24 15:38:39.966 INFO  [Thread-574] com.zaxxer.hikari.HikariDataSource - HikariPool-145 - Shutdown initiated...
2026-05-24 15:38:39.968 INFO  [Thread-574] com.zaxxer.hikari.HikariDataSource - HikariPool-145 - Shutdown completed.
2026-05-24 15:38:40.122 INFO  [restartedMain] o.s.d.r.c.RepositoryConfigurationDelegate - Bootstrapping Spring Data JPA repositories in DEFAULT mode.
2026-05-24 15:38:40.125 INFO  [restartedMain] o.s.d.r.c.RepositoryConfigurationDelegate - Finished Spring Data repository scanning in 2 ms. Found 1 JPA repository interface.
2026-05-24 15:38:40.178 INFO  [restartedMain] o.s.boot.tomcat.TomcatWebServer - Tomcat initialized with port 8080 (http)
2026-05-24 15:38:40.178 INFO  [restartedMain] o.a.catalina.core.StandardService - Starting service [Tomcat]
2026-05-24 15:38:40.178 INFO  [restartedMain] o.a.catalina.core.StandardEngine - Starting Servlet engine: [Apache Tomcat/11.0.21]
2026-05-24 15:38:40.185 INFO  [restartedMain] o.s.b.w.c.s.WebApplicationContextInitializer - Root WebApplicationContext: initialization completed in 118 ms
2026-05-24 15:38:40.201 INFO  [restartedMain] org.hibernate.orm.jpa - HHH008540: Processing PersistenceUnitInfo [name: default]
2026-05-24 15:38:40.216 INFO  [restartedMain] o.s.o.j.p.SpringPersistenceUnitInfo - No LoadTimeWeaver setup: ignoring JPA class transformer
2026-05-24 15:38:40.216 INFO  [restartedMain] com.zaxxer.hikari.HikariDataSource - HikariPool-146 - Starting...
2026-05-24 15:38:40.227 INFO  [restartedMain] com.zaxxer.hikari.pool.HikariPool - HikariPool-146 - Added connection com.mysql.cj.jdbc.ConnectionImpl@53ae80e1
2026-05-24 15:38:40.227 INFO  [restartedMain] com.zaxxer.hikari.HikariDataSource - HikariPool-146 - Start completed.
2026-05-24 15:38:40.227 WARN  [restartedMain] org.hibernate.orm.deprecation - HHH90000025: MySQLDialect does not need to be specified explicitly using 'hibernate.dialect' (remove the property setting and it will be selected by default)
2026-05-24 15:38:40.228 INFO  [restartedMain] o.hibernate.orm.connections.pooling - HHH10001005: Database info:
	Database JDBC URL [jdbc:mysql://localhost:3306/springbootdb]
	Database driver: MySQL Connector/J
	Database dialect: MySQLDialect
	Database version: 9.6
	Default catalog/schema: springbootdb/undefined
	Autocommit mode: undefined/unknown
	Isolation level: REPEATABLE_READ [default REPEATABLE_READ]
	JDBC fetch size: none
	Pool: DataSourceConnectionProvider
	Minimum pool size: undefined/unknown
	Maximum pool size: undefined/unknown
2026-05-24 15:38:40.249 INFO  [restartedMain] org.hibernate.orm.core - HHH000489: No JTA platform available (set 'hibernate.transaction.jta.platform' to enable JTA platform integration)
2026-05-24 15:38:40.258 INFO  [restartedMain] o.s.o.j.LocalContainerEntityManagerFactoryBean - Initialized JPA EntityManagerFactory for persistence unit 'default'
2026-05-24 15:38:40.306 WARN  [restartedMain] o.s.b.j.a.JpaBaseConfiguration$JpaWebConfiguration - spring.jpa.open-in-view is enabled by default. Therefore, database queries may be performed during view rendering. Explicitly configure spring.jpa.open-in-view to disable this warning
2026-05-24 15:38:40.324 INFO  [restartedMain] o.s.s.c.a.a.c.InitializeUserDetailsBeanManagerConfigurer$InitializeUserDetailsManagerConfigurer - Global AuthenticationManager configured with UserDetailsService bean with name customUserDetailsService
2026-05-24 15:38:40.402 INFO  [restartedMain] o.s.boot.tomcat.TomcatWebServer - Tomcat started on port 8080 (http) with context path '/'
2026-05-24 15:38:40.405 INFO  [restartedMain] o.s.b.d.a.ConditionEvaluationDeltaLoggingListener - Condition evaluation unchanged
2026-05-24 15:38:49.872 INFO  [File Watcher] o.s.b.d.a.LocalDevToolsAutoConfiguration$RestartingClassPathChangeChangedEventListener - Restarting due to 1 class path change (0 additions, 0 deletions, 1 modification)
2026-05-24 15:38:49.890 INFO  [Thread-578] o.s.boot.tomcat.GracefulShutdown - Commencing graceful shutdown. Waiting for active requests to complete
2026-05-24 15:38:49.899 INFO  [tomcat-shutdown] o.s.boot.tomcat.GracefulShutdown - Graceful shutdown complete
2026-05-24 15:38:49.905 INFO  [Thread-578] o.s.o.j.LocalContainerEntityManagerFactoryBean - Closing JPA EntityManagerFactory for persistence unit 'default'
2026-05-24 15:38:49.907 INFO  [Thread-578] com.zaxxer.hikari.HikariDataSource - HikariPool-146 - Shutdown initiated...
2026-05-24 15:38:49.928 INFO  [Thread-578] com.zaxxer.hikari.HikariDataSource - HikariPool-146 - Shutdown completed.
2026-05-24 15:38:50.170 INFO  [restartedMain] o.s.d.r.c.RepositoryConfigurationDelegate - Bootstrapping Spring Data JPA repositories in DEFAULT mode.
2026-05-24 15:38:50.175 INFO  [restartedMain] o.s.d.r.c.RepositoryConfigurationDelegate - Finished Spring Data repository scanning in 3 ms. Found 1 JPA repository interface.
2026-05-24 15:38:50.252 INFO  [restartedMain] o.s.boot.tomcat.TomcatWebServer - Tomcat initialized with port 8080 (http)
2026-05-24 15:38:50.254 INFO  [restartedMain] o.a.catalina.core.StandardService - Starting service [Tomcat]
2026-05-24 15:38:50.254 INFO  [restartedMain] o.a.catalina.core.StandardEngine - Starting Servlet engine: [Apache Tomcat/11.0.21]
2026-05-24 15:38:50.264 INFO  [restartedMain] o.s.b.w.c.s.WebApplicationContextInitializer - Root WebApplicationContext: initialization completed in 170 ms
2026-05-24 15:38:50.299 INFO  [restartedMain] org.hibernate.orm.jpa - HHH008540: Processing PersistenceUnitInfo [name: default]
2026-05-24 15:38:50.315 INFO  [restartedMain] o.s.o.j.p.SpringPersistenceUnitInfo - No LoadTimeWeaver setup: ignoring JPA class transformer
2026-05-24 15:38:50.316 INFO  [restartedMain] com.zaxxer.hikari.HikariDataSource - HikariPool-147 - Starting...
2026-05-24 15:38:50.335 INFO  [restartedMain] com.zaxxer.hikari.pool.HikariPool - HikariPool-147 - Added connection com.mysql.cj.jdbc.ConnectionImpl@3b52942e
2026-05-24 15:38:50.335 INFO  [restartedMain] com.zaxxer.hikari.HikariDataSource - HikariPool-147 - Start completed.
2026-05-24 15:38:50.336 WARN  [restartedMain] org.hibernate.orm.deprecation - HHH90000025: MySQLDialect does not need to be specified explicitly using 'hibernate.dialect' (remove the property setting and it will be selected by default)
2026-05-24 15:38:50.336 INFO  [restartedMain] o.hibernate.orm.connections.pooling - HHH10001005: Database info:
	Database JDBC URL [jdbc:mysql://localhost:3306/springbootdb]
	Database driver: MySQL Connector/J
	Database dialect: MySQLDialect
	Database version: 9.6
	Default catalog/schema: springbootdb/undefined
	Autocommit mode: undefined/unknown
	Isolation level: REPEATABLE_READ [default REPEATABLE_READ]
	JDBC fetch size: none
	Pool: DataSourceConnectionProvider
	Minimum pool size: undefined/unknown
	Maximum pool size: undefined/unknown
2026-05-24 15:38:50.353 INFO  [restartedMain] org.hibernate.orm.core - HHH000489: No JTA platform available (set 'hibernate.transaction.jta.platform' to enable JTA platform integration)
2026-05-24 15:38:50.363 INFO  [restartedMain] o.s.o.j.LocalContainerEntityManagerFactoryBean - Initialized JPA EntityManagerFactory for persistence unit 'default'
2026-05-24 15:38:50.416 WARN  [restartedMain] o.s.b.j.a.JpaBaseConfiguration$JpaWebConfiguration - spring.jpa.open-in-view is enabled by default. Therefore, database queries may be performed during view rendering. Explicitly configure spring.jpa.open-in-view to disable this warning
2026-05-24 15:38:50.432 INFO  [restartedMain] o.s.s.c.a.a.c.InitializeUserDetailsBeanManagerConfigurer$InitializeUserDetailsManagerConfigurer - Global AuthenticationManager configured with UserDetailsService bean with name customUserDetailsService
2026-05-24 15:38:50.520 INFO  [restartedMain] o.s.boot.tomcat.TomcatWebServer - Tomcat started on port 8080 (http) with context path '/'
2026-05-24 15:38:50.522 INFO  [restartedMain] o.s.b.d.a.ConditionEvaluationDeltaLoggingListener - Condition evaluation unchanged
2026-05-24 15:39:12.238 INFO  [File Watcher] o.s.b.d.a.LocalDevToolsAutoConfiguration$RestartingClassPathChangeChangedEventListener - Restarting due to 1 class path change (0 additions, 0 deletions, 1 modification)
2026-05-24 15:39:12.267 INFO  [Thread-582] o.s.boot.tomcat.GracefulShutdown - Commencing graceful shutdown. Waiting for active requests to complete
2026-05-24 15:39:12.275 INFO  [tomcat-shutdown] o.s.boot.tomcat.GracefulShutdown - Graceful shutdown complete
2026-05-24 15:39:12.282 INFO  [Thread-582] o.s.o.j.LocalContainerEntityManagerFactoryBean - Closing JPA EntityManagerFactory for persistence unit 'default'
2026-05-24 15:39:12.286 INFO  [Thread-582] com.zaxxer.hikari.HikariDataSource - HikariPool-147 - Shutdown initiated...
2026-05-24 15:39:12.310 INFO  [Thread-582] com.zaxxer.hikari.HikariDataSource - HikariPool-147 - Shutdown completed.
2026-05-24 15:39:12.617 INFO  [restartedMain] o.s.d.r.c.RepositoryConfigurationDelegate - Bootstrapping Spring Data JPA repositories in DEFAULT mode.
2026-05-24 15:39:12.622 INFO  [restartedMain] o.s.d.r.c.RepositoryConfigurationDelegate - Finished Spring Data repository scanning in 3 ms. Found 1 JPA repository interface.
2026-05-24 15:39:12.682 INFO  [restartedMain] o.s.boot.tomcat.TomcatWebServer - Tomcat initialized with port 8080 (http)
2026-05-24 15:39:12.682 INFO  [restartedMain] o.a.catalina.core.StandardService - Starting service [Tomcat]
2026-05-24 15:39:12.683 INFO  [restartedMain] o.a.catalina.core.StandardEngine - Starting Servlet engine: [Apache Tomcat/11.0.21]
2026-05-24 15:39:12.689 INFO  [restartedMain] o.s.b.w.c.s.WebApplicationContextInitializer - Root WebApplicationContext: initialization completed in 205 ms
2026-05-24 15:39:12.707 INFO  [restartedMain] org.hibernate.orm.jpa - HHH008540: Processing PersistenceUnitInfo [name: default]
2026-05-24 15:39:12.721 INFO  [restartedMain] o.s.o.j.p.SpringPersistenceUnitInfo - No LoadTimeWeaver setup: ignoring JPA class transformer
2026-05-24 15:39:12.722 INFO  [restartedMain] com.zaxxer.hikari.HikariDataSource - HikariPool-148 - Starting...
2026-05-24 15:39:12.780 INFO  [restartedMain] com.zaxxer.hikari.pool.HikariPool - HikariPool-148 - Added connection com.mysql.cj.jdbc.ConnectionImpl@175991f0
2026-05-24 15:39:12.780 INFO  [restartedMain] com.zaxxer.hikari.HikariDataSource - HikariPool-148 - Start completed.
2026-05-24 15:39:12.781 WARN  [restartedMain] org.hibernate.orm.deprecation - HHH90000025: MySQLDialect does not need to be specified explicitly using 'hibernate.dialect' (remove the property setting and it will be selected by default)
2026-05-24 15:39:12.781 INFO  [restartedMain] o.hibernate.orm.connections.pooling - HHH10001005: Database info:
	Database JDBC URL [jdbc:mysql://localhost:3306/springbootdb]
	Database driver: MySQL Connector/J
	Database dialect: MySQLDialect
	Database version: 9.6
	Default catalog/schema: springbootdb/undefined
	Autocommit mode: undefined/unknown
	Isolation level: REPEATABLE_READ [default REPEATABLE_READ]
	JDBC fetch size: none
	Pool: DataSourceConnectionProvider
	Minimum pool size: undefined/unknown
	Maximum pool size: undefined/unknown
2026-05-24 15:39:12.799 INFO  [restartedMain] org.hibernate.orm.core - HHH000489: No JTA platform available (set 'hibernate.transaction.jta.platform' to enable JTA platform integration)
2026-05-24 15:39:12.839 INFO  [restartedMain] o.s.o.j.LocalContainerEntityManagerFactoryBean - Initialized JPA EntityManagerFactory for persistence unit 'default'
2026-05-24 15:39:12.892 WARN  [restartedMain] o.s.b.j.a.JpaBaseConfiguration$JpaWebConfiguration - spring.jpa.open-in-view is enabled by default. Therefore, database queries may be performed during view rendering. Explicitly configure spring.jpa.open-in-view to disable this warning
2026-05-24 15:39:12.910 INFO  [restartedMain] o.s.s.c.a.a.c.InitializeUserDetailsBeanManagerConfigurer$InitializeUserDetailsManagerConfigurer - Global AuthenticationManager configured with UserDetailsService bean with name customUserDetailsService
2026-05-24 15:39:13.039 INFO  [restartedMain] o.s.boot.tomcat.TomcatWebServer - Tomcat started on port 8080 (http) with context path '/'
2026-05-24 15:39:13.041 INFO  [restartedMain] o.s.b.d.a.ConditionEvaluationDeltaLoggingListener - Condition evaluation unchanged
2026-05-24 15:39:13.199 INFO  [http-nio-8080-exec-2] o.a.c.c.C.[Tomcat-3].[localhost].[/] - Initializing Spring DispatcherServlet 'dispatcherServlet'
2026-05-24 15:39:13.199 INFO  [http-nio-8080-exec-2] o.s.web.servlet.DispatcherServlet - Initializing Servlet 'dispatcherServlet'
2026-05-24 15:39:13.200 INFO  [http-nio-8080-exec-2] o.s.web.servlet.DispatcherServlet - Completed initialization in 1 ms
2026-05-24 15:39:21.489 INFO  [File Watcher] o.s.b.d.a.LocalDevToolsAutoConfiguration$RestartingClassPathChangeChangedEventListener - Restarting due to 1 class path change (0 additions, 0 deletions, 1 modification)
2026-05-24 15:39:21.514 INFO  [Thread-586] o.s.boot.tomcat.GracefulShutdown - Commencing graceful shutdown. Waiting for active requests to complete
2026-05-24 15:39:21.521 INFO  [tomcat-shutdown] o.s.boot.tomcat.GracefulShutdown - Graceful shutdown complete
2026-05-24 15:39:21.532 INFO  [Thread-586] o.s.o.j.LocalContainerEntityManagerFactoryBean - Closing JPA EntityManagerFactory for persistence unit 'default'
2026-05-24 15:39:21.536 INFO  [Thread-586] com.zaxxer.hikari.HikariDataSource - HikariPool-148 - Shutdown initiated...
2026-05-24 15:39:21.554 INFO  [Thread-586] com.zaxxer.hikari.HikariDataSource - HikariPool-148 - Shutdown completed.
2026-05-24 15:39:21.785 INFO  [restartedMain] o.s.d.r.c.RepositoryConfigurationDelegate - Bootstrapping Spring Data JPA repositories in DEFAULT mode.
2026-05-24 15:39:21.789 INFO  [restartedMain] o.s.d.r.c.RepositoryConfigurationDelegate - Finished Spring Data repository scanning in 3 ms. Found 1 JPA repository interface.
2026-05-24 15:39:21.899 INFO  [restartedMain] o.s.boot.tomcat.TomcatWebServer - Tomcat initialized with port 8080 (http)
2026-05-24 15:39:21.901 INFO  [restartedMain] o.a.catalina.core.StandardService - Starting service [Tomcat]
2026-05-24 15:39:21.901 INFO  [restartedMain] o.a.catalina.core.StandardEngine - Starting Servlet engine: [Apache Tomcat/11.0.21]
2026-05-24 15:39:21.917 INFO  [restartedMain] o.s.b.w.c.s.WebApplicationContextInitializer - Root WebApplicationContext: initialization completed in 209 ms
2026-05-24 15:39:21.958 INFO  [restartedMain] org.hibernate.orm.jpa - HHH008540: Processing PersistenceUnitInfo [name: default]
2026-05-24 15:39:22.016 INFO  [restartedMain] o.s.o.j.p.SpringPersistenceUnitInfo - No LoadTimeWeaver setup: ignoring JPA class transformer
2026-05-24 15:39:22.018 INFO  [restartedMain] com.zaxxer.hikari.HikariDataSource - HikariPool-149 - Starting...
2026-05-24 15:39:22.040 INFO  [restartedMain] com.zaxxer.hikari.pool.HikariPool - HikariPool-149 - Added connection com.mysql.cj.jdbc.ConnectionImpl@583ec031
2026-05-24 15:39:22.040 INFO  [restartedMain] com.zaxxer.hikari.HikariDataSource - HikariPool-149 - Start completed.
2026-05-24 15:39:22.041 WARN  [restartedMain] org.hibernate.orm.deprecation - HHH90000025: MySQLDialect does not need to be specified explicitly using 'hibernate.dialect' (remove the property setting and it will be selected by default)
2026-05-24 15:39:22.042 INFO  [restartedMain] o.hibernate.orm.connections.pooling - HHH10001005: Database info:
	Database JDBC URL [jdbc:mysql://localhost:3306/springbootdb]
	Database driver: MySQL Connector/J
	Database dialect: MySQLDialect
	Database version: 9.6
	Default catalog/schema: springbootdb/undefined
	Autocommit mode: undefined/unknown
	Isolation level: REPEATABLE_READ [default REPEATABLE_READ]
	JDBC fetch size: none
	Pool: DataSourceConnectionProvider
	Minimum pool size: undefined/unknown
	Maximum pool size: undefined/unknown
2026-05-24 15:39:22.060 INFO  [restartedMain] org.hibernate.orm.core - HHH000489: No JTA platform available (set 'hibernate.transaction.jta.platform' to enable JTA platform integration)
2026-05-24 15:39:22.069 INFO  [restartedMain] o.s.o.j.LocalContainerEntityManagerFactoryBean - Initialized JPA EntityManagerFactory for persistence unit 'default'
2026-05-24 15:39:22.131 WARN  [restartedMain] o.s.b.j.a.JpaBaseConfiguration$JpaWebConfiguration - spring.jpa.open-in-view is enabled by default. Therefore, database queries may be performed during view rendering. Explicitly configure spring.jpa.open-in-view to disable this warning
2026-05-24 15:39:22.147 INFO  [restartedMain] o.s.s.c.a.a.c.InitializeUserDetailsBeanManagerConfigurer$InitializeUserDetailsManagerConfigurer - Global AuthenticationManager configured with UserDetailsService bean with name customUserDetailsService
2026-05-24 15:39:22.225 INFO  [restartedMain] o.s.boot.tomcat.TomcatWebServer - Tomcat started on port 8080 (http) with context path '/'
2026-05-24 15:39:22.227 INFO  [restartedMain] o.s.b.d.a.ConditionEvaluationDeltaLoggingListener - Condition evaluation unchanged
2026-05-24 15:39:36.781 INFO  [File Watcher] o.s.b.d.a.LocalDevToolsAutoConfiguration$RestartingClassPathChangeChangedEventListener - Restarting due to 1 class path change (0 additions, 0 deletions, 1 modification)
2026-05-24 15:39:36.797 INFO  [Thread-590] o.s.boot.tomcat.GracefulShutdown - Commencing graceful shutdown. Waiting for active requests to complete
2026-05-24 15:39:36.799 INFO  [tomcat-shutdown] o.s.boot.tomcat.GracefulShutdown - Graceful shutdown complete
2026-05-24 15:39:36.801 INFO  [Thread-590] o.s.o.j.LocalContainerEntityManagerFactoryBean - Closing JPA EntityManagerFactory for persistence unit 'default'
2026-05-24 15:39:36.803 INFO  [Thread-590] com.zaxxer.hikari.HikariDataSource - HikariPool-149 - Shutdown initiated...
2026-05-24 15:39:36.809 INFO  [Thread-590] com.zaxxer.hikari.HikariDataSource - HikariPool-149 - Shutdown completed.
2026-05-24 15:39:37.200 INFO  [restartedMain] o.s.d.r.c.RepositoryConfigurationDelegate - Bootstrapping Spring Data JPA repositories in DEFAULT mode.
2026-05-24 15:39:37.216 INFO  [restartedMain] o.s.d.r.c.RepositoryConfigurationDelegate - Finished Spring Data repository scanning in 15 ms. Found 1 JPA repository interface.
2026-05-24 15:39:37.306 INFO  [restartedMain] o.s.boot.tomcat.TomcatWebServer - Tomcat initialized with port 8080 (http)
2026-05-24 15:39:37.307 INFO  [restartedMain] o.a.catalina.core.StandardService - Starting service [Tomcat]
2026-05-24 15:39:37.307 INFO  [restartedMain] o.a.catalina.core.StandardEngine - Starting Servlet engine: [Apache Tomcat/11.0.21]
2026-05-24 15:39:37.316 INFO  [restartedMain] o.s.b.w.c.s.WebApplicationContextInitializer - Root WebApplicationContext: initialization completed in 347 ms
2026-05-24 15:39:37.340 INFO  [restartedMain] org.hibernate.orm.jpa - HHH008540: Processing PersistenceUnitInfo [name: default]
2026-05-24 15:39:37.358 INFO  [restartedMain] o.s.o.j.p.SpringPersistenceUnitInfo - No LoadTimeWeaver setup: ignoring JPA class transformer
2026-05-24 15:39:37.358 INFO  [restartedMain] com.zaxxer.hikari.HikariDataSource - HikariPool-150 - Starting...
2026-05-24 15:39:37.375 INFO  [restartedMain] com.zaxxer.hikari.pool.HikariPool - HikariPool-150 - Added connection com.mysql.cj.jdbc.ConnectionImpl@2d1f6d6e
2026-05-24 15:39:37.375 INFO  [restartedMain] com.zaxxer.hikari.HikariDataSource - HikariPool-150 - Start completed.
2026-05-24 15:39:37.376 WARN  [restartedMain] org.hibernate.orm.deprecation - HHH90000025: MySQLDialect does not need to be specified explicitly using 'hibernate.dialect' (remove the property setting and it will be selected by default)
2026-05-24 15:39:37.376 INFO  [restartedMain] o.hibernate.orm.connections.pooling - HHH10001005: Database info:
	Database JDBC URL [jdbc:mysql://localhost:3306/springbootdb]
	Database driver: MySQL Connector/J
	Database dialect: MySQLDialect
	Database version: 9.6
	Default catalog/schema: springbootdb/undefined
	Autocommit mode: undefined/unknown
	Isolation level: REPEATABLE_READ [default REPEATABLE_READ]
	JDBC fetch size: none
	Pool: DataSourceConnectionProvider
	Minimum pool size: undefined/unknown
	Maximum pool size: undefined/unknown
2026-05-24 15:39:37.422 INFO  [restartedMain] org.hibernate.orm.core - HHH000489: No JTA platform available (set 'hibernate.transaction.jta.platform' to enable JTA platform integration)
2026-05-24 15:39:37.436 INFO  [restartedMain] o.s.o.j.LocalContainerEntityManagerFactoryBean - Initialized JPA EntityManagerFactory for persistence unit 'default'
2026-05-24 15:39:37.487 WARN  [restartedMain] o.s.b.j.a.JpaBaseConfiguration$JpaWebConfiguration - spring.jpa.open-in-view is enabled by default. Therefore, database queries may be performed during view rendering. Explicitly configure spring.jpa.open-in-view to disable this warning
2026-05-24 15:39:37.509 INFO  [restartedMain] o.s.s.c.a.a.c.InitializeUserDetailsBeanManagerConfigurer$InitializeUserDetailsManagerConfigurer - Global AuthenticationManager configured with UserDetailsService bean with name customUserDetailsService
2026-05-24 15:39:37.649 INFO  [restartedMain] o.s.boot.tomcat.TomcatWebServer - Tomcat started on port 8080 (http) with context path '/'
2026-05-24 15:39:37.652 INFO  [restartedMain] o.s.b.d.a.ConditionEvaluationDeltaLoggingListener - Condition evaluation unchanged
2026-05-24 15:39:39.054 INFO  [File Watcher] o.s.b.d.a.LocalDevToolsAutoConfiguration$RestartingClassPathChangeChangedEventListener - Restarting due to 1 class path change (0 additions, 0 deletions, 1 modification)
2026-05-24 15:39:39.059 INFO  [Thread-594] o.s.boot.tomcat.GracefulShutdown - Commencing graceful shutdown. Waiting for active requests to complete
2026-05-24 15:39:39.063 INFO  [tomcat-shutdown] o.s.boot.tomcat.GracefulShutdown - Graceful shutdown complete
2026-05-24 15:39:39.065 INFO  [Thread-594] o.s.o.j.LocalContainerEntityManagerFactoryBean - Closing JPA EntityManagerFactory for persistence unit 'default'
2026-05-24 15:39:39.067 INFO  [Thread-594] com.zaxxer.hikari.HikariDataSource - HikariPool-150 - Shutdown initiated...
2026-05-24 15:39:39.071 INFO  [Thread-594] com.zaxxer.hikari.HikariDataSource - HikariPool-150 - Shutdown completed.
2026-05-24 15:39:39.262 INFO  [restartedMain] o.s.d.r.c.RepositoryConfigurationDelegate - Bootstrapping Spring Data JPA repositories in DEFAULT mode.
2026-05-24 15:39:39.266 INFO  [restartedMain] o.s.d.r.c.RepositoryConfigurationDelegate - Finished Spring Data repository scanning in 2 ms. Found 1 JPA repository interface.
2026-05-24 15:39:39.309 INFO  [restartedMain] o.s.boot.tomcat.TomcatWebServer - Tomcat initialized with port 8080 (http)
2026-05-24 15:39:39.311 INFO  [restartedMain] o.a.catalina.core.StandardService - Starting service [Tomcat]
2026-05-24 15:39:39.311 INFO  [restartedMain] o.a.catalina.core.StandardEngine - Starting Servlet engine: [Apache Tomcat/11.0.21]
2026-05-24 15:39:39.316 INFO  [restartedMain] o.s.b.w.c.s.WebApplicationContextInitializer - Root WebApplicationContext: initialization completed in 116 ms
2026-05-24 15:39:39.332 INFO  [restartedMain] org.hibernate.orm.jpa - HHH008540: Processing PersistenceUnitInfo [name: default]
2026-05-24 15:39:39.345 INFO  [restartedMain] o.s.o.j.p.SpringPersistenceUnitInfo - No LoadTimeWeaver setup: ignoring JPA class transformer
2026-05-24 15:39:39.346 INFO  [restartedMain] com.zaxxer.hikari.HikariDataSource - HikariPool-151 - Starting...
2026-05-24 15:39:39.362 INFO  [restartedMain] com.zaxxer.hikari.pool.HikariPool - HikariPool-151 - Added connection com.mysql.cj.jdbc.ConnectionImpl@5e8b33c6
2026-05-24 15:39:39.362 INFO  [restartedMain] com.zaxxer.hikari.HikariDataSource - HikariPool-151 - Start completed.
2026-05-24 15:39:39.363 WARN  [restartedMain] org.hibernate.orm.deprecation - HHH90000025: MySQLDialect does not need to be specified explicitly using 'hibernate.dialect' (remove the property setting and it will be selected by default)
2026-05-24 15:39:39.364 INFO  [restartedMain] o.hibernate.orm.connections.pooling - HHH10001005: Database info:
	Database JDBC URL [jdbc:mysql://localhost:3306/springbootdb]
	Database driver: MySQL Connector/J
	Database dialect: MySQLDialect
	Database version: 9.6
	Default catalog/schema: springbootdb/undefined
	Autocommit mode: undefined/unknown
	Isolation level: REPEATABLE_READ [default REPEATABLE_READ]
	JDBC fetch size: none
	Pool: DataSourceConnectionProvider
	Minimum pool size: undefined/unknown
	Maximum pool size: undefined/unknown
2026-05-24 15:39:39.382 INFO  [restartedMain] org.hibernate.orm.core - HHH000489: No JTA platform available (set 'hibernate.transaction.jta.platform' to enable JTA platform integration)
2026-05-24 15:39:39.392 INFO  [restartedMain] o.s.o.j.LocalContainerEntityManagerFactoryBean - Initialized JPA EntityManagerFactory for persistence unit 'default'
2026-05-24 15:39:39.433 WARN  [restartedMain] o.s.b.j.a.JpaBaseConfiguration$JpaWebConfiguration - spring.jpa.open-in-view is enabled by default. Therefore, database queries may be performed during view rendering. Explicitly configure spring.jpa.open-in-view to disable this warning
2026-05-24 15:39:39.447 INFO  [restartedMain] o.s.s.c.a.a.c.InitializeUserDetailsBeanManagerConfigurer$InitializeUserDetailsManagerConfigurer - Global AuthenticationManager configured with UserDetailsService bean with name customUserDetailsService
2026-05-24 15:39:39.522 INFO  [restartedMain] o.s.boot.tomcat.TomcatWebServer - Tomcat started on port 8080 (http) with context path '/'
2026-05-24 15:39:39.523 INFO  [restartedMain] o.s.b.d.a.ConditionEvaluationDeltaLoggingListener - Condition evaluation unchanged
2026-05-24 15:39:51.071 INFO  [File Watcher] o.s.b.d.a.LocalDevToolsAutoConfiguration$RestartingClassPathChangeChangedEventListener - Restarting due to 1 class path change (0 additions, 0 deletions, 1 modification)
2026-05-24 15:39:51.116 INFO  [Thread-598] o.s.boot.tomcat.GracefulShutdown - Commencing graceful shutdown. Waiting for active requests to complete
2026-05-24 15:39:51.118 INFO  [tomcat-shutdown] o.s.boot.tomcat.GracefulShutdown - Graceful shutdown complete
2026-05-24 15:39:51.121 INFO  [Thread-598] o.s.o.j.LocalContainerEntityManagerFactoryBean - Closing JPA EntityManagerFactory for persistence unit 'default'
2026-05-24 15:39:51.123 INFO  [Thread-598] com.zaxxer.hikari.HikariDataSource - HikariPool-151 - Shutdown initiated...
2026-05-24 15:39:51.127 INFO  [Thread-598] com.zaxxer.hikari.HikariDataSource - HikariPool-151 - Shutdown completed.
2026-05-24 15:39:51.698 INFO  [restartedMain] o.s.d.r.c.RepositoryConfigurationDelegate - Bootstrapping Spring Data JPA repositories in DEFAULT mode.
2026-05-24 15:39:51.705 INFO  [restartedMain] o.s.d.r.c.RepositoryConfigurationDelegate - Finished Spring Data repository scanning in 6 ms. Found 1 JPA repository interface.
2026-05-24 15:39:51.773 INFO  [restartedMain] o.s.boot.tomcat.TomcatWebServer - Tomcat initialized with port 8080 (http)
2026-05-24 15:39:51.774 INFO  [restartedMain] o.a.catalina.core.StandardService - Starting service [Tomcat]
2026-05-24 15:39:51.774 INFO  [restartedMain] o.a.catalina.core.StandardEngine - Starting Servlet engine: [Apache Tomcat/11.0.21]
2026-05-24 15:39:51.782 INFO  [restartedMain] o.s.b.w.c.s.WebApplicationContextInitializer - Root WebApplicationContext: initialization completed in 319 ms
2026-05-24 15:39:51.804 INFO  [restartedMain] org.hibernate.orm.jpa - HHH008540: Processing PersistenceUnitInfo [name: default]
2026-05-24 15:39:51.823 INFO  [restartedMain] o.s.o.j.p.SpringPersistenceUnitInfo - No LoadTimeWeaver setup: ignoring JPA class transformer
2026-05-24 15:39:51.824 INFO  [restartedMain] com.zaxxer.hikari.HikariDataSource - HikariPool-152 - Starting...
2026-05-24 15:39:51.864 INFO  [restartedMain] com.zaxxer.hikari.pool.HikariPool - HikariPool-152 - Added connection com.mysql.cj.jdbc.ConnectionImpl@3e5c9e81
2026-05-24 15:39:51.864 INFO  [restartedMain] com.zaxxer.hikari.HikariDataSource - HikariPool-152 - Start completed.
2026-05-24 15:39:51.867 WARN  [restartedMain] org.hibernate.orm.deprecation - HHH90000025: MySQLDialect does not need to be specified explicitly using 'hibernate.dialect' (remove the property setting and it will be selected by default)
2026-05-24 15:39:51.871 INFO  [restartedMain] o.hibernate.orm.connections.pooling - HHH10001005: Database info:
	Database JDBC URL [jdbc:mysql://localhost:3306/springbootdb]
	Database driver: MySQL Connector/J
	Database dialect: MySQLDialect
	Database version: 9.6
	Default catalog/schema: springbootdb/undefined
	Autocommit mode: undefined/unknown
	Isolation level: REPEATABLE_READ [default REPEATABLE_READ]
	JDBC fetch size: none
	Pool: DataSourceConnectionProvider
	Minimum pool size: undefined/unknown
	Maximum pool size: undefined/unknown
2026-05-24 15:39:51.924 INFO  [restartedMain] org.hibernate.orm.core - HHH000489: No JTA platform available (set 'hibernate.transaction.jta.platform' to enable JTA platform integration)
2026-05-24 15:39:51.955 INFO  [restartedMain] o.s.o.j.LocalContainerEntityManagerFactoryBean - Initialized JPA EntityManagerFactory for persistence unit 'default'
2026-05-24 15:39:52.023 WARN  [restartedMain] o.s.b.j.a.JpaBaseConfiguration$JpaWebConfiguration - spring.jpa.open-in-view is enabled by default. Therefore, database queries may be performed during view rendering. Explicitly configure spring.jpa.open-in-view to disable this warning
2026-05-24 15:39:52.042 INFO  [restartedMain] o.s.s.c.a.a.c.InitializeUserDetailsBeanManagerConfigurer$InitializeUserDetailsManagerConfigurer - Global AuthenticationManager configured with UserDetailsService bean with name customUserDetailsService
2026-05-24 15:39:52.147 INFO  [restartedMain] o.s.boot.tomcat.TomcatWebServer - Tomcat started on port 8080 (http) with context path '/'
2026-05-24 15:39:52.149 INFO  [restartedMain] o.s.b.d.a.ConditionEvaluationDeltaLoggingListener - Condition evaluation unchanged
2026-05-24 15:39:54.150 INFO  [http-nio-8080-exec-2] o.a.c.c.C.[Tomcat-3].[localhost].[/] - Initializing Spring DispatcherServlet 'dispatcherServlet'
2026-05-24 15:39:54.151 INFO  [http-nio-8080-exec-2] o.s.web.servlet.DispatcherServlet - Initializing Servlet 'dispatcherServlet'
2026-05-24 15:39:54.157 INFO  [http-nio-8080-exec-2] o.s.web.servlet.DispatcherServlet - Completed initialization in 6 ms
2026-05-24 15:40:06.655 INFO  [File Watcher] o.s.b.d.a.LocalDevToolsAutoConfiguration$RestartingClassPathChangeChangedEventListener - Restarting due to 1 class path change (0 additions, 0 deletions, 1 modification)
2026-05-24 15:40:06.661 INFO  [Thread-602] o.s.boot.tomcat.GracefulShutdown - Commencing graceful shutdown. Waiting for active requests to complete
2026-05-24 15:40:06.668 INFO  [tomcat-shutdown] o.s.boot.tomcat.GracefulShutdown - Graceful shutdown complete
2026-05-24 15:40:06.673 INFO  [Thread-602] o.s.o.j.LocalContainerEntityManagerFactoryBean - Closing JPA EntityManagerFactory for persistence unit 'default'
2026-05-24 15:40:06.675 INFO  [Thread-602] com.zaxxer.hikari.HikariDataSource - HikariPool-152 - Shutdown initiated...
2026-05-24 15:40:06.679 INFO  [Thread-602] com.zaxxer.hikari.HikariDataSource - HikariPool-152 - Shutdown completed.
2026-05-24 15:40:06.871 INFO  [restartedMain] o.s.d.r.c.RepositoryConfigurationDelegate - Bootstrapping Spring Data JPA repositories in DEFAULT mode.
2026-05-24 15:40:06.876 INFO  [restartedMain] o.s.d.r.c.RepositoryConfigurationDelegate - Finished Spring Data repository scanning in 4 ms. Found 1 JPA repository interface.
2026-05-24 15:40:06.932 INFO  [restartedMain] o.s.boot.tomcat.TomcatWebServer - Tomcat initialized with port 8080 (http)
2026-05-24 15:40:06.932 INFO  [restartedMain] o.a.catalina.core.StandardService - Starting service [Tomcat]
2026-05-24 15:40:06.932 INFO  [restartedMain] o.a.catalina.core.StandardEngine - Starting Servlet engine: [Apache Tomcat/11.0.21]
2026-05-24 15:40:06.941 INFO  [restartedMain] o.s.b.w.c.s.WebApplicationContextInitializer - Root WebApplicationContext: initialization completed in 144 ms
2026-05-24 15:40:06.968 INFO  [restartedMain] org.hibernate.orm.jpa - HHH008540: Processing PersistenceUnitInfo [name: default]
2026-05-24 15:40:06.998 INFO  [restartedMain] o.s.o.j.p.SpringPersistenceUnitInfo - No LoadTimeWeaver setup: ignoring JPA class transformer
2026-05-24 15:40:06.998 INFO  [restartedMain] com.zaxxer.hikari.HikariDataSource - HikariPool-153 - Starting...
2026-05-24 15:40:07.008 INFO  [restartedMain] com.zaxxer.hikari.pool.HikariPool - HikariPool-153 - Added connection com.mysql.cj.jdbc.ConnectionImpl@41edb15f
2026-05-24 15:40:07.008 INFO  [restartedMain] com.zaxxer.hikari.HikariDataSource - HikariPool-153 - Start completed.
2026-05-24 15:40:07.008 WARN  [restartedMain] org.hibernate.orm.deprecation - HHH90000025: MySQLDialect does not need to be specified explicitly using 'hibernate.dialect' (remove the property setting and it will be selected by default)
2026-05-24 15:40:07.009 INFO  [restartedMain] o.hibernate.orm.connections.pooling - HHH10001005: Database info:
	Database JDBC URL [jdbc:mysql://localhost:3306/springbootdb]
	Database driver: MySQL Connector/J
	Database dialect: MySQLDialect
	Database version: 9.6
	Default catalog/schema: springbootdb/undefined
	Autocommit mode: undefined/unknown
	Isolation level: REPEATABLE_READ [default REPEATABLE_READ]
	JDBC fetch size: none
	Pool: DataSourceConnectionProvider
	Minimum pool size: undefined/unknown
	Maximum pool size: undefined/unknown
2026-05-24 15:40:07.031 INFO  [restartedMain] org.hibernate.orm.core - HHH000489: No JTA platform available (set 'hibernate.transaction.jta.platform' to enable JTA platform integration)
2026-05-24 15:40:07.043 INFO  [restartedMain] o.s.o.j.LocalContainerEntityManagerFactoryBean - Initialized JPA EntityManagerFactory for persistence unit 'default'
2026-05-24 15:40:07.086 WARN  [restartedMain] o.s.b.j.a.JpaBaseConfiguration$JpaWebConfiguration - spring.jpa.open-in-view is enabled by default. Therefore, database queries may be performed during view rendering. Explicitly configure spring.jpa.open-in-view to disable this warning
2026-05-24 15:40:07.103 INFO  [restartedMain] o.s.s.c.a.a.c.InitializeUserDetailsBeanManagerConfigurer$InitializeUserDetailsManagerConfigurer - Global AuthenticationManager configured with UserDetailsService bean with name customUserDetailsService
2026-05-24 15:40:07.175 INFO  [restartedMain] o.s.boot.tomcat.TomcatWebServer - Tomcat started on port 8080 (http) with context path '/'
2026-05-24 15:40:07.178 INFO  [restartedMain] o.s.b.d.a.ConditionEvaluationDeltaLoggingListener - Condition evaluation unchanged
2026-05-24 15:40:08.575 INFO  [File Watcher] o.s.b.d.a.LocalDevToolsAutoConfiguration$RestartingClassPathChangeChangedEventListener - Restarting due to 1 class path change (0 additions, 0 deletions, 1 modification)
2026-05-24 15:40:08.595 INFO  [Thread-606] o.s.boot.tomcat.GracefulShutdown - Commencing graceful shutdown. Waiting for active requests to complete
2026-05-24 15:40:08.599 INFO  [tomcat-shutdown] o.s.boot.tomcat.GracefulShutdown - Graceful shutdown complete
2026-05-24 15:40:08.606 INFO  [Thread-606] o.s.o.j.LocalContainerEntityManagerFactoryBean - Closing JPA EntityManagerFactory for persistence unit 'default'
2026-05-24 15:40:08.612 INFO  [Thread-606] com.zaxxer.hikari.HikariDataSource - HikariPool-153 - Shutdown initiated...
2026-05-24 15:40:08.616 INFO  [Thread-606] com.zaxxer.hikari.HikariDataSource - HikariPool-153 - Shutdown completed.
2026-05-24 15:40:08.860 INFO  [restartedMain] o.s.d.r.c.RepositoryConfigurationDelegate - Bootstrapping Spring Data JPA repositories in DEFAULT mode.
2026-05-24 15:40:08.864 INFO  [restartedMain] o.s.d.r.c.RepositoryConfigurationDelegate - Finished Spring Data repository scanning in 2 ms. Found 1 JPA repository interface.
2026-05-24 15:40:08.927 INFO  [restartedMain] o.s.boot.tomcat.TomcatWebServer - Tomcat initialized with port 8080 (http)
2026-05-24 15:40:08.928 INFO  [restartedMain] o.a.catalina.core.StandardService - Starting service [Tomcat]
2026-05-24 15:40:08.928 INFO  [restartedMain] o.a.catalina.core.StandardEngine - Starting Servlet engine: [Apache Tomcat/11.0.21]
2026-05-24 15:40:08.932 INFO  [restartedMain] o.s.b.w.c.s.WebApplicationContextInitializer - Root WebApplicationContext: initialization completed in 135 ms
2026-05-24 15:40:08.948 INFO  [restartedMain] org.hibernate.orm.jpa - HHH008540: Processing PersistenceUnitInfo [name: default]
2026-05-24 15:40:08.961 INFO  [restartedMain] o.s.o.j.p.SpringPersistenceUnitInfo - No LoadTimeWeaver setup: ignoring JPA class transformer
2026-05-24 15:40:08.962 INFO  [restartedMain] com.zaxxer.hikari.HikariDataSource - HikariPool-154 - Starting...
2026-05-24 15:40:08.972 INFO  [restartedMain] com.zaxxer.hikari.pool.HikariPool - HikariPool-154 - Added connection com.mysql.cj.jdbc.ConnectionImpl@190b9cc1
2026-05-24 15:40:08.973 INFO  [restartedMain] com.zaxxer.hikari.HikariDataSource - HikariPool-154 - Start completed.
2026-05-24 15:40:08.973 WARN  [restartedMain] org.hibernate.orm.deprecation - HHH90000025: MySQLDialect does not need to be specified explicitly using 'hibernate.dialect' (remove the property setting and it will be selected by default)
2026-05-24 15:40:08.973 INFO  [restartedMain] o.hibernate.orm.connections.pooling - HHH10001005: Database info:
	Database JDBC URL [jdbc:mysql://localhost:3306/springbootdb]
	Database driver: MySQL Connector/J
	Database dialect: MySQLDialect
	Database version: 9.6
	Default catalog/schema: springbootdb/undefined
	Autocommit mode: undefined/unknown
	Isolation level: REPEATABLE_READ [default REPEATABLE_READ]
	JDBC fetch size: none
	Pool: DataSourceConnectionProvider
	Minimum pool size: undefined/unknown
	Maximum pool size: undefined/unknown
2026-05-24 15:40:08.989 INFO  [restartedMain] org.hibernate.orm.core - HHH000489: No JTA platform available (set 'hibernate.transaction.jta.platform' to enable JTA platform integration)
2026-05-24 15:40:08.997 INFO  [restartedMain] o.s.o.j.LocalContainerEntityManagerFactoryBean - Initialized JPA EntityManagerFactory for persistence unit 'default'
2026-05-24 15:40:09.039 WARN  [restartedMain] o.s.b.j.a.JpaBaseConfiguration$JpaWebConfiguration - spring.jpa.open-in-view is enabled by default. Therefore, database queries may be performed during view rendering. Explicitly configure spring.jpa.open-in-view to disable this warning
2026-05-24 15:40:09.054 INFO  [restartedMain] o.s.s.c.a.a.c.InitializeUserDetailsBeanManagerConfigurer$InitializeUserDetailsManagerConfigurer - Global AuthenticationManager configured with UserDetailsService bean with name customUserDetailsService
2026-05-24 15:40:09.125 INFO  [restartedMain] o.s.boot.tomcat.TomcatWebServer - Tomcat started on port 8080 (http) with context path '/'
2026-05-24 15:40:09.128 INFO  [restartedMain] o.s.b.d.a.ConditionEvaluationDeltaLoggingListener - Condition evaluation unchanged
2026-05-24 15:40:25.660 INFO  [File Watcher] o.s.b.d.a.LocalDevToolsAutoConfiguration$RestartingClassPathChangeChangedEventListener - Restarting due to 1 class path change (0 additions, 0 deletions, 1 modification)
2026-05-24 15:40:25.670 INFO  [Thread-610] o.s.boot.tomcat.GracefulShutdown - Commencing graceful shutdown. Waiting for active requests to complete
2026-05-24 15:40:25.677 INFO  [tomcat-shutdown] o.s.boot.tomcat.GracefulShutdown - Graceful shutdown complete
2026-05-24 15:40:25.681 INFO  [Thread-610] o.s.o.j.LocalContainerEntityManagerFactoryBean - Closing JPA EntityManagerFactory for persistence unit 'default'
2026-05-24 15:40:25.684 INFO  [Thread-610] com.zaxxer.hikari.HikariDataSource - HikariPool-154 - Shutdown initiated...
2026-05-24 15:40:25.787 INFO  [Thread-610] com.zaxxer.hikari.HikariDataSource - HikariPool-154 - Shutdown completed.
2026-05-24 15:40:26.091 INFO  [restartedMain] o.s.d.r.c.RepositoryConfigurationDelegate - Bootstrapping Spring Data JPA repositories in DEFAULT mode.
2026-05-24 15:40:26.097 INFO  [restartedMain] o.s.d.r.c.RepositoryConfigurationDelegate - Finished Spring Data repository scanning in 5 ms. Found 1 JPA repository interface.
2026-05-24 15:40:26.150 INFO  [restartedMain] o.s.boot.tomcat.TomcatWebServer - Tomcat initialized with port 8080 (http)
2026-05-24 15:40:26.150 INFO  [restartedMain] o.a.catalina.core.StandardService - Starting service [Tomcat]
2026-05-24 15:40:26.150 INFO  [restartedMain] o.a.catalina.core.StandardEngine - Starting Servlet engine: [Apache Tomcat/11.0.21]
2026-05-24 15:40:26.157 INFO  [restartedMain] o.s.b.w.c.s.WebApplicationContextInitializer - Root WebApplicationContext: initialization completed in 146 ms
2026-05-24 15:40:26.181 INFO  [restartedMain] org.hibernate.orm.jpa - HHH008540: Processing PersistenceUnitInfo [name: default]
2026-05-24 15:40:26.198 INFO  [restartedMain] o.s.o.j.p.SpringPersistenceUnitInfo - No LoadTimeWeaver setup: ignoring JPA class transformer
2026-05-24 15:40:26.198 INFO  [restartedMain] com.zaxxer.hikari.HikariDataSource - HikariPool-155 - Starting...
2026-05-24 15:40:26.211 INFO  [restartedMain] com.zaxxer.hikari.pool.HikariPool - HikariPool-155 - Added connection com.mysql.cj.jdbc.ConnectionImpl@2030c74f
2026-05-24 15:40:26.211 INFO  [restartedMain] com.zaxxer.hikari.HikariDataSource - HikariPool-155 - Start completed.
2026-05-24 15:40:26.211 WARN  [restartedMain] org.hibernate.orm.deprecation - HHH90000025: MySQLDialect does not need to be specified explicitly using 'hibernate.dialect' (remove the property setting and it will be selected by default)
2026-05-24 15:40:26.212 INFO  [restartedMain] o.hibernate.orm.connections.pooling - HHH10001005: Database info:
	Database JDBC URL [jdbc:mysql://localhost:3306/springbootdb]
	Database driver: MySQL Connector/J
	Database dialect: MySQLDialect
	Database version: 9.6
	Default catalog/schema: springbootdb/undefined
	Autocommit mode: undefined/unknown
	Isolation level: REPEATABLE_READ [default REPEATABLE_READ]
	JDBC fetch size: none
	Pool: DataSourceConnectionProvider
	Minimum pool size: undefined/unknown
	Maximum pool size: undefined/unknown
2026-05-24 15:40:26.230 INFO  [restartedMain] org.hibernate.orm.core - HHH000489: No JTA platform available (set 'hibernate.transaction.jta.platform' to enable JTA platform integration)
2026-05-24 15:40:26.240 INFO  [restartedMain] o.s.o.j.LocalContainerEntityManagerFactoryBean - Initialized JPA EntityManagerFactory for persistence unit 'default'
2026-05-24 15:40:26.289 WARN  [restartedMain] o.s.b.j.a.JpaBaseConfiguration$JpaWebConfiguration - spring.jpa.open-in-view is enabled by default. Therefore, database queries may be performed during view rendering. Explicitly configure spring.jpa.open-in-view to disable this warning
2026-05-24 15:40:26.303 INFO  [restartedMain] o.s.s.c.a.a.c.InitializeUserDetailsBeanManagerConfigurer$InitializeUserDetailsManagerConfigurer - Global AuthenticationManager configured with UserDetailsService bean with name customUserDetailsService
2026-05-24 15:40:26.432 INFO  [restartedMain] o.s.boot.tomcat.TomcatWebServer - Tomcat started on port 8080 (http) with context path '/'
2026-05-24 15:40:26.434 INFO  [restartedMain] o.s.b.d.a.ConditionEvaluationDeltaLoggingListener - Condition evaluation unchanged
2026-05-24 15:40:37.916 INFO  [File Watcher] o.s.b.d.a.LocalDevToolsAutoConfiguration$RestartingClassPathChangeChangedEventListener - Restarting due to 1 class path change (0 additions, 0 deletions, 1 modification)
2026-05-24 15:40:37.922 INFO  [Thread-614] o.s.boot.tomcat.GracefulShutdown - Commencing graceful shutdown. Waiting for active requests to complete
2026-05-24 15:40:37.928 INFO  [tomcat-shutdown] o.s.boot.tomcat.GracefulShutdown - Graceful shutdown complete
2026-05-24 15:40:37.930 INFO  [Thread-614] o.s.o.j.LocalContainerEntityManagerFactoryBean - Closing JPA EntityManagerFactory for persistence unit 'default'
2026-05-24 15:40:37.931 INFO  [Thread-614] com.zaxxer.hikari.HikariDataSource - HikariPool-155 - Shutdown initiated...
2026-05-24 15:40:37.939 INFO  [Thread-614] com.zaxxer.hikari.HikariDataSource - HikariPool-155 - Shutdown completed.
2026-05-24 15:40:38.133 INFO  [restartedMain] o.s.d.r.c.RepositoryConfigurationDelegate - Bootstrapping Spring Data JPA repositories in DEFAULT mode.
2026-05-24 15:40:38.136 INFO  [restartedMain] o.s.d.r.c.RepositoryConfigurationDelegate - Finished Spring Data repository scanning in 3 ms. Found 1 JPA repository interface.
2026-05-24 15:40:38.182 INFO  [restartedMain] o.s.boot.tomcat.TomcatWebServer - Tomcat initialized with port 8080 (http)
2026-05-24 15:40:38.183 INFO  [restartedMain] o.a.catalina.core.StandardService - Starting service [Tomcat]
2026-05-24 15:40:38.183 INFO  [restartedMain] o.a.catalina.core.StandardEngine - Starting Servlet engine: [Apache Tomcat/11.0.21]
2026-05-24 15:40:38.187 INFO  [restartedMain] o.s.b.w.c.s.WebApplicationContextInitializer - Root WebApplicationContext: initialization completed in 119 ms
2026-05-24 15:40:38.201 INFO  [restartedMain] org.hibernate.orm.jpa - HHH008540: Processing PersistenceUnitInfo [name: default]
2026-05-24 15:40:38.213 INFO  [restartedMain] o.s.o.j.p.SpringPersistenceUnitInfo - No LoadTimeWeaver setup: ignoring JPA class transformer
2026-05-24 15:40:38.214 INFO  [restartedMain] com.zaxxer.hikari.HikariDataSource - HikariPool-156 - Starting...
2026-05-24 15:40:38.222 INFO  [restartedMain] com.zaxxer.hikari.pool.HikariPool - HikariPool-156 - Added connection com.mysql.cj.jdbc.ConnectionImpl@21a622d0
2026-05-24 15:40:38.222 INFO  [restartedMain] com.zaxxer.hikari.HikariDataSource - HikariPool-156 - Start completed.
2026-05-24 15:40:38.223 WARN  [restartedMain] org.hibernate.orm.deprecation - HHH90000025: MySQLDialect does not need to be specified explicitly using 'hibernate.dialect' (remove the property setting and it will be selected by default)
2026-05-24 15:40:38.223 INFO  [restartedMain] o.hibernate.orm.connections.pooling - HHH10001005: Database info:
	Database JDBC URL [jdbc:mysql://localhost:3306/springbootdb]
	Database driver: MySQL Connector/J
	Database dialect: MySQLDialect
	Database version: 9.6
	Default catalog/schema: springbootdb/undefined
	Autocommit mode: undefined/unknown
	Isolation level: REPEATABLE_READ [default REPEATABLE_READ]
	JDBC fetch size: none
	Pool: DataSourceConnectionProvider
	Minimum pool size: undefined/unknown
	Maximum pool size: undefined/unknown
2026-05-24 15:40:38.238 INFO  [restartedMain] org.hibernate.orm.core - HHH000489: No JTA platform available (set 'hibernate.transaction.jta.platform' to enable JTA platform integration)
2026-05-24 15:40:38.252 INFO  [restartedMain] o.s.o.j.LocalContainerEntityManagerFactoryBean - Initialized JPA EntityManagerFactory for persistence unit 'default'
2026-05-24 15:40:38.289 WARN  [restartedMain] o.s.b.j.a.JpaBaseConfiguration$JpaWebConfiguration - spring.jpa.open-in-view is enabled by default. Therefore, database queries may be performed during view rendering. Explicitly configure spring.jpa.open-in-view to disable this warning
2026-05-24 15:40:38.305 INFO  [restartedMain] o.s.s.c.a.a.c.InitializeUserDetailsBeanManagerConfigurer$InitializeUserDetailsManagerConfigurer - Global AuthenticationManager configured with UserDetailsService bean with name customUserDetailsService
2026-05-24 15:40:38.373 INFO  [restartedMain] o.s.boot.tomcat.TomcatWebServer - Tomcat started on port 8080 (http) with context path '/'
2026-05-24 15:40:38.377 INFO  [restartedMain] o.s.b.d.a.ConditionEvaluationDeltaLoggingListener - Condition evaluation unchanged
2026-05-24 15:40:50.898 INFO  [File Watcher] o.s.b.d.a.LocalDevToolsAutoConfiguration$RestartingClassPathChangeChangedEventListener - Restarting due to 1 class path change (0 additions, 0 deletions, 1 modification)
2026-05-24 15:40:50.904 INFO  [Thread-618] o.s.boot.tomcat.GracefulShutdown - Commencing graceful shutdown. Waiting for active requests to complete
2026-05-24 15:40:50.907 INFO  [tomcat-shutdown] o.s.boot.tomcat.GracefulShutdown - Graceful shutdown complete
2026-05-24 15:40:50.910 INFO  [Thread-618] o.s.o.j.LocalContainerEntityManagerFactoryBean - Closing JPA EntityManagerFactory for persistence unit 'default'
2026-05-24 15:40:50.912 INFO  [Thread-618] com.zaxxer.hikari.HikariDataSource - HikariPool-156 - Shutdown initiated...
2026-05-24 15:40:50.915 INFO  [Thread-618] com.zaxxer.hikari.HikariDataSource - HikariPool-156 - Shutdown completed.
2026-05-24 15:40:51.149 INFO  [restartedMain] o.s.d.r.c.RepositoryConfigurationDelegate - Bootstrapping Spring Data JPA repositories in DEFAULT mode.
2026-05-24 15:40:51.154 INFO  [restartedMain] o.s.d.r.c.RepositoryConfigurationDelegate - Finished Spring Data repository scanning in 3 ms. Found 1 JPA repository interface.
2026-05-24 15:40:51.214 INFO  [restartedMain] o.s.boot.tomcat.TomcatWebServer - Tomcat initialized with port 8080 (http)
2026-05-24 15:40:51.214 INFO  [restartedMain] o.a.catalina.core.StandardService - Starting service [Tomcat]
2026-05-24 15:40:51.214 INFO  [restartedMain] o.a.catalina.core.StandardEngine - Starting Servlet engine: [Apache Tomcat/11.0.21]
2026-05-24 15:40:51.220 INFO  [restartedMain] o.s.b.w.c.s.WebApplicationContextInitializer - Root WebApplicationContext: initialization completed in 171 ms
2026-05-24 15:40:51.243 INFO  [restartedMain] org.hibernate.orm.jpa - HHH008540: Processing PersistenceUnitInfo [name: default]
2026-05-24 15:40:51.271 INFO  [restartedMain] o.s.o.j.p.SpringPersistenceUnitInfo - No LoadTimeWeaver setup: ignoring JPA class transformer
2026-05-24 15:40:51.272 INFO  [restartedMain] com.zaxxer.hikari.HikariDataSource - HikariPool-157 - Starting...
2026-05-24 15:40:51.287 INFO  [restartedMain] com.zaxxer.hikari.pool.HikariPool - HikariPool-157 - Added connection com.mysql.cj.jdbc.ConnectionImpl@53bd4a6f
2026-05-24 15:40:51.287 INFO  [restartedMain] com.zaxxer.hikari.HikariDataSource - HikariPool-157 - Start completed.
2026-05-24 15:40:51.288 WARN  [restartedMain] org.hibernate.orm.deprecation - HHH90000025: MySQLDialect does not need to be specified explicitly using 'hibernate.dialect' (remove the property setting and it will be selected by default)
2026-05-24 15:40:51.289 INFO  [restartedMain] o.hibernate.orm.connections.pooling - HHH10001005: Database info:
	Database JDBC URL [jdbc:mysql://localhost:3306/springbootdb]
	Database driver: MySQL Connector/J
	Database dialect: MySQLDialect
	Database version: 9.6
	Default catalog/schema: springbootdb/undefined
	Autocommit mode: undefined/unknown
	Isolation level: REPEATABLE_READ [default REPEATABLE_READ]
	JDBC fetch size: none
	Pool: DataSourceConnectionProvider
	Minimum pool size: undefined/unknown
	Maximum pool size: undefined/unknown
2026-05-24 15:40:51.313 INFO  [restartedMain] org.hibernate.orm.core - HHH000489: No JTA platform available (set 'hibernate.transaction.jta.platform' to enable JTA platform integration)
2026-05-24 15:40:51.323 INFO  [restartedMain] o.s.o.j.LocalContainerEntityManagerFactoryBean - Initialized JPA EntityManagerFactory for persistence unit 'default'
2026-05-24 15:40:51.376 WARN  [restartedMain] o.s.b.j.a.JpaBaseConfiguration$JpaWebConfiguration - spring.jpa.open-in-view is enabled by default. Therefore, database queries may be performed during view rendering. Explicitly configure spring.jpa.open-in-view to disable this warning
2026-05-24 15:40:51.400 INFO  [restartedMain] o.s.s.c.a.a.c.InitializeUserDetailsBeanManagerConfigurer$InitializeUserDetailsManagerConfigurer - Global AuthenticationManager configured with UserDetailsService bean with name customUserDetailsService
2026-05-24 15:40:51.477 INFO  [restartedMain] o.s.boot.tomcat.TomcatWebServer - Tomcat started on port 8080 (http) with context path '/'
2026-05-24 15:40:51.479 INFO  [restartedMain] o.s.b.d.a.ConditionEvaluationDeltaLoggingListener - Condition evaluation unchanged
2026-05-24 15:40:59.932 INFO  [File Watcher] o.s.b.d.a.LocalDevToolsAutoConfiguration$RestartingClassPathChangeChangedEventListener - Restarting due to 1 class path change (0 additions, 0 deletions, 1 modification)
2026-05-24 15:40:59.938 INFO  [Thread-622] o.s.boot.tomcat.GracefulShutdown - Commencing graceful shutdown. Waiting for active requests to complete
2026-05-24 15:40:59.944 INFO  [tomcat-shutdown] o.s.boot.tomcat.GracefulShutdown - Graceful shutdown complete
2026-05-24 15:40:59.947 INFO  [Thread-622] o.s.o.j.LocalContainerEntityManagerFactoryBean - Closing JPA EntityManagerFactory for persistence unit 'default'
2026-05-24 15:40:59.949 INFO  [Thread-622] com.zaxxer.hikari.HikariDataSource - HikariPool-157 - Shutdown initiated...
2026-05-24 15:40:59.958 INFO  [Thread-622] com.zaxxer.hikari.HikariDataSource - HikariPool-157 - Shutdown completed.
2026-05-24 15:41:00.155 INFO  [restartedMain] o.s.d.r.c.RepositoryConfigurationDelegate - Bootstrapping Spring Data JPA repositories in DEFAULT mode.
2026-05-24 15:41:00.160 INFO  [restartedMain] o.s.d.r.c.RepositoryConfigurationDelegate - Finished Spring Data repository scanning in 4 ms. Found 1 JPA repository interface.
2026-05-24 15:41:00.203 INFO  [restartedMain] o.s.boot.tomcat.TomcatWebServer - Tomcat initialized with port 8080 (http)
2026-05-24 15:41:00.203 INFO  [restartedMain] o.a.catalina.core.StandardService - Starting service [Tomcat]
2026-05-24 15:41:00.203 INFO  [restartedMain] o.a.catalina.core.StandardEngine - Starting Servlet engine: [Apache Tomcat/11.0.21]
2026-05-24 15:41:00.209 INFO  [restartedMain] o.s.b.w.c.s.WebApplicationContextInitializer - Root WebApplicationContext: initialization completed in 122 ms
2026-05-24 15:41:00.223 INFO  [restartedMain] org.hibernate.orm.jpa - HHH008540: Processing PersistenceUnitInfo [name: default]
2026-05-24 15:41:00.235 INFO  [restartedMain] o.s.o.j.p.SpringPersistenceUnitInfo - No LoadTimeWeaver setup: ignoring JPA class transformer
2026-05-24 15:41:00.236 INFO  [restartedMain] com.zaxxer.hikari.HikariDataSource - HikariPool-158 - Starting...
2026-05-24 15:41:00.245 INFO  [restartedMain] com.zaxxer.hikari.pool.HikariPool - HikariPool-158 - Added connection com.mysql.cj.jdbc.ConnectionImpl@46e09a34
2026-05-24 15:41:00.246 INFO  [restartedMain] com.zaxxer.hikari.HikariDataSource - HikariPool-158 - Start completed.
2026-05-24 15:41:00.246 WARN  [restartedMain] org.hibernate.orm.deprecation - HHH90000025: MySQLDialect does not need to be specified explicitly using 'hibernate.dialect' (remove the property setting and it will be selected by default)
2026-05-24 15:41:00.246 INFO  [restartedMain] o.hibernate.orm.connections.pooling - HHH10001005: Database info:
	Database JDBC URL [jdbc:mysql://localhost:3306/springbootdb]
	Database driver: MySQL Connector/J
	Database dialect: MySQLDialect
	Database version: 9.6
	Default catalog/schema: springbootdb/undefined
	Autocommit mode: undefined/unknown
	Isolation level: REPEATABLE_READ [default REPEATABLE_READ]
	JDBC fetch size: none
	Pool: DataSourceConnectionProvider
	Minimum pool size: undefined/unknown
	Maximum pool size: undefined/unknown
2026-05-24 15:41:00.262 INFO  [restartedMain] org.hibernate.orm.core - HHH000489: No JTA platform available (set 'hibernate.transaction.jta.platform' to enable JTA platform integration)
2026-05-24 15:41:00.272 INFO  [restartedMain] o.s.o.j.LocalContainerEntityManagerFactoryBean - Initialized JPA EntityManagerFactory for persistence unit 'default'
2026-05-24 15:41:00.311 WARN  [restartedMain] o.s.b.j.a.JpaBaseConfiguration$JpaWebConfiguration - spring.jpa.open-in-view is enabled by default. Therefore, database queries may be performed during view rendering. Explicitly configure spring.jpa.open-in-view to disable this warning
2026-05-24 15:41:00.325 INFO  [restartedMain] o.s.s.c.a.a.c.InitializeUserDetailsBeanManagerConfigurer$InitializeUserDetailsManagerConfigurer - Global AuthenticationManager configured with UserDetailsService bean with name customUserDetailsService
2026-05-24 15:41:00.392 INFO  [restartedMain] o.s.boot.tomcat.TomcatWebServer - Tomcat started on port 8080 (http) with context path '/'
2026-05-24 15:41:00.396 INFO  [restartedMain] o.s.b.d.a.ConditionEvaluationDeltaLoggingListener - Condition evaluation unchanged
2026-05-24 15:41:11.869 INFO  [File Watcher] o.s.b.d.a.LocalDevToolsAutoConfiguration$RestartingClassPathChangeChangedEventListener - Restarting due to 1 class path change (0 additions, 0 deletions, 1 modification)
2026-05-24 15:41:11.879 INFO  [Thread-626] o.s.boot.tomcat.GracefulShutdown - Commencing graceful shutdown. Waiting for active requests to complete
2026-05-24 15:41:11.881 INFO  [tomcat-shutdown] o.s.boot.tomcat.GracefulShutdown - Graceful shutdown complete
2026-05-24 15:41:11.883 INFO  [Thread-626] o.s.o.j.LocalContainerEntityManagerFactoryBean - Closing JPA EntityManagerFactory for persistence unit 'default'
2026-05-24 15:41:11.886 INFO  [Thread-626] com.zaxxer.hikari.HikariDataSource - HikariPool-158 - Shutdown initiated...
2026-05-24 15:41:11.892 INFO  [Thread-626] com.zaxxer.hikari.HikariDataSource - HikariPool-158 - Shutdown completed.
2026-05-24 15:41:12.127 INFO  [restartedMain] o.s.d.r.c.RepositoryConfigurationDelegate - Bootstrapping Spring Data JPA repositories in DEFAULT mode.
2026-05-24 15:41:12.133 INFO  [restartedMain] o.s.d.r.c.RepositoryConfigurationDelegate - Finished Spring Data repository scanning in 4 ms. Found 1 JPA repository interface.
2026-05-24 15:41:12.177 INFO  [restartedMain] o.s.boot.tomcat.TomcatWebServer - Tomcat initialized with port 8080 (http)
2026-05-24 15:41:12.178 INFO  [restartedMain] o.a.catalina.core.StandardService - Starting service [Tomcat]
2026-05-24 15:41:12.178 INFO  [restartedMain] o.a.catalina.core.StandardEngine - Starting Servlet engine: [Apache Tomcat/11.0.21]
2026-05-24 15:41:12.182 INFO  [restartedMain] o.s.b.w.c.s.WebApplicationContextInitializer - Root WebApplicationContext: initialization completed in 144 ms
2026-05-24 15:41:12.196 INFO  [restartedMain] org.hibernate.orm.jpa - HHH008540: Processing PersistenceUnitInfo [name: default]
2026-05-24 15:41:12.209 INFO  [restartedMain] o.s.o.j.p.SpringPersistenceUnitInfo - No LoadTimeWeaver setup: ignoring JPA class transformer
2026-05-24 15:41:12.209 INFO  [restartedMain] com.zaxxer.hikari.HikariDataSource - HikariPool-159 - Starting...
2026-05-24 15:41:12.220 INFO  [restartedMain] com.zaxxer.hikari.pool.HikariPool - HikariPool-159 - Added connection com.mysql.cj.jdbc.ConnectionImpl@1d0cf9f4
2026-05-24 15:41:12.220 INFO  [restartedMain] com.zaxxer.hikari.HikariDataSource - HikariPool-159 - Start completed.
2026-05-24 15:41:12.220 WARN  [restartedMain] org.hibernate.orm.deprecation - HHH90000025: MySQLDialect does not need to be specified explicitly using 'hibernate.dialect' (remove the property setting and it will be selected by default)
2026-05-24 15:41:12.221 INFO  [restartedMain] o.hibernate.orm.connections.pooling - HHH10001005: Database info:
	Database JDBC URL [jdbc:mysql://localhost:3306/springbootdb]
	Database driver: MySQL Connector/J
	Database dialect: MySQLDialect
	Database version: 9.6
	Default catalog/schema: springbootdb/undefined
	Autocommit mode: undefined/unknown
	Isolation level: REPEATABLE_READ [default REPEATABLE_READ]
	JDBC fetch size: none
	Pool: DataSourceConnectionProvider
	Minimum pool size: undefined/unknown
	Maximum pool size: undefined/unknown
2026-05-24 15:41:12.237 INFO  [restartedMain] org.hibernate.orm.core - HHH000489: No JTA platform available (set 'hibernate.transaction.jta.platform' to enable JTA platform integration)
2026-05-24 15:41:12.245 INFO  [restartedMain] o.s.o.j.LocalContainerEntityManagerFactoryBean - Initialized JPA EntityManagerFactory for persistence unit 'default'
2026-05-24 15:41:12.282 WARN  [restartedMain] o.s.b.j.a.JpaBaseConfiguration$JpaWebConfiguration - spring.jpa.open-in-view is enabled by default. Therefore, database queries may be performed during view rendering. Explicitly configure spring.jpa.open-in-view to disable this warning
2026-05-24 15:41:12.296 INFO  [restartedMain] o.s.s.c.a.a.c.InitializeUserDetailsBeanManagerConfigurer$InitializeUserDetailsManagerConfigurer - Global AuthenticationManager configured with UserDetailsService bean with name customUserDetailsService
2026-05-24 15:41:12.365 INFO  [restartedMain] o.s.boot.tomcat.TomcatWebServer - Tomcat started on port 8080 (http) with context path '/'
2026-05-24 15:41:12.367 INFO  [restartedMain] o.s.b.d.a.ConditionEvaluationDeltaLoggingListener - Condition evaluation unchanged
2026-05-24 15:41:13.765 INFO  [File Watcher] o.s.b.d.a.LocalDevToolsAutoConfiguration$RestartingClassPathChangeChangedEventListener - Restarting due to 1 class path change (0 additions, 0 deletions, 1 modification)
2026-05-24 15:41:13.767 INFO  [Thread-630] o.s.boot.tomcat.GracefulShutdown - Commencing graceful shutdown. Waiting for active requests to complete
2026-05-24 15:41:13.770 INFO  [tomcat-shutdown] o.s.boot.tomcat.GracefulShutdown - Graceful shutdown complete
2026-05-24 15:41:13.774 INFO  [Thread-630] o.s.o.j.LocalContainerEntityManagerFactoryBean - Closing JPA EntityManagerFactory for persistence unit 'default'
2026-05-24 15:41:13.775 INFO  [Thread-630] com.zaxxer.hikari.HikariDataSource - HikariPool-159 - Shutdown initiated...
2026-05-24 15:41:13.776 INFO  [Thread-630] com.zaxxer.hikari.HikariDataSource - HikariPool-159 - Shutdown completed.
2026-05-24 15:41:13.899 INFO  [restartedMain] o.s.d.r.c.RepositoryConfigurationDelegate - Bootstrapping Spring Data JPA repositories in DEFAULT mode.
2026-05-24 15:41:13.902 INFO  [restartedMain] o.s.d.r.c.RepositoryConfigurationDelegate - Finished Spring Data repository scanning in 2 ms. Found 1 JPA repository interface.
2026-05-24 15:41:13.942 INFO  [restartedMain] o.s.boot.tomcat.TomcatWebServer - Tomcat initialized with port 8080 (http)
2026-05-24 15:41:13.943 INFO  [restartedMain] o.a.catalina.core.StandardService - Starting service [Tomcat]
2026-05-24 15:41:13.943 INFO  [restartedMain] o.a.catalina.core.StandardEngine - Starting Servlet engine: [Apache Tomcat/11.0.21]
2026-05-24 15:41:13.947 INFO  [restartedMain] o.s.b.w.c.s.WebApplicationContextInitializer - Root WebApplicationContext: initialization completed in 103 ms
2026-05-24 15:41:13.960 INFO  [restartedMain] org.hibernate.orm.jpa - HHH008540: Processing PersistenceUnitInfo [name: default]
2026-05-24 15:41:13.972 INFO  [restartedMain] o.s.o.j.p.SpringPersistenceUnitInfo - No LoadTimeWeaver setup: ignoring JPA class transformer
2026-05-24 15:41:13.972 INFO  [restartedMain] com.zaxxer.hikari.HikariDataSource - HikariPool-160 - Starting...
2026-05-24 15:41:13.980 INFO  [restartedMain] com.zaxxer.hikari.pool.HikariPool - HikariPool-160 - Added connection com.mysql.cj.jdbc.ConnectionImpl@785976c6
2026-05-24 15:41:13.980 INFO  [restartedMain] com.zaxxer.hikari.HikariDataSource - HikariPool-160 - Start completed.
2026-05-24 15:41:13.981 WARN  [restartedMain] org.hibernate.orm.deprecation - HHH90000025: MySQLDialect does not need to be specified explicitly using 'hibernate.dialect' (remove the property setting and it will be selected by default)
2026-05-24 15:41:13.981 INFO  [restartedMain] o.hibernate.orm.connections.pooling - HHH10001005: Database info:
	Database JDBC URL [jdbc:mysql://localhost:3306/springbootdb]
	Database driver: MySQL Connector/J
	Database dialect: MySQLDialect
	Database version: 9.6
	Default catalog/schema: springbootdb/undefined
	Autocommit mode: undefined/unknown
	Isolation level: REPEATABLE_READ [default REPEATABLE_READ]
	JDBC fetch size: none
	Pool: DataSourceConnectionProvider
	Minimum pool size: undefined/unknown
	Maximum pool size: undefined/unknown
2026-05-24 15:41:14.000 INFO  [restartedMain] org.hibernate.orm.core - HHH000489: No JTA platform available (set 'hibernate.transaction.jta.platform' to enable JTA platform integration)
2026-05-24 15:41:14.005 INFO  [restartedMain] o.s.o.j.LocalContainerEntityManagerFactoryBean - Initialized JPA EntityManagerFactory for persistence unit 'default'
2026-05-24 15:41:14.050 WARN  [restartedMain] o.s.b.j.a.JpaBaseConfiguration$JpaWebConfiguration - spring.jpa.open-in-view is enabled by default. Therefore, database queries may be performed during view rendering. Explicitly configure spring.jpa.open-in-view to disable this warning
2026-05-24 15:41:14.065 INFO  [restartedMain] o.s.s.c.a.a.c.InitializeUserDetailsBeanManagerConfigurer$InitializeUserDetailsManagerConfigurer - Global AuthenticationManager configured with UserDetailsService bean with name customUserDetailsService
2026-05-24 15:41:14.133 INFO  [restartedMain] o.s.boot.tomcat.TomcatWebServer - Tomcat started on port 8080 (http) with context path '/'
2026-05-24 15:41:14.135 INFO  [restartedMain] o.s.b.d.a.ConditionEvaluationDeltaLoggingListener - Condition evaluation unchanged
2026-05-24 15:41:15.531 INFO  [File Watcher] o.s.b.d.a.LocalDevToolsAutoConfiguration$RestartingClassPathChangeChangedEventListener - Restarting due to 1 class path change (0 additions, 0 deletions, 1 modification)
2026-05-24 15:41:15.532 INFO  [Thread-634] o.s.boot.tomcat.GracefulShutdown - Commencing graceful shutdown. Waiting for active requests to complete
2026-05-24 15:41:15.535 INFO  [tomcat-shutdown] o.s.boot.tomcat.GracefulShutdown - Graceful shutdown complete
2026-05-24 15:41:15.536 INFO  [Thread-634] o.s.o.j.LocalContainerEntityManagerFactoryBean - Closing JPA EntityManagerFactory for persistence unit 'default'
2026-05-24 15:41:15.537 INFO  [Thread-634] com.zaxxer.hikari.HikariDataSource - HikariPool-160 - Shutdown initiated...
2026-05-24 15:41:15.538 INFO  [Thread-634] com.zaxxer.hikari.HikariDataSource - HikariPool-160 - Shutdown completed.
2026-05-24 15:41:15.655 INFO  [restartedMain] o.s.d.r.c.RepositoryConfigurationDelegate - Bootstrapping Spring Data JPA repositories in DEFAULT mode.
2026-05-24 15:41:15.659 INFO  [restartedMain] o.s.d.r.c.RepositoryConfigurationDelegate - Finished Spring Data repository scanning in 3 ms. Found 1 JPA repository interface.
2026-05-24 15:41:15.702 INFO  [restartedMain] o.s.boot.tomcat.TomcatWebServer - Tomcat initialized with port 8080 (http)
2026-05-24 15:41:15.702 INFO  [restartedMain] o.a.catalina.core.StandardService - Starting service [Tomcat]
2026-05-24 15:41:15.702 INFO  [restartedMain] o.a.catalina.core.StandardEngine - Starting Servlet engine: [Apache Tomcat/11.0.21]
2026-05-24 15:41:15.707 INFO  [restartedMain] o.s.b.w.c.s.WebApplicationContextInitializer - Root WebApplicationContext: initialization completed in 108 ms
2026-05-24 15:41:15.727 INFO  [restartedMain] org.hibernate.orm.jpa - HHH008540: Processing PersistenceUnitInfo [name: default]
2026-05-24 15:41:15.741 INFO  [restartedMain] o.s.o.j.p.SpringPersistenceUnitInfo - No LoadTimeWeaver setup: ignoring JPA class transformer
2026-05-24 15:41:15.742 INFO  [restartedMain] com.zaxxer.hikari.HikariDataSource - HikariPool-161 - Starting...
2026-05-24 15:41:15.751 INFO  [restartedMain] com.zaxxer.hikari.pool.HikariPool - HikariPool-161 - Added connection com.mysql.cj.jdbc.ConnectionImpl@6e03b935
2026-05-24 15:41:15.752 INFO  [restartedMain] com.zaxxer.hikari.HikariDataSource - HikariPool-161 - Start completed.
2026-05-24 15:41:15.752 WARN  [restartedMain] org.hibernate.orm.deprecation - HHH90000025: MySQLDialect does not need to be specified explicitly using 'hibernate.dialect' (remove the property setting and it will be selected by default)
2026-05-24 15:41:15.753 INFO  [restartedMain] o.hibernate.orm.connections.pooling - HHH10001005: Database info:
	Database JDBC URL [jdbc:mysql://localhost:3306/springbootdb]
	Database driver: MySQL Connector/J
	Database dialect: MySQLDialect
	Database version: 9.6
	Default catalog/schema: springbootdb/undefined
	Autocommit mode: undefined/unknown
	Isolation level: REPEATABLE_READ [default REPEATABLE_READ]
	JDBC fetch size: none
	Pool: DataSourceConnectionProvider
	Minimum pool size: undefined/unknown
	Maximum pool size: undefined/unknown
2026-05-24 15:41:15.768 INFO  [restartedMain] org.hibernate.orm.core - HHH000489: No JTA platform available (set 'hibernate.transaction.jta.platform' to enable JTA platform integration)
2026-05-24 15:41:15.775 INFO  [restartedMain] o.s.o.j.LocalContainerEntityManagerFactoryBean - Initialized JPA EntityManagerFactory for persistence unit 'default'
2026-05-24 15:41:15.810 WARN  [restartedMain] o.s.b.j.a.JpaBaseConfiguration$JpaWebConfiguration - spring.jpa.open-in-view is enabled by default. Therefore, database queries may be performed during view rendering. Explicitly configure spring.jpa.open-in-view to disable this warning
2026-05-24 15:41:15.825 INFO  [restartedMain] o.s.s.c.a.a.c.InitializeUserDetailsBeanManagerConfigurer$InitializeUserDetailsManagerConfigurer - Global AuthenticationManager configured with UserDetailsService bean with name customUserDetailsService
2026-05-24 15:41:15.888 INFO  [restartedMain] o.s.boot.tomcat.TomcatWebServer - Tomcat started on port 8080 (http) with context path '/'
2026-05-24 15:41:15.891 INFO  [restartedMain] o.s.b.d.a.ConditionEvaluationDeltaLoggingListener - Condition evaluation unchanged
2026-05-24 15:42:34.910 INFO  [File Watcher] o.s.b.d.a.LocalDevToolsAutoConfiguration$RestartingClassPathChangeChangedEventListener - Restarting due to 1 class path change (0 additions, 0 deletions, 1 modification)
2026-05-24 15:42:34.923 INFO  [Thread-638] o.s.boot.tomcat.GracefulShutdown - Commencing graceful shutdown. Waiting for active requests to complete
2026-05-24 15:42:34.926 INFO  [tomcat-shutdown] o.s.boot.tomcat.GracefulShutdown - Graceful shutdown complete
2026-05-24 15:42:34.929 INFO  [Thread-638] o.s.o.j.LocalContainerEntityManagerFactoryBean - Closing JPA EntityManagerFactory for persistence unit 'default'
2026-05-24 15:42:34.931 INFO  [Thread-638] com.zaxxer.hikari.HikariDataSource - HikariPool-161 - Shutdown initiated...
2026-05-24 15:42:34.946 INFO  [Thread-638] com.zaxxer.hikari.HikariDataSource - HikariPool-161 - Shutdown completed.
2026-05-24 15:42:35.176 INFO  [restartedMain] o.s.d.r.c.RepositoryConfigurationDelegate - Bootstrapping Spring Data JPA repositories in DEFAULT mode.
2026-05-24 15:42:35.185 INFO  [restartedMain] o.s.d.r.c.RepositoryConfigurationDelegate - Finished Spring Data repository scanning in 8 ms. Found 1 JPA repository interface.
2026-05-24 15:42:35.246 INFO  [restartedMain] o.s.boot.tomcat.TomcatWebServer - Tomcat initialized with port 8080 (http)
2026-05-24 15:42:35.246 INFO  [restartedMain] o.a.catalina.core.StandardService - Starting service [Tomcat]
2026-05-24 15:42:35.246 INFO  [restartedMain] o.a.catalina.core.StandardEngine - Starting Servlet engine: [Apache Tomcat/11.0.21]
2026-05-24 15:42:35.251 INFO  [restartedMain] o.s.b.w.c.s.WebApplicationContextInitializer - Root WebApplicationContext: initialization completed in 166 ms
2026-05-24 15:42:35.267 INFO  [restartedMain] org.hibernate.orm.jpa - HHH008540: Processing PersistenceUnitInfo [name: default]
2026-05-24 15:42:35.284 INFO  [restartedMain] o.s.o.j.p.SpringPersistenceUnitInfo - No LoadTimeWeaver setup: ignoring JPA class transformer
2026-05-24 15:42:35.284 INFO  [restartedMain] com.zaxxer.hikari.HikariDataSource - HikariPool-162 - Starting...
2026-05-24 15:42:35.344 INFO  [restartedMain] com.zaxxer.hikari.pool.HikariPool - HikariPool-162 - Added connection com.mysql.cj.jdbc.ConnectionImpl@3a4b3b
2026-05-24 15:42:35.344 INFO  [restartedMain] com.zaxxer.hikari.HikariDataSource - HikariPool-162 - Start completed.
2026-05-24 15:42:35.345 WARN  [restartedMain] org.hibernate.orm.deprecation - HHH90000025: MySQLDialect does not need to be specified explicitly using 'hibernate.dialect' (remove the property setting and it will be selected by default)
2026-05-24 15:42:35.345 INFO  [restartedMain] o.hibernate.orm.connections.pooling - HHH10001005: Database info:
	Database JDBC URL [jdbc:mysql://localhost:3306/springbootdb]
	Database driver: MySQL Connector/J
	Database dialect: MySQLDialect
	Database version: 9.6
	Default catalog/schema: springbootdb/undefined
	Autocommit mode: undefined/unknown
	Isolation level: REPEATABLE_READ [default REPEATABLE_READ]
	JDBC fetch size: none
	Pool: DataSourceConnectionProvider
	Minimum pool size: undefined/unknown
	Maximum pool size: undefined/unknown
2026-05-24 15:42:35.368 INFO  [restartedMain] org.hibernate.orm.core - HHH000489: No JTA platform available (set 'hibernate.transaction.jta.platform' to enable JTA platform integration)
2026-05-24 15:42:35.394 INFO  [restartedMain] o.s.o.j.LocalContainerEntityManagerFactoryBean - Initialized JPA EntityManagerFactory for persistence unit 'default'
2026-05-24 15:42:35.439 WARN  [restartedMain] o.s.b.j.a.JpaBaseConfiguration$JpaWebConfiguration - spring.jpa.open-in-view is enabled by default. Therefore, database queries may be performed during view rendering. Explicitly configure spring.jpa.open-in-view to disable this warning
2026-05-24 15:42:35.458 INFO  [restartedMain] o.s.s.c.a.a.c.InitializeUserDetailsBeanManagerConfigurer$InitializeUserDetailsManagerConfigurer - Global AuthenticationManager configured with UserDetailsService bean with name customUserDetailsService
2026-05-24 15:42:35.562 INFO  [restartedMain] o.s.boot.tomcat.TomcatWebServer - Tomcat started on port 8080 (http) with context path '/'
2026-05-24 15:42:35.564 INFO  [restartedMain] o.s.b.d.a.ConditionEvaluationDeltaLoggingListener - Condition evaluation unchanged
2026-05-24 15:42:40.509 INFO  [File Watcher] o.s.b.d.a.LocalDevToolsAutoConfiguration$RestartingClassPathChangeChangedEventListener - Restarting due to 1 class path change (0 additions, 0 deletions, 1 modification)
2026-05-24 15:42:40.544 INFO  [Thread-642] o.s.boot.tomcat.GracefulShutdown - Commencing graceful shutdown. Waiting for active requests to complete
2026-05-24 15:42:40.555 INFO  [tomcat-shutdown] o.s.boot.tomcat.GracefulShutdown - Graceful shutdown complete
2026-05-24 15:42:40.569 INFO  [Thread-642] o.s.o.j.LocalContainerEntityManagerFactoryBean - Closing JPA EntityManagerFactory for persistence unit 'default'
2026-05-24 15:42:40.578 INFO  [Thread-642] com.zaxxer.hikari.HikariDataSource - HikariPool-162 - Shutdown initiated...
2026-05-24 15:42:40.866 INFO  [Thread-642] com.zaxxer.hikari.HikariDataSource - HikariPool-162 - Shutdown completed.
2026-05-24 15:42:41.148 INFO  [restartedMain] o.s.d.r.c.RepositoryConfigurationDelegate - Bootstrapping Spring Data JPA repositories in DEFAULT mode.
2026-05-24 15:42:41.165 INFO  [restartedMain] o.s.d.r.c.RepositoryConfigurationDelegate - Finished Spring Data repository scanning in 16 ms. Found 1 JPA repository interface.
2026-05-24 15:42:41.764 INFO  [restartedMain] o.s.boot.tomcat.TomcatWebServer - Tomcat initialized with port 8080 (http)
2026-05-24 15:42:41.766 INFO  [restartedMain] o.a.catalina.core.StandardService - Starting service [Tomcat]
2026-05-24 15:42:41.766 INFO  [restartedMain] o.a.catalina.core.StandardEngine - Starting Servlet engine: [Apache Tomcat/11.0.21]
2026-05-24 15:42:41.775 INFO  [restartedMain] o.s.b.w.c.s.WebApplicationContextInitializer - Root WebApplicationContext: initialization completed in 710 ms
2026-05-24 15:42:41.799 INFO  [restartedMain] org.hibernate.orm.jpa - HHH008540: Processing PersistenceUnitInfo [name: default]
2026-05-24 15:42:41.821 INFO  [restartedMain] o.s.o.j.p.SpringPersistenceUnitInfo - No LoadTimeWeaver setup: ignoring JPA class transformer
2026-05-24 15:42:41.821 INFO  [restartedMain] com.zaxxer.hikari.HikariDataSource - HikariPool-163 - Starting...
2026-05-24 15:42:41.892 INFO  [restartedMain] com.zaxxer.hikari.pool.HikariPool - HikariPool-163 - Added connection com.mysql.cj.jdbc.ConnectionImpl@24ab8fb5
2026-05-24 15:42:41.892 INFO  [restartedMain] com.zaxxer.hikari.HikariDataSource - HikariPool-163 - Start completed.
2026-05-24 15:42:41.893 WARN  [restartedMain] org.hibernate.orm.deprecation - HHH90000025: MySQLDialect does not need to be specified explicitly using 'hibernate.dialect' (remove the property setting and it will be selected by default)
2026-05-24 15:42:41.894 INFO  [restartedMain] o.hibernate.orm.connections.pooling - HHH10001005: Database info:
	Database JDBC URL [jdbc:mysql://localhost:3306/springbootdb]
	Database driver: MySQL Connector/J
	Database dialect: MySQLDialect
	Database version: 9.6
	Default catalog/schema: springbootdb/undefined
	Autocommit mode: undefined/unknown
	Isolation level: REPEATABLE_READ [default REPEATABLE_READ]
	JDBC fetch size: none
	Pool: DataSourceConnectionProvider
	Minimum pool size: undefined/unknown
	Maximum pool size: undefined/unknown
2026-05-24 15:42:41.924 INFO  [restartedMain] org.hibernate.orm.core - HHH000489: No JTA platform available (set 'hibernate.transaction.jta.platform' to enable JTA platform integration)
2026-05-24 15:42:41.967 INFO  [restartedMain] o.s.o.j.LocalContainerEntityManagerFactoryBean - Initialized JPA EntityManagerFactory for persistence unit 'default'
2026-05-24 15:42:42.026 WARN  [restartedMain] o.s.b.j.a.JpaBaseConfiguration$JpaWebConfiguration - spring.jpa.open-in-view is enabled by default. Therefore, database queries may be performed during view rendering. Explicitly configure spring.jpa.open-in-view to disable this warning
2026-05-24 15:42:42.042 INFO  [restartedMain] o.s.s.c.a.a.c.InitializeUserDetailsBeanManagerConfigurer$InitializeUserDetailsManagerConfigurer - Global AuthenticationManager configured with UserDetailsService bean with name customUserDetailsService
2026-05-24 15:42:42.127 INFO  [restartedMain] o.s.boot.tomcat.TomcatWebServer - Tomcat started on port 8080 (http) with context path '/'
2026-05-24 15:42:42.132 INFO  [restartedMain] o.s.b.d.a.ConditionEvaluationDeltaLoggingListener - Condition evaluation unchanged
2026-05-24 15:42:42.417 INFO  [http-nio-8080-exec-2] o.a.c.c.C.[Tomcat-3].[localhost].[/] - Initializing Spring DispatcherServlet 'dispatcherServlet'
2026-05-24 15:42:42.418 INFO  [http-nio-8080-exec-2] o.s.web.servlet.DispatcherServlet - Initializing Servlet 'dispatcherServlet'
2026-05-24 15:42:42.422 INFO  [http-nio-8080-exec-2] o.s.web.servlet.DispatcherServlet - Completed initialization in 4 ms
2026-05-24 15:48:57.777 INFO  [File Watcher] o.s.b.d.a.LocalDevToolsAutoConfiguration$RestartingClassPathChangeChangedEventListener - Restarting due to 1 class path change (0 additions, 0 deletions, 1 modification)
2026-05-24 15:48:57.799 INFO  [Thread-646] o.s.boot.tomcat.GracefulShutdown - Commencing graceful shutdown. Waiting for active requests to complete
2026-05-24 15:48:57.806 INFO  [tomcat-shutdown] o.s.boot.tomcat.GracefulShutdown - Graceful shutdown complete
2026-05-24 15:48:57.815 INFO  [Thread-646] o.s.o.j.LocalContainerEntityManagerFactoryBean - Closing JPA EntityManagerFactory for persistence unit 'default'
2026-05-24 15:48:57.819 INFO  [Thread-646] com.zaxxer.hikari.HikariDataSource - HikariPool-163 - Shutdown initiated...
2026-05-24 15:48:57.839 INFO  [Thread-646] com.zaxxer.hikari.HikariDataSource - HikariPool-163 - Shutdown completed.
2026-05-24 15:48:58.174 INFO  [restartedMain] o.s.d.r.c.RepositoryConfigurationDelegate - Bootstrapping Spring Data JPA repositories in DEFAULT mode.
2026-05-24 15:48:58.184 INFO  [restartedMain] o.s.d.r.c.RepositoryConfigurationDelegate - Finished Spring Data repository scanning in 8 ms. Found 1 JPA repository interface.
2026-05-24 15:48:58.270 INFO  [restartedMain] o.s.boot.tomcat.TomcatWebServer - Tomcat initialized with port 8080 (http)
2026-05-24 15:48:58.270 INFO  [restartedMain] o.a.catalina.core.StandardService - Starting service [Tomcat]
2026-05-24 15:48:58.270 INFO  [restartedMain] o.a.catalina.core.StandardEngine - Starting Servlet engine: [Apache Tomcat/11.0.21]
2026-05-24 15:48:58.277 INFO  [restartedMain] o.s.b.w.c.s.WebApplicationContextInitializer - Root WebApplicationContext: initialization completed in 236 ms
2026-05-24 15:48:58.301 INFO  [restartedMain] org.hibernate.orm.jpa - HHH008540: Processing PersistenceUnitInfo [name: default]
2026-05-24 15:48:58.320 INFO  [restartedMain] o.s.o.j.p.SpringPersistenceUnitInfo - No LoadTimeWeaver setup: ignoring JPA class transformer
2026-05-24 15:48:58.320 INFO  [restartedMain] com.zaxxer.hikari.HikariDataSource - HikariPool-164 - Starting...
2026-05-24 15:48:58.386 INFO  [restartedMain] com.zaxxer.hikari.pool.HikariPool - HikariPool-164 - Added connection com.mysql.cj.jdbc.ConnectionImpl@32d8447d
2026-05-24 15:48:58.386 INFO  [restartedMain] com.zaxxer.hikari.HikariDataSource - HikariPool-164 - Start completed.
2026-05-24 15:48:58.387 WARN  [restartedMain] org.hibernate.orm.deprecation - HHH90000025: MySQLDialect does not need to be specified explicitly using 'hibernate.dialect' (remove the property setting and it will be selected by default)
2026-05-24 15:48:58.388 INFO  [restartedMain] o.hibernate.orm.connections.pooling - HHH10001005: Database info:
	Database JDBC URL [jdbc:mysql://localhost:3306/springbootdb]
	Database driver: MySQL Connector/J
	Database dialect: MySQLDialect
	Database version: 9.6
	Default catalog/schema: springbootdb/undefined
	Autocommit mode: undefined/unknown
	Isolation level: REPEATABLE_READ [default REPEATABLE_READ]
	JDBC fetch size: none
	Pool: DataSourceConnectionProvider
	Minimum pool size: undefined/unknown
	Maximum pool size: undefined/unknown
2026-05-24 15:48:58.417 INFO  [restartedMain] org.hibernate.orm.core - HHH000489: No JTA platform available (set 'hibernate.transaction.jta.platform' to enable JTA platform integration)
2026-05-24 15:48:58.455 INFO  [restartedMain] o.s.o.j.LocalContainerEntityManagerFactoryBean - Initialized JPA EntityManagerFactory for persistence unit 'default'
2026-05-24 15:48:58.517 WARN  [restartedMain] o.s.b.j.a.JpaBaseConfiguration$JpaWebConfiguration - spring.jpa.open-in-view is enabled by default. Therefore, database queries may be performed during view rendering. Explicitly configure spring.jpa.open-in-view to disable this warning
2026-05-24 15:48:58.534 INFO  [restartedMain] o.s.s.c.a.a.c.InitializeUserDetailsBeanManagerConfigurer$InitializeUserDetailsManagerConfigurer - Global AuthenticationManager configured with UserDetailsService bean with name customUserDetailsService
2026-05-24 15:48:58.637 INFO  [restartedMain] o.s.boot.tomcat.TomcatWebServer - Tomcat started on port 8080 (http) with context path '/'
2026-05-24 15:48:58.639 INFO  [restartedMain] o.s.b.d.a.ConditionEvaluationDeltaLoggingListener - Condition evaluation unchanged
2026-05-24 15:49:05.178 INFO  [File Watcher] o.s.b.d.a.LocalDevToolsAutoConfiguration$RestartingClassPathChangeChangedEventListener - Restarting due to 1 class path change (0 additions, 0 deletions, 1 modification)
2026-05-24 15:49:05.236 INFO  [Thread-650] o.s.boot.tomcat.GracefulShutdown - Commencing graceful shutdown. Waiting for active requests to complete
2026-05-24 15:49:05.251 INFO  [tomcat-shutdown] o.s.boot.tomcat.GracefulShutdown - Graceful shutdown complete
2026-05-24 15:49:05.261 INFO  [Thread-650] o.s.o.j.LocalContainerEntityManagerFactoryBean - Closing JPA EntityManagerFactory for persistence unit 'default'
2026-05-24 15:49:05.269 INFO  [Thread-650] com.zaxxer.hikari.HikariDataSource - HikariPool-164 - Shutdown initiated...
2026-05-24 15:49:05.306 INFO  [Thread-650] com.zaxxer.hikari.HikariDataSource - HikariPool-164 - Shutdown completed.
2026-05-24 15:49:05.819 INFO  [restartedMain] o.s.d.r.c.RepositoryConfigurationDelegate - Bootstrapping Spring Data JPA repositories in DEFAULT mode.
2026-05-24 15:49:05.824 INFO  [restartedMain] o.s.d.r.c.RepositoryConfigurationDelegate - Finished Spring Data repository scanning in 3 ms. Found 1 JPA repository interface.
2026-05-24 15:49:05.903 INFO  [restartedMain] o.s.boot.tomcat.TomcatWebServer - Tomcat initialized with port 8080 (http)
2026-05-24 15:49:05.904 INFO  [restartedMain] o.a.catalina.core.StandardService - Starting service [Tomcat]
2026-05-24 15:49:05.904 INFO  [restartedMain] o.a.catalina.core.StandardEngine - Starting Servlet engine: [Apache Tomcat/11.0.21]
2026-05-24 15:49:05.911 INFO  [restartedMain] o.s.b.w.c.s.WebApplicationContextInitializer - Root WebApplicationContext: initialization completed in 228 ms
2026-05-24 15:49:05.930 INFO  [restartedMain] org.hibernate.orm.jpa - HHH008540: Processing PersistenceUnitInfo [name: default]
2026-05-24 15:49:05.945 INFO  [restartedMain] o.s.o.j.p.SpringPersistenceUnitInfo - No LoadTimeWeaver setup: ignoring JPA class transformer
2026-05-24 15:49:05.945 INFO  [restartedMain] com.zaxxer.hikari.HikariDataSource - HikariPool-165 - Starting...
2026-05-24 15:49:05.968 INFO  [restartedMain] com.zaxxer.hikari.pool.HikariPool - HikariPool-165 - Added connection com.mysql.cj.jdbc.ConnectionImpl@10e0fbae
2026-05-24 15:49:05.969 INFO  [restartedMain] com.zaxxer.hikari.HikariDataSource - HikariPool-165 - Start completed.
2026-05-24 15:49:05.969 WARN  [restartedMain] org.hibernate.orm.deprecation - HHH90000025: MySQLDialect does not need to be specified explicitly using 'hibernate.dialect' (remove the property setting and it will be selected by default)
2026-05-24 15:49:05.970 INFO  [restartedMain] o.hibernate.orm.connections.pooling - HHH10001005: Database info:
	Database JDBC URL [jdbc:mysql://localhost:3306/springbootdb]
	Database driver: MySQL Connector/J
	Database dialect: MySQLDialect
	Database version: 9.6
	Default catalog/schema: springbootdb/undefined
	Autocommit mode: undefined/unknown
	Isolation level: REPEATABLE_READ [default REPEATABLE_READ]
	JDBC fetch size: none
	Pool: DataSourceConnectionProvider
	Minimum pool size: undefined/unknown
	Maximum pool size: undefined/unknown
2026-05-24 15:49:06.000 INFO  [restartedMain] org.hibernate.orm.core - HHH000489: No JTA platform available (set 'hibernate.transaction.jta.platform' to enable JTA platform integration)
2026-05-24 15:49:06.013 INFO  [restartedMain] o.s.o.j.LocalContainerEntityManagerFactoryBean - Initialized JPA EntityManagerFactory for persistence unit 'default'
2026-05-24 15:49:06.140 WARN  [restartedMain] o.s.b.j.a.JpaBaseConfiguration$JpaWebConfiguration - spring.jpa.open-in-view is enabled by default. Therefore, database queries may be performed during view rendering. Explicitly configure spring.jpa.open-in-view to disable this warning
2026-05-24 15:49:06.175 INFO  [restartedMain] o.s.s.c.a.a.c.InitializeUserDetailsBeanManagerConfigurer$InitializeUserDetailsManagerConfigurer - Global AuthenticationManager configured with UserDetailsService bean with name customUserDetailsService
2026-05-24 15:49:06.318 INFO  [restartedMain] o.s.boot.tomcat.TomcatWebServer - Tomcat started on port 8080 (http) with context path '/'
2026-05-24 15:49:06.321 INFO  [restartedMain] o.s.b.d.a.ConditionEvaluationDeltaLoggingListener - Condition evaluation unchanged
2026-05-24 15:52:11.363 INFO  [File Watcher] o.s.b.d.a.LocalDevToolsAutoConfiguration$RestartingClassPathChangeChangedEventListener - Restarting due to 1 class path change (0 additions, 0 deletions, 1 modification)
2026-05-24 15:52:11.386 INFO  [Thread-654] o.s.boot.tomcat.GracefulShutdown - Commencing graceful shutdown. Waiting for active requests to complete
2026-05-24 15:52:11.400 INFO  [tomcat-shutdown] o.s.boot.tomcat.GracefulShutdown - Graceful shutdown complete
2026-05-24 15:52:11.415 INFO  [Thread-654] o.s.o.j.LocalContainerEntityManagerFactoryBean - Closing JPA EntityManagerFactory for persistence unit 'default'
2026-05-24 15:52:11.419 INFO  [Thread-654] com.zaxxer.hikari.HikariDataSource - HikariPool-165 - Shutdown initiated...
2026-05-24 15:52:11.433 INFO  [Thread-654] com.zaxxer.hikari.HikariDataSource - HikariPool-165 - Shutdown completed.
2026-05-24 15:52:11.773 INFO  [restartedMain] o.s.d.r.c.RepositoryConfigurationDelegate - Bootstrapping Spring Data JPA repositories in DEFAULT mode.
2026-05-24 15:52:11.780 INFO  [restartedMain] o.s.d.r.c.RepositoryConfigurationDelegate - Finished Spring Data repository scanning in 6 ms. Found 1 JPA repository interface.
2026-05-24 15:52:11.871 INFO  [restartedMain] o.s.boot.tomcat.TomcatWebServer - Tomcat initialized with port 8080 (http)
2026-05-24 15:52:11.872 INFO  [restartedMain] o.a.catalina.core.StandardService - Starting service [Tomcat]
2026-05-24 15:52:11.872 INFO  [restartedMain] o.a.catalina.core.StandardEngine - Starting Servlet engine: [Apache Tomcat/11.0.21]
2026-05-24 15:52:11.883 INFO  [restartedMain] o.s.b.w.c.s.WebApplicationContextInitializer - Root WebApplicationContext: initialization completed in 239 ms
2026-05-24 15:52:11.904 INFO  [restartedMain] org.hibernate.orm.jpa - HHH008540: Processing PersistenceUnitInfo [name: default]
2026-05-24 15:52:11.931 INFO  [restartedMain] o.s.o.j.p.SpringPersistenceUnitInfo - No LoadTimeWeaver setup: ignoring JPA class transformer
2026-05-24 15:52:11.931 INFO  [restartedMain] com.zaxxer.hikari.HikariDataSource - HikariPool-166 - Starting...
2026-05-24 15:52:11.991 INFO  [restartedMain] com.zaxxer.hikari.pool.HikariPool - HikariPool-166 - Added connection com.mysql.cj.jdbc.ConnectionImpl@6a791e81
2026-05-24 15:52:11.991 INFO  [restartedMain] com.zaxxer.hikari.HikariDataSource - HikariPool-166 - Start completed.
2026-05-24 15:52:11.993 WARN  [restartedMain] org.hibernate.orm.deprecation - HHH90000025: MySQLDialect does not need to be specified explicitly using 'hibernate.dialect' (remove the property setting and it will be selected by default)
2026-05-24 15:52:11.994 INFO  [restartedMain] o.hibernate.orm.connections.pooling - HHH10001005: Database info:
	Database JDBC URL [jdbc:mysql://localhost:3306/springbootdb]
	Database driver: MySQL Connector/J
	Database dialect: MySQLDialect
	Database version: 9.6
	Default catalog/schema: springbootdb/undefined
	Autocommit mode: undefined/unknown
	Isolation level: REPEATABLE_READ [default REPEATABLE_READ]
	JDBC fetch size: none
	Pool: DataSourceConnectionProvider
	Minimum pool size: undefined/unknown
	Maximum pool size: undefined/unknown
2026-05-24 15:52:12.023 INFO  [restartedMain] org.hibernate.orm.core - HHH000489: No JTA platform available (set 'hibernate.transaction.jta.platform' to enable JTA platform integration)
2026-05-24 15:52:12.063 INFO  [restartedMain] o.s.o.j.LocalContainerEntityManagerFactoryBean - Initialized JPA EntityManagerFactory for persistence unit 'default'
2026-05-24 15:52:12.117 WARN  [restartedMain] o.s.b.j.a.JpaBaseConfiguration$JpaWebConfiguration - spring.jpa.open-in-view is enabled by default. Therefore, database queries may be performed during view rendering. Explicitly configure spring.jpa.open-in-view to disable this warning
2026-05-24 15:52:12.136 INFO  [restartedMain] o.s.s.c.a.a.c.InitializeUserDetailsBeanManagerConfigurer$InitializeUserDetailsManagerConfigurer - Global AuthenticationManager configured with UserDetailsService bean with name customUserDetailsService
2026-05-24 15:52:12.232 INFO  [restartedMain] o.s.boot.tomcat.TomcatWebServer - Tomcat started on port 8080 (http) with context path '/'
2026-05-24 15:52:12.235 INFO  [restartedMain] o.s.b.d.a.ConditionEvaluationDeltaLoggingListener - Condition evaluation unchanged
2026-05-24 15:56:54.982 INFO  [File Watcher] o.s.b.d.a.LocalDevToolsAutoConfiguration$RestartingClassPathChangeChangedEventListener - Restarting due to 1 class path change (0 additions, 0 deletions, 1 modification)
2026-05-24 15:56:54.995 INFO  [Thread-658] o.s.boot.tomcat.GracefulShutdown - Commencing graceful shutdown. Waiting for active requests to complete
2026-05-24 15:56:54.999 INFO  [tomcat-shutdown] o.s.boot.tomcat.GracefulShutdown - Graceful shutdown complete
2026-05-24 15:56:55.007 INFO  [Thread-658] o.s.o.j.LocalContainerEntityManagerFactoryBean - Closing JPA EntityManagerFactory for persistence unit 'default'
2026-05-24 15:56:55.012 INFO  [Thread-658] com.zaxxer.hikari.HikariDataSource - HikariPool-166 - Shutdown initiated...
2026-05-24 15:56:55.023 INFO  [Thread-658] com.zaxxer.hikari.HikariDataSource - HikariPool-166 - Shutdown completed.
2026-05-24 15:56:55.330 INFO  [restartedMain] o.s.d.r.c.RepositoryConfigurationDelegate - Bootstrapping Spring Data JPA repositories in DEFAULT mode.
2026-05-24 15:56:55.338 INFO  [restartedMain] o.s.d.r.c.RepositoryConfigurationDelegate - Finished Spring Data repository scanning in 7 ms. Found 1 JPA repository interface.
2026-05-24 15:56:55.405 INFO  [restartedMain] o.s.boot.tomcat.TomcatWebServer - Tomcat initialized with port 8080 (http)
2026-05-24 15:56:55.405 INFO  [restartedMain] o.a.catalina.core.StandardService - Starting service [Tomcat]
2026-05-24 15:56:55.405 INFO  [restartedMain] o.a.catalina.core.StandardEngine - Starting Servlet engine: [Apache Tomcat/11.0.21]
2026-05-24 15:56:55.412 INFO  [restartedMain] o.s.b.w.c.s.WebApplicationContextInitializer - Root WebApplicationContext: initialization completed in 192 ms
2026-05-24 15:56:55.438 INFO  [restartedMain] org.hibernate.orm.jpa - HHH008540: Processing PersistenceUnitInfo [name: default]
2026-05-24 15:56:55.458 INFO  [restartedMain] o.s.o.j.p.SpringPersistenceUnitInfo - No LoadTimeWeaver setup: ignoring JPA class transformer
2026-05-24 15:56:55.459 INFO  [restartedMain] com.zaxxer.hikari.HikariDataSource - HikariPool-167 - Starting...
2026-05-24 15:56:55.521 INFO  [restartedMain] com.zaxxer.hikari.pool.HikariPool - HikariPool-167 - Added connection com.mysql.cj.jdbc.ConnectionImpl@3794bbdd
2026-05-24 15:56:55.522 INFO  [restartedMain] com.zaxxer.hikari.HikariDataSource - HikariPool-167 - Start completed.
2026-05-24 15:56:55.523 WARN  [restartedMain] org.hibernate.orm.deprecation - HHH90000025: MySQLDialect does not need to be specified explicitly using 'hibernate.dialect' (remove the property setting and it will be selected by default)
2026-05-24 15:56:55.524 INFO  [restartedMain] o.hibernate.orm.connections.pooling - HHH10001005: Database info:
	Database JDBC URL [jdbc:mysql://localhost:3306/springbootdb]
	Database driver: MySQL Connector/J
	Database dialect: MySQLDialect
	Database version: 9.6
	Default catalog/schema: springbootdb/undefined
	Autocommit mode: undefined/unknown
	Isolation level: REPEATABLE_READ [default REPEATABLE_READ]
	JDBC fetch size: none
	Pool: DataSourceConnectionProvider
	Minimum pool size: undefined/unknown
	Maximum pool size: undefined/unknown
2026-05-24 15:56:55.547 INFO  [restartedMain] org.hibernate.orm.core - HHH000489: No JTA platform available (set 'hibernate.transaction.jta.platform' to enable JTA platform integration)
2026-05-24 15:56:55.585 INFO  [restartedMain] o.s.o.j.LocalContainerEntityManagerFactoryBean - Initialized JPA EntityManagerFactory for persistence unit 'default'
2026-05-24 15:56:55.640 WARN  [restartedMain] o.s.b.j.a.JpaBaseConfiguration$JpaWebConfiguration - spring.jpa.open-in-view is enabled by default. Therefore, database queries may be performed during view rendering. Explicitly configure spring.jpa.open-in-view to disable this warning
2026-05-24 15:56:55.657 INFO  [restartedMain] o.s.s.c.a.a.c.InitializeUserDetailsBeanManagerConfigurer$InitializeUserDetailsManagerConfigurer - Global AuthenticationManager configured with UserDetailsService bean with name customUserDetailsService
2026-05-24 15:56:55.762 INFO  [restartedMain] o.s.boot.tomcat.TomcatWebServer - Tomcat started on port 8080 (http) with context path '/'
2026-05-24 15:56:55.765 INFO  [restartedMain] o.s.b.d.a.ConditionEvaluationDeltaLoggingListener - Condition evaluation unchanged
2026-05-24 15:57:48.610 INFO  [File Watcher] o.s.b.d.a.LocalDevToolsAutoConfiguration$RestartingClassPathChangeChangedEventListener - Restarting due to 1 class path change (0 additions, 0 deletions, 1 modification)
2026-05-24 15:57:48.625 INFO  [Thread-662] o.s.boot.tomcat.GracefulShutdown - Commencing graceful shutdown. Waiting for active requests to complete
2026-05-24 15:57:48.629 INFO  [tomcat-shutdown] o.s.boot.tomcat.GracefulShutdown - Graceful shutdown complete
2026-05-24 15:57:48.641 INFO  [Thread-662] o.s.o.j.LocalContainerEntityManagerFactoryBean - Closing JPA EntityManagerFactory for persistence unit 'default'
2026-05-24 15:57:48.646 INFO  [Thread-662] com.zaxxer.hikari.HikariDataSource - HikariPool-167 - Shutdown initiated...
2026-05-24 15:57:48.654 INFO  [Thread-662] com.zaxxer.hikari.HikariDataSource - HikariPool-167 - Shutdown completed.
2026-05-24 15:57:48.970 INFO  [restartedMain] o.s.d.r.c.RepositoryConfigurationDelegate - Bootstrapping Spring Data JPA repositories in DEFAULT mode.
2026-05-24 15:57:48.978 INFO  [restartedMain] o.s.d.r.c.RepositoryConfigurationDelegate - Finished Spring Data repository scanning in 6 ms. Found 1 JPA repository interface.
2026-05-24 15:57:49.053 INFO  [restartedMain] o.s.boot.tomcat.TomcatWebServer - Tomcat initialized with port 8080 (http)
2026-05-24 15:57:49.054 INFO  [restartedMain] o.a.catalina.core.StandardService - Starting service [Tomcat]
2026-05-24 15:57:49.054 INFO  [restartedMain] o.a.catalina.core.StandardEngine - Starting Servlet engine: [Apache Tomcat/11.0.21]
2026-05-24 15:57:49.061 INFO  [restartedMain] o.s.b.w.c.s.WebApplicationContextInitializer - Root WebApplicationContext: initialization completed in 207 ms
2026-05-24 15:57:49.094 INFO  [restartedMain] org.hibernate.orm.jpa - HHH008540: Processing PersistenceUnitInfo [name: default]
2026-05-24 15:57:49.111 INFO  [restartedMain] o.s.o.j.p.SpringPersistenceUnitInfo - No LoadTimeWeaver setup: ignoring JPA class transformer
2026-05-24 15:57:49.112 INFO  [restartedMain] com.zaxxer.hikari.HikariDataSource - HikariPool-168 - Starting...
2026-05-24 15:57:49.136 INFO  [restartedMain] com.zaxxer.hikari.pool.HikariPool - HikariPool-168 - Added connection com.mysql.cj.jdbc.ConnectionImpl@6212ad36
2026-05-24 15:57:49.136 INFO  [restartedMain] com.zaxxer.hikari.HikariDataSource - HikariPool-168 - Start completed.
2026-05-24 15:57:49.137 WARN  [restartedMain] org.hibernate.orm.deprecation - HHH90000025: MySQLDialect does not need to be specified explicitly using 'hibernate.dialect' (remove the property setting and it will be selected by default)
2026-05-24 15:57:49.137 INFO  [restartedMain] o.hibernate.orm.connections.pooling - HHH10001005: Database info:
	Database JDBC URL [jdbc:mysql://localhost:3306/springbootdb]
	Database driver: MySQL Connector/J
	Database dialect: MySQLDialect
	Database version: 9.6
	Default catalog/schema: springbootdb/undefined
	Autocommit mode: undefined/unknown
	Isolation level: REPEATABLE_READ [default REPEATABLE_READ]
	JDBC fetch size: none
	Pool: DataSourceConnectionProvider
	Minimum pool size: undefined/unknown
	Maximum pool size: undefined/unknown
2026-05-24 15:57:49.161 INFO  [restartedMain] org.hibernate.orm.core - HHH000489: No JTA platform available (set 'hibernate.transaction.jta.platform' to enable JTA platform integration)
2026-05-24 15:57:49.174 INFO  [restartedMain] o.s.o.j.LocalContainerEntityManagerFactoryBean - Initialized JPA EntityManagerFactory for persistence unit 'default'
2026-05-24 15:57:49.225 WARN  [restartedMain] o.s.b.j.a.JpaBaseConfiguration$JpaWebConfiguration - spring.jpa.open-in-view is enabled by default. Therefore, database queries may be performed during view rendering. Explicitly configure spring.jpa.open-in-view to disable this warning
2026-05-24 15:57:49.245 INFO  [restartedMain] o.s.s.c.a.a.c.InitializeUserDetailsBeanManagerConfigurer$InitializeUserDetailsManagerConfigurer - Global AuthenticationManager configured with UserDetailsService bean with name customUserDetailsService
2026-05-24 15:57:49.328 INFO  [restartedMain] o.s.boot.tomcat.TomcatWebServer - Tomcat started on port 8080 (http) with context path '/'
2026-05-24 15:57:49.330 INFO  [restartedMain] o.s.b.d.a.ConditionEvaluationDeltaLoggingListener - Condition evaluation unchanged
2026-05-24 15:58:04.855 INFO  [File Watcher] o.s.b.d.a.LocalDevToolsAutoConfiguration$RestartingClassPathChangeChangedEventListener - Restarting due to 1 class path change (0 additions, 0 deletions, 1 modification)
2026-05-24 15:58:04.894 INFO  [Thread-666] o.s.boot.tomcat.GracefulShutdown - Commencing graceful shutdown. Waiting for active requests to complete
2026-05-24 15:58:04.902 INFO  [tomcat-shutdown] o.s.boot.tomcat.GracefulShutdown - Graceful shutdown complete
2026-05-24 15:58:04.921 INFO  [Thread-666] o.s.o.j.LocalContainerEntityManagerFactoryBean - Closing JPA EntityManagerFactory for persistence unit 'default'
2026-05-24 15:58:04.925 INFO  [Thread-666] com.zaxxer.hikari.HikariDataSource - HikariPool-168 - Shutdown initiated...
2026-05-24 15:58:04.940 INFO  [Thread-666] com.zaxxer.hikari.HikariDataSource - HikariPool-168 - Shutdown completed.
2026-05-24 15:58:05.335 INFO  [restartedMain] o.s.d.r.c.RepositoryConfigurationDelegate - Bootstrapping Spring Data JPA repositories in DEFAULT mode.
2026-05-24 15:58:05.342 INFO  [restartedMain] o.s.d.r.c.RepositoryConfigurationDelegate - Finished Spring Data repository scanning in 5 ms. Found 1 JPA repository interface.
2026-05-24 15:58:05.404 INFO  [restartedMain] o.s.boot.tomcat.TomcatWebServer - Tomcat initialized with port 8080 (http)
2026-05-24 15:58:05.405 INFO  [restartedMain] o.a.catalina.core.StandardService - Starting service [Tomcat]
2026-05-24 15:58:05.405 INFO  [restartedMain] o.a.catalina.core.StandardEngine - Starting Servlet engine: [Apache Tomcat/11.0.21]
2026-05-24 15:58:05.412 INFO  [restartedMain] o.s.b.w.c.s.WebApplicationContextInitializer - Root WebApplicationContext: initialization completed in 180 ms
2026-05-24 15:58:05.432 INFO  [restartedMain] org.hibernate.orm.jpa - HHH008540: Processing PersistenceUnitInfo [name: default]
2026-05-24 15:58:05.448 INFO  [restartedMain] o.s.o.j.p.SpringPersistenceUnitInfo - No LoadTimeWeaver setup: ignoring JPA class transformer
2026-05-24 15:58:05.448 INFO  [restartedMain] com.zaxxer.hikari.HikariDataSource - HikariPool-169 - Starting...
2026-05-24 15:58:05.462 INFO  [restartedMain] com.zaxxer.hikari.pool.HikariPool - HikariPool-169 - Added connection com.mysql.cj.jdbc.ConnectionImpl@56b047a7
2026-05-24 15:58:05.462 INFO  [restartedMain] com.zaxxer.hikari.HikariDataSource - HikariPool-169 - Start completed.
2026-05-24 15:58:05.463 WARN  [restartedMain] org.hibernate.orm.deprecation - HHH90000025: MySQLDialect does not need to be specified explicitly using 'hibernate.dialect' (remove the property setting and it will be selected by default)
2026-05-24 15:58:05.463 INFO  [restartedMain] o.hibernate.orm.connections.pooling - HHH10001005: Database info:
	Database JDBC URL [jdbc:mysql://localhost:3306/springbootdb]
	Database driver: MySQL Connector/J
	Database dialect: MySQLDialect
	Database version: 9.6
	Default catalog/schema: springbootdb/undefined
	Autocommit mode: undefined/unknown
	Isolation level: REPEATABLE_READ [default REPEATABLE_READ]
	JDBC fetch size: none
	Pool: DataSourceConnectionProvider
	Minimum pool size: undefined/unknown
	Maximum pool size: undefined/unknown
2026-05-24 15:58:05.492 INFO  [restartedMain] org.hibernate.orm.core - HHH000489: No JTA platform available (set 'hibernate.transaction.jta.platform' to enable JTA platform integration)
2026-05-24 15:58:05.507 INFO  [restartedMain] o.s.o.j.LocalContainerEntityManagerFactoryBean - Initialized JPA EntityManagerFactory for persistence unit 'default'
2026-05-24 15:58:05.567 WARN  [restartedMain] o.s.b.j.a.JpaBaseConfiguration$JpaWebConfiguration - spring.jpa.open-in-view is enabled by default. Therefore, database queries may be performed during view rendering. Explicitly configure spring.jpa.open-in-view to disable this warning
2026-05-24 15:58:05.591 INFO  [restartedMain] o.s.s.c.a.a.c.InitializeUserDetailsBeanManagerConfigurer$InitializeUserDetailsManagerConfigurer - Global AuthenticationManager configured with UserDetailsService bean with name customUserDetailsService
2026-05-24 15:58:05.710 INFO  [restartedMain] o.s.boot.tomcat.TomcatWebServer - Tomcat started on port 8080 (http) with context path '/'
2026-05-24 15:58:05.713 INFO  [restartedMain] o.s.b.d.a.ConditionEvaluationDeltaLoggingListener - Condition evaluation unchanged
2026-05-24 16:00:14.576 INFO  [File Watcher] o.s.b.d.a.LocalDevToolsAutoConfiguration$RestartingClassPathChangeChangedEventListener - Restarting due to 1 class path change (0 additions, 0 deletions, 1 modification)
2026-05-24 16:00:14.586 INFO  [Thread-670] o.s.boot.tomcat.GracefulShutdown - Commencing graceful shutdown. Waiting for active requests to complete
2026-05-24 16:00:14.591 INFO  [tomcat-shutdown] o.s.boot.tomcat.GracefulShutdown - Graceful shutdown complete
2026-05-24 16:00:14.600 INFO  [Thread-670] o.s.o.j.LocalContainerEntityManagerFactoryBean - Closing JPA EntityManagerFactory for persistence unit 'default'
2026-05-24 16:00:14.602 INFO  [Thread-670] com.zaxxer.hikari.HikariDataSource - HikariPool-169 - Shutdown initiated...
2026-05-24 16:00:14.605 INFO  [Thread-670] com.zaxxer.hikari.HikariDataSource - HikariPool-169 - Shutdown completed.
2026-05-24 16:00:14.907 INFO  [restartedMain] o.s.d.r.c.RepositoryConfigurationDelegate - Bootstrapping Spring Data JPA repositories in DEFAULT mode.
2026-05-24 16:00:14.911 INFO  [restartedMain] o.s.d.r.c.RepositoryConfigurationDelegate - Finished Spring Data repository scanning in 3 ms. Found 1 JPA repository interface.
2026-05-24 16:00:14.979 INFO  [restartedMain] o.s.boot.tomcat.TomcatWebServer - Tomcat initialized with port 8080 (http)
2026-05-24 16:00:14.979 INFO  [restartedMain] o.a.catalina.core.StandardService - Starting service [Tomcat]
2026-05-24 16:00:14.979 INFO  [restartedMain] o.a.catalina.core.StandardEngine - Starting Servlet engine: [Apache Tomcat/11.0.21]
2026-05-24 16:00:14.985 INFO  [restartedMain] o.s.b.w.c.s.WebApplicationContextInitializer - Root WebApplicationContext: initialization completed in 197 ms
2026-05-24 16:00:15.005 INFO  [restartedMain] org.hibernate.orm.jpa - HHH008540: Processing PersistenceUnitInfo [name: default]
2026-05-24 16:00:15.025 INFO  [restartedMain] o.s.o.j.p.SpringPersistenceUnitInfo - No LoadTimeWeaver setup: ignoring JPA class transformer
2026-05-24 16:00:15.025 INFO  [restartedMain] com.zaxxer.hikari.HikariDataSource - HikariPool-170 - Starting...
2026-05-24 16:00:15.041 INFO  [restartedMain] com.zaxxer.hikari.pool.HikariPool - HikariPool-170 - Added connection com.mysql.cj.jdbc.ConnectionImpl@30bcd8ae
2026-05-24 16:00:15.041 INFO  [restartedMain] com.zaxxer.hikari.HikariDataSource - HikariPool-170 - Start completed.
2026-05-24 16:00:15.042 WARN  [restartedMain] org.hibernate.orm.deprecation - HHH90000025: MySQLDialect does not need to be specified explicitly using 'hibernate.dialect' (remove the property setting and it will be selected by default)
2026-05-24 16:00:15.042 INFO  [restartedMain] o.hibernate.orm.connections.pooling - HHH10001005: Database info:
	Database JDBC URL [jdbc:mysql://localhost:3306/springbootdb]
	Database driver: MySQL Connector/J
	Database dialect: MySQLDialect
	Database version: 9.6
	Default catalog/schema: springbootdb/undefined
	Autocommit mode: undefined/unknown
	Isolation level: REPEATABLE_READ [default REPEATABLE_READ]
	JDBC fetch size: none
	Pool: DataSourceConnectionProvider
	Minimum pool size: undefined/unknown
	Maximum pool size: undefined/unknown
2026-05-24 16:00:15.059 INFO  [restartedMain] org.hibernate.orm.core - HHH000489: No JTA platform available (set 'hibernate.transaction.jta.platform' to enable JTA platform integration)
2026-05-24 16:00:15.074 INFO  [restartedMain] o.s.o.j.LocalContainerEntityManagerFactoryBean - Initialized JPA EntityManagerFactory for persistence unit 'default'
2026-05-24 16:00:15.156 WARN  [restartedMain] o.s.b.j.a.JpaBaseConfiguration$JpaWebConfiguration - spring.jpa.open-in-view is enabled by default. Therefore, database queries may be performed during view rendering. Explicitly configure spring.jpa.open-in-view to disable this warning
2026-05-24 16:00:15.219 INFO  [restartedMain] o.s.s.c.a.a.c.InitializeUserDetailsBeanManagerConfigurer$InitializeUserDetailsManagerConfigurer - Global AuthenticationManager configured with UserDetailsService bean with name customUserDetailsService
2026-05-24 16:00:15.321 INFO  [restartedMain] o.s.boot.tomcat.TomcatWebServer - Tomcat started on port 8080 (http) with context path '/'
2026-05-24 16:00:15.323 INFO  [restartedMain] o.s.b.d.a.ConditionEvaluationDeltaLoggingListener - Condition evaluation unchanged
2026-05-24 16:00:16.719 INFO  [File Watcher] o.s.b.d.a.LocalDevToolsAutoConfiguration$RestartingClassPathChangeChangedEventListener - Restarting due to 1 class path change (0 additions, 0 deletions, 1 modification)
2026-05-24 16:00:16.721 INFO  [Thread-674] o.s.boot.tomcat.GracefulShutdown - Commencing graceful shutdown. Waiting for active requests to complete
2026-05-24 16:00:16.722 INFO  [tomcat-shutdown] o.s.boot.tomcat.GracefulShutdown - Graceful shutdown complete
2026-05-24 16:00:16.724 INFO  [Thread-674] o.s.o.j.LocalContainerEntityManagerFactoryBean - Closing JPA EntityManagerFactory for persistence unit 'default'
2026-05-24 16:00:16.724 INFO  [Thread-674] com.zaxxer.hikari.HikariDataSource - HikariPool-170 - Shutdown initiated...
2026-05-24 16:00:16.726 INFO  [Thread-674] com.zaxxer.hikari.HikariDataSource - HikariPool-170 - Shutdown completed.
2026-05-24 16:00:16.912 INFO  [restartedMain] o.s.d.r.c.RepositoryConfigurationDelegate - Bootstrapping Spring Data JPA repositories in DEFAULT mode.
2026-05-24 16:00:16.917 INFO  [restartedMain] o.s.d.r.c.RepositoryConfigurationDelegate - Finished Spring Data repository scanning in 3 ms. Found 1 JPA repository interface.
2026-05-24 16:00:16.978 INFO  [restartedMain] o.s.boot.tomcat.TomcatWebServer - Tomcat initialized with port 8080 (http)
2026-05-24 16:00:16.978 INFO  [restartedMain] o.a.catalina.core.StandardService - Starting service [Tomcat]
2026-05-24 16:00:16.978 INFO  [restartedMain] o.a.catalina.core.StandardEngine - Starting Servlet engine: [Apache Tomcat/11.0.21]
2026-05-24 16:00:16.984 INFO  [restartedMain] o.s.b.w.c.s.WebApplicationContextInitializer - Root WebApplicationContext: initialization completed in 147 ms
2026-05-24 16:00:17.006 INFO  [restartedMain] org.hibernate.orm.jpa - HHH008540: Processing PersistenceUnitInfo [name: default]
2026-05-24 16:00:17.023 INFO  [restartedMain] o.s.o.j.p.SpringPersistenceUnitInfo - No LoadTimeWeaver setup: ignoring JPA class transformer
2026-05-24 16:00:17.024 INFO  [restartedMain] com.zaxxer.hikari.HikariDataSource - HikariPool-171 - Starting...
2026-05-24 16:00:17.043 INFO  [restartedMain] com.zaxxer.hikari.pool.HikariPool - HikariPool-171 - Added connection com.mysql.cj.jdbc.ConnectionImpl@945a3e6
2026-05-24 16:00:17.043 INFO  [restartedMain] com.zaxxer.hikari.HikariDataSource - HikariPool-171 - Start completed.
2026-05-24 16:00:17.045 WARN  [restartedMain] org.hibernate.orm.deprecation - HHH90000025: MySQLDialect does not need to be specified explicitly using 'hibernate.dialect' (remove the property setting and it will be selected by default)
2026-05-24 16:00:17.046 INFO  [restartedMain] o.hibernate.orm.connections.pooling - HHH10001005: Database info:
	Database JDBC URL [jdbc:mysql://localhost:3306/springbootdb]
	Database driver: MySQL Connector/J
	Database dialect: MySQLDialect
	Database version: 9.6
	Default catalog/schema: springbootdb/undefined
	Autocommit mode: undefined/unknown
	Isolation level: REPEATABLE_READ [default REPEATABLE_READ]
	JDBC fetch size: none
	Pool: DataSourceConnectionProvider
	Minimum pool size: undefined/unknown
	Maximum pool size: undefined/unknown
2026-05-24 16:00:17.077 INFO  [restartedMain] org.hibernate.orm.core - HHH000489: No JTA platform available (set 'hibernate.transaction.jta.platform' to enable JTA platform integration)
2026-05-24 16:00:17.089 INFO  [restartedMain] o.s.o.j.LocalContainerEntityManagerFactoryBean - Initialized JPA EntityManagerFactory for persistence unit 'default'
2026-05-24 16:00:17.138 WARN  [restartedMain] o.s.b.j.a.JpaBaseConfiguration$JpaWebConfiguration - spring.jpa.open-in-view is enabled by default. Therefore, database queries may be performed during view rendering. Explicitly configure spring.jpa.open-in-view to disable this warning
2026-05-24 16:00:17.156 INFO  [restartedMain] o.s.s.c.a.a.c.InitializeUserDetailsBeanManagerConfigurer$InitializeUserDetailsManagerConfigurer - Global AuthenticationManager configured with UserDetailsService bean with name customUserDetailsService
2026-05-24 16:00:17.243 INFO  [restartedMain] o.s.boot.tomcat.TomcatWebServer - Tomcat started on port 8080 (http) with context path '/'
2026-05-24 16:00:17.244 INFO  [restartedMain] o.s.b.d.a.ConditionEvaluationDeltaLoggingListener - Condition evaluation unchanged
2026-05-24 16:00:24.679 INFO  [File Watcher] o.s.b.d.a.LocalDevToolsAutoConfiguration$RestartingClassPathChangeChangedEventListener - Restarting due to 1 class path change (0 additions, 0 deletions, 1 modification)
2026-05-24 16:00:24.689 INFO  [Thread-678] o.s.boot.tomcat.GracefulShutdown - Commencing graceful shutdown. Waiting for active requests to complete
2026-05-24 16:00:24.694 INFO  [tomcat-shutdown] o.s.boot.tomcat.GracefulShutdown - Graceful shutdown complete
2026-05-24 16:00:24.696 INFO  [Thread-678] o.s.o.j.LocalContainerEntityManagerFactoryBean - Closing JPA EntityManagerFactory for persistence unit 'default'
2026-05-24 16:00:24.699 INFO  [Thread-678] com.zaxxer.hikari.HikariDataSource - HikariPool-171 - Shutdown initiated...
2026-05-24 16:00:24.705 INFO  [Thread-678] com.zaxxer.hikari.HikariDataSource - HikariPool-171 - Shutdown completed.
2026-05-24 16:00:24.904 INFO  [restartedMain] o.s.d.r.c.RepositoryConfigurationDelegate - Bootstrapping Spring Data JPA repositories in DEFAULT mode.
2026-05-24 16:00:24.913 INFO  [restartedMain] o.s.d.r.c.RepositoryConfigurationDelegate - Finished Spring Data repository scanning in 4 ms. Found 1 JPA repository interface.
2026-05-24 16:00:24.969 INFO  [restartedMain] o.s.boot.tomcat.TomcatWebServer - Tomcat initialized with port 8080 (http)
2026-05-24 16:00:24.969 INFO  [restartedMain] o.a.catalina.core.StandardService - Starting service [Tomcat]
2026-05-24 16:00:24.969 INFO  [restartedMain] o.a.catalina.core.StandardEngine - Starting Servlet engine: [Apache Tomcat/11.0.21]
2026-05-24 16:00:24.974 INFO  [restartedMain] o.s.b.w.c.s.WebApplicationContextInitializer - Root WebApplicationContext: initialization completed in 146 ms
2026-05-24 16:00:24.990 INFO  [restartedMain] org.hibernate.orm.jpa - HHH008540: Processing PersistenceUnitInfo [name: default]
2026-05-24 16:00:25.004 INFO  [restartedMain] o.s.o.j.p.SpringPersistenceUnitInfo - No LoadTimeWeaver setup: ignoring JPA class transformer
2026-05-24 16:00:25.004 INFO  [restartedMain] com.zaxxer.hikari.HikariDataSource - HikariPool-172 - Starting...
2026-05-24 16:00:25.015 INFO  [restartedMain] com.zaxxer.hikari.pool.HikariPool - HikariPool-172 - Added connection com.mysql.cj.jdbc.ConnectionImpl@2e896453
2026-05-24 16:00:25.015 INFO  [restartedMain] com.zaxxer.hikari.HikariDataSource - HikariPool-172 - Start completed.
2026-05-24 16:00:25.016 WARN  [restartedMain] org.hibernate.orm.deprecation - HHH90000025: MySQLDialect does not need to be specified explicitly using 'hibernate.dialect' (remove the property setting and it will be selected by default)
2026-05-24 16:00:25.017 INFO  [restartedMain] o.hibernate.orm.connections.pooling - HHH10001005: Database info:
	Database JDBC URL [jdbc:mysql://localhost:3306/springbootdb]
	Database driver: MySQL Connector/J
	Database dialect: MySQLDialect
	Database version: 9.6
	Default catalog/schema: springbootdb/undefined
	Autocommit mode: undefined/unknown
	Isolation level: REPEATABLE_READ [default REPEATABLE_READ]
	JDBC fetch size: none
	Pool: DataSourceConnectionProvider
	Minimum pool size: undefined/unknown
	Maximum pool size: undefined/unknown
2026-05-24 16:00:25.034 INFO  [restartedMain] org.hibernate.orm.core - HHH000489: No JTA platform available (set 'hibernate.transaction.jta.platform' to enable JTA platform integration)
2026-05-24 16:00:25.044 INFO  [restartedMain] o.s.o.j.LocalContainerEntityManagerFactoryBean - Initialized JPA EntityManagerFactory for persistence unit 'default'
2026-05-24 16:00:25.086 WARN  [restartedMain] o.s.b.j.a.JpaBaseConfiguration$JpaWebConfiguration - spring.jpa.open-in-view is enabled by default. Therefore, database queries may be performed during view rendering. Explicitly configure spring.jpa.open-in-view to disable this warning
2026-05-24 16:00:25.102 INFO  [restartedMain] o.s.s.c.a.a.c.InitializeUserDetailsBeanManagerConfigurer$InitializeUserDetailsManagerConfigurer - Global AuthenticationManager configured with UserDetailsService bean with name customUserDetailsService
2026-05-24 16:00:25.185 INFO  [restartedMain] o.s.boot.tomcat.TomcatWebServer - Tomcat started on port 8080 (http) with context path '/'
2026-05-24 16:00:25.188 INFO  [restartedMain] o.s.b.d.a.ConditionEvaluationDeltaLoggingListener - Condition evaluation unchanged
2026-05-24 16:00:26.584 INFO  [File Watcher] o.s.b.d.a.LocalDevToolsAutoConfiguration$RestartingClassPathChangeChangedEventListener - Restarting due to 1 class path change (0 additions, 0 deletions, 1 modification)
2026-05-24 16:00:26.587 INFO  [Thread-682] o.s.boot.tomcat.GracefulShutdown - Commencing graceful shutdown. Waiting for active requests to complete
2026-05-24 16:00:26.588 INFO  [tomcat-shutdown] o.s.boot.tomcat.GracefulShutdown - Graceful shutdown complete
2026-05-24 16:00:26.590 INFO  [Thread-682] o.s.o.j.LocalContainerEntityManagerFactoryBean - Closing JPA EntityManagerFactory for persistence unit 'default'
2026-05-24 16:00:26.590 INFO  [Thread-682] com.zaxxer.hikari.HikariDataSource - HikariPool-172 - Shutdown initiated...
2026-05-24 16:00:26.595 INFO  [Thread-682] com.zaxxer.hikari.HikariDataSource - HikariPool-172 - Shutdown completed.
2026-05-24 16:00:26.724 INFO  [restartedMain] o.s.d.r.c.RepositoryConfigurationDelegate - Bootstrapping Spring Data JPA repositories in DEFAULT mode.
2026-05-24 16:00:26.726 INFO  [restartedMain] o.s.d.r.c.RepositoryConfigurationDelegate - Finished Spring Data repository scanning in 2 ms. Found 1 JPA repository interface.
2026-05-24 16:00:26.776 INFO  [restartedMain] o.s.boot.tomcat.TomcatWebServer - Tomcat initialized with port 8080 (http)
2026-05-24 16:00:26.777 INFO  [restartedMain] o.a.catalina.core.StandardService - Starting service [Tomcat]
2026-05-24 16:00:26.777 INFO  [restartedMain] o.a.catalina.core.StandardEngine - Starting Servlet engine: [Apache Tomcat/11.0.21]
2026-05-24 16:00:26.794 INFO  [restartedMain] o.s.b.w.c.s.WebApplicationContextInitializer - Root WebApplicationContext: initialization completed in 127 ms
2026-05-24 16:00:26.842 INFO  [restartedMain] org.hibernate.orm.jpa - HHH008540: Processing PersistenceUnitInfo [name: default]
2026-05-24 16:00:26.866 INFO  [restartedMain] o.s.o.j.p.SpringPersistenceUnitInfo - No LoadTimeWeaver setup: ignoring JPA class transformer
2026-05-24 16:00:26.867 INFO  [restartedMain] com.zaxxer.hikari.HikariDataSource - HikariPool-173 - Starting...
2026-05-24 16:00:26.880 INFO  [restartedMain] com.zaxxer.hikari.pool.HikariPool - HikariPool-173 - Added connection com.mysql.cj.jdbc.ConnectionImpl@6835c1d2
2026-05-24 16:00:26.880 INFO  [restartedMain] com.zaxxer.hikari.HikariDataSource - HikariPool-173 - Start completed.
2026-05-24 16:00:26.882 WARN  [restartedMain] org.hibernate.orm.deprecation - HHH90000025: MySQLDialect does not need to be specified explicitly using 'hibernate.dialect' (remove the property setting and it will be selected by default)
2026-05-24 16:00:26.883 INFO  [restartedMain] o.hibernate.orm.connections.pooling - HHH10001005: Database info:
	Database JDBC URL [jdbc:mysql://localhost:3306/springbootdb]
	Database driver: MySQL Connector/J
	Database dialect: MySQLDialect
	Database version: 9.6
	Default catalog/schema: springbootdb/undefined
	Autocommit mode: undefined/unknown
	Isolation level: REPEATABLE_READ [default REPEATABLE_READ]
	JDBC fetch size: none
	Pool: DataSourceConnectionProvider
	Minimum pool size: undefined/unknown
	Maximum pool size: undefined/unknown
2026-05-24 16:00:26.909 INFO  [restartedMain] org.hibernate.orm.core - HHH000489: No JTA platform available (set 'hibernate.transaction.jta.platform' to enable JTA platform integration)
2026-05-24 16:00:26.926 INFO  [restartedMain] o.s.o.j.LocalContainerEntityManagerFactoryBean - Initialized JPA EntityManagerFactory for persistence unit 'default'
2026-05-24 16:00:26.989 WARN  [restartedMain] o.s.b.j.a.JpaBaseConfiguration$JpaWebConfiguration - spring.jpa.open-in-view is enabled by default. Therefore, database queries may be performed during view rendering. Explicitly configure spring.jpa.open-in-view to disable this warning
2026-05-24 16:00:27.010 INFO  [restartedMain] o.s.s.c.a.a.c.InitializeUserDetailsBeanManagerConfigurer$InitializeUserDetailsManagerConfigurer - Global AuthenticationManager configured with UserDetailsService bean with name customUserDetailsService
2026-05-24 16:00:27.078 INFO  [restartedMain] o.s.boot.tomcat.TomcatWebServer - Tomcat started on port 8080 (http) with context path '/'
2026-05-24 16:00:27.079 INFO  [restartedMain] o.s.b.d.a.ConditionEvaluationDeltaLoggingListener - Condition evaluation unchanged
2026-05-24 16:49:00.004 INFO  [http-nio-8080-exec-2] o.a.c.c.C.[Tomcat-3].[localhost].[/] - Initializing Spring DispatcherServlet 'dispatcherServlet'
2026-05-24 16:49:00.013 INFO  [http-nio-8080-exec-2] o.s.web.servlet.DispatcherServlet - Initializing Servlet 'dispatcherServlet'
2026-05-24 16:49:00.080 INFO  [http-nio-8080-exec-2] o.s.web.servlet.DispatcherServlet - Completed initialization in 65 ms
2026-05-24 16:49:00.208 ERROR [http-nio-8080-exec-2] o.a.c.c.C.[.[.[.[dispatcherServlet] - Servlet.service() for servlet [dispatcherServlet] in context with path [] threw exception [Handler dispatch failed: java.lang.Error: Unresolved compilation problem: 
	Duplicate local variable response
] with root cause
java.lang.Error: Unresolved compilation problem: 
	Duplicate local variable response

	at com.example.springbootdemo.controller.ArrayExampleController.getPosts(ArrayExampleController.java:145)
	at java.base/jdk.internal.reflect.DirectMethodHandleAccessor.invoke(DirectMethodHandleAccessor.java:103)
	at java.base/java.lang.reflect.Method.invoke(Method.java:580)
	at org.springframework.web.method.support.InvocableHandlerMethod.doInvoke(InvocableHandlerMethod.java:252)
	at org.springframework.web.method.support.InvocableHandlerMethod.invokeForRequest(InvocableHandlerMethod.java:184)
	at org.springframework.web.servlet.mvc.method.annotation.ServletInvocableHandlerMethod.invokeAndHandle(ServletInvocableHandlerMethod.java:117)
	at org.springframework.web.servlet.mvc.method.annotation.RequestMappingHandlerAdapter.invokeHandlerMethod(RequestMappingHandlerAdapter.java:934)
	at org.springframework.web.servlet.mvc.method.annotation.RequestMappingHandlerAdapter.handleInternal(RequestMappingHandlerAdapter.java:853)
	at org.springframework.web.servlet.mvc.method.AbstractHandlerMethodAdapter.handle(AbstractHandlerMethodAdapter.java:86)
	at org.springframework.web.servlet.DispatcherServlet.doDispatch(DispatcherServlet.java:963)
	at org.springframework.web.servlet.DispatcherServlet.doService(DispatcherServlet.java:866)
	at org.springframework.web.servlet.FrameworkServlet.processRequest(FrameworkServlet.java:1000)
	at org.springframework.web.servlet.FrameworkServlet.doGet(FrameworkServlet.java:892)
	at jakarta.servlet.http.HttpServlet.service(HttpServlet.java:622)
	at org.springframework.web.servlet.FrameworkServlet.service(FrameworkServlet.java:874)
	at jakarta.servlet.http.HttpServlet.service(HttpServlet.java:710)
	at org.apache.catalina.core.ApplicationFilterChain.doFilter(ApplicationFilterChain.java:128)
	at org.apache.tomcat.websocket.server.WsFilter.doFilter(WsFilter.java:53)
	at org.apache.catalina.core.ApplicationFilterChain.doFilter(ApplicationFilterChain.java:107)
	at org.springframework.web.filter.OncePerRequestFilter.doFilter(OncePerRequestFilter.java:110)
	at org.apache.catalina.core.ApplicationFilterChain.doFilter(ApplicationFilterChain.java:107)
	at org.springframework.web.filter.CompositeFilter$VirtualFilterChain.doFilter(CompositeFilter.java:108)
	at org.springframework.security.web.FilterChainProxy.lambda$doFilterInternal$3(FilterChainProxy.java:235)
	at org.springframework.security.web.FilterChainProxy$VirtualFilterChain.doFilter(FilterChainProxy.java:376)
	at org.springframework.security.web.access.intercept.AuthorizationFilter.doFilter(AuthorizationFilter.java:101)
	at org.springframework.security.web.FilterChainProxy$VirtualFilterChain.doFilter(FilterChainProxy.java:385)
	at org.springframework.security.web.access.ExceptionTranslationFilter.doFilter(ExceptionTranslationFilter.java:126)
	at org.springframework.security.web.access.ExceptionTranslationFilter.doFilter(ExceptionTranslationFilter.java:120)
	at org.springframework.security.web.FilterChainProxy$VirtualFilterChain.doFilter(FilterChainProxy.java:385)
	at org.springframework.security.web.session.SessionManagementFilter.doFilter(SessionManagementFilter.java:132)
	at org.springframework.security.web.session.SessionManagementFilter.doFilter(SessionManagementFilter.java:86)
	at org.springframework.security.web.FilterChainProxy$VirtualFilterChain.doFilter(FilterChainProxy.java:385)
	at org.springframework.security.web.authentication.AnonymousAuthenticationFilter.doFilter(AnonymousAuthenticationFilter.java:100)
	at org.springframework.security.web.FilterChainProxy$VirtualFilterChain.doFilter(FilterChainProxy.java:385)
	at org.springframework.security.web.servletapi.SecurityContextHolderAwareRequestFilter.doFilter(SecurityContextHolderAwareRequestFilter.java:181)
	at org.springframework.security.web.FilterChainProxy$VirtualFilterChain.doFilter(FilterChainProxy.java:385)
	at org.springframework.security.web.savedrequest.RequestCacheAwareFilter.doFilter(RequestCacheAwareFilter.java:63)
	at org.springframework.security.web.FilterChainProxy$VirtualFilterChain.doFilter(FilterChainProxy.java:385)
	at com.example.springbootdemo.config.JwtAuthenticationFilter.doFilterInternal(JwtAuthenticationFilter.java:34)
	at org.springframework.web.filter.OncePerRequestFilter.doFilter(OncePerRequestFilter.java:116)
	at org.springframework.security.web.FilterChainProxy$VirtualFilterChain.doFilter(FilterChainProxy.java:385)
	at org.springframework.security.web.authentication.logout.LogoutFilter.doFilter(LogoutFilter.java:110)
	at org.springframework.security.web.authentication.logout.LogoutFilter.doFilter(LogoutFilter.java:96)
	at org.springframework.security.web.FilterChainProxy$VirtualFilterChain.doFilter(FilterChainProxy.java:385)
	at org.springframework.security.web.header.HeaderWriterFilter.doHeadersAfter(HeaderWriterFilter.java:90)
	at org.springframework.security.web.header.HeaderWriterFilter.doFilterInternal(HeaderWriterFilter.java:75)
	at org.springframework.web.filter.OncePerRequestFilter.doFilter(OncePerRequestFilter.java:116)
	at org.springframework.security.web.FilterChainProxy$VirtualFilterChain.doFilter(FilterChainProxy.java:385)
	at org.springframework.security.web.context.SecurityContextHolderFilter.doFilter(SecurityContextHolderFilter.java:82)
	at org.springframework.security.web.context.SecurityContextHolderFilter.doFilter(SecurityContextHolderFilter.java:69)
	at org.springframework.security.web.FilterChainProxy$VirtualFilterChain.doFilter(FilterChainProxy.java:385)
	at org.springframework.security.web.context.request.async.WebAsyncManagerIntegrationFilter.doFilterInternal(WebAsyncManagerIntegrationFilter.java:62)
	at org.springframework.web.filter.OncePerRequestFilter.doFilter(OncePerRequestFilter.java:116)
	at org.springframework.security.web.FilterChainProxy$VirtualFilterChain.doFilter(FilterChainProxy.java:385)
	at org.springframework.security.web.session.DisableEncodeUrlFilter.doFilterInternal(DisableEncodeUrlFilter.java:42)
	at org.springframework.web.filter.OncePerRequestFilter.doFilter(OncePerRequestFilter.java:116)
	at org.springframework.security.web.FilterChainProxy$VirtualFilterChain.doFilter(FilterChainProxy.java:385)
	at org.springframework.security.web.FilterChainProxy.doFilterInternal(FilterChainProxy.java:237)
	at org.springframework.security.web.FilterChainProxy.doFilter(FilterChainProxy.java:195)
	at org.springframework.web.filter.CompositeFilter$VirtualFilterChain.doFilter(CompositeFilter.java:113)
	at org.springframework.web.filter.ServletRequestPathFilter.doFilter(ServletRequestPathFilter.java:52)
	at org.springframework.web.filter.CompositeFilter$VirtualFilterChain.doFilter(CompositeFilter.java:113)
	at org.springframework.web.filter.CompositeFilter.doFilter(CompositeFilter.java:74)
	at org.springframework.security.config.annotation.web.configuration.WebSecurityConfiguration$CompositeFilterChainProxy.doFilter(WebSecurityConfiguration.java:317)
	at org.springframework.web.filter.DelegatingFilterProxy.invokeDelegate(DelegatingFilterProxy.java:355)
	at org.springframework.web.filter.DelegatingFilterProxy.doFilter(DelegatingFilterProxy.java:272)
	at org.apache.catalina.core.ApplicationFilterChain.doFilter(ApplicationFilterChain.java:107)
	at org.springframework.web.filter.RequestContextFilter.doFilterInternal(RequestContextFilter.java:100)
	at org.springframework.web.filter.OncePerRequestFilter.doFilter(OncePerRequestFilter.java:116)
	at org.apache.catalina.core.ApplicationFilterChain.doFilter(ApplicationFilterChain.java:107)
	at org.springframework.web.filter.FormContentFilter.doFilterInternal(FormContentFilter.java:93)
	at org.springframework.web.filter.OncePerRequestFilter.doFilter(OncePerRequestFilter.java:116)
	at org.apache.catalina.core.ApplicationFilterChain.doFilter(ApplicationFilterChain.java:107)
	at org.springframework.web.filter.CharacterEncodingFilter.doFilterInternal(CharacterEncodingFilter.java:199)
	at org.springframework.web.filter.OncePerRequestFilter.doFilter(OncePerRequestFilter.java:116)
	at org.apache.catalina.core.ApplicationFilterChain.doFilter(ApplicationFilterChain.java:107)
	at org.apache.catalina.core.StandardWrapperValve.invoke(StandardWrapperValve.java:165)
	at org.apache.catalina.core.StandardContextValve.invoke(StandardContextValve.java:77)
	at org.apache.catalina.authenticator.AuthenticatorBase.invoke(AuthenticatorBase.java:492)
	at org.apache.catalina.core.StandardHostValve.invoke(StandardHostValve.java:113)
	at org.apache.catalina.valves.ErrorReportValve.invoke(ErrorReportValve.java:83)
	at org.apache.catalina.core.StandardEngineValve.invoke(StandardEngineValve.java:72)
	at org.apache.catalina.connector.CoyoteAdapter.service(CoyoteAdapter.java:341)
	at org.apache.coyote.http11.Http11Processor.service(Http11Processor.java:397)
	at org.apache.coyote.AbstractProcessorLight.process(AbstractProcessorLight.java:63)
	at org.apache.coyote.AbstractProtocol$ConnectionHandler.process(AbstractProtocol.java:903)
	at org.apache.tomcat.util.net.NioEndpoint$SocketProcessor.doRun(NioEndpoint.java:1801)
	at org.apache.tomcat.util.net.SocketProcessorBase.run(SocketProcessorBase.java:52)
	at org.apache.tomcat.util.threads.ThreadPoolExecutor.runWorker(ThreadPoolExecutor.java:946)
	at org.apache.tomcat.util.threads.ThreadPoolExecutor$Worker.run(ThreadPoolExecutor.java:480)
	at org.apache.tomcat.util.threads.TaskThread$WrappingRunnable.run(TaskThread.java:57)
	at java.base/java.lang.Thread.run(Thread.java:1583)
2026-05-24 16:49:25.477 INFO  [File Watcher] o.s.b.d.a.LocalDevToolsAutoConfiguration$RestartingClassPathChangeChangedEventListener - Restarting due to 1 class path change (0 additions, 0 deletions, 1 modification)
2026-05-24 16:49:25.497 INFO  [Thread-686] o.s.boot.tomcat.GracefulShutdown - Commencing graceful shutdown. Waiting for active requests to complete
2026-05-24 16:49:25.503 INFO  [tomcat-shutdown] o.s.boot.tomcat.GracefulShutdown - Graceful shutdown complete
2026-05-24 16:49:25.513 INFO  [Thread-686] o.s.o.j.LocalContainerEntityManagerFactoryBean - Closing JPA EntityManagerFactory for persistence unit 'default'
2026-05-24 16:49:25.528 INFO  [Thread-686] com.zaxxer.hikari.HikariDataSource - HikariPool-173 - Shutdown initiated...
2026-05-24 16:49:25.542 INFO  [Thread-686] com.zaxxer.hikari.HikariDataSource - HikariPool-173 - Shutdown completed.
2026-05-24 16:49:26.187 INFO  [restartedMain] o.s.d.r.c.RepositoryConfigurationDelegate - Bootstrapping Spring Data JPA repositories in DEFAULT mode.
2026-05-24 16:49:26.197 INFO  [restartedMain] o.s.d.r.c.RepositoryConfigurationDelegate - Finished Spring Data repository scanning in 6 ms. Found 1 JPA repository interface.
2026-05-24 16:49:26.387 INFO  [restartedMain] o.s.boot.tomcat.TomcatWebServer - Tomcat initialized with port 8080 (http)
2026-05-24 16:49:26.391 INFO  [restartedMain] o.a.catalina.core.StandardService - Starting service [Tomcat]
2026-05-24 16:49:26.391 INFO  [restartedMain] o.a.catalina.core.StandardEngine - Starting Servlet engine: [Apache Tomcat/11.0.21]
2026-05-24 16:49:26.405 INFO  [restartedMain] o.s.b.w.c.s.WebApplicationContextInitializer - Root WebApplicationContext: initialization completed in 398 ms
2026-05-24 16:49:26.446 INFO  [restartedMain] org.hibernate.orm.jpa - HHH008540: Processing PersistenceUnitInfo [name: default]
2026-05-24 16:49:26.486 INFO  [restartedMain] o.s.o.j.p.SpringPersistenceUnitInfo - No LoadTimeWeaver setup: ignoring JPA class transformer
2026-05-24 16:49:26.488 INFO  [restartedMain] com.zaxxer.hikari.HikariDataSource - HikariPool-174 - Starting...
2026-05-24 16:49:26.581 INFO  [restartedMain] com.zaxxer.hikari.pool.HikariPool - HikariPool-174 - Added connection com.mysql.cj.jdbc.ConnectionImpl@52341965
2026-05-24 16:49:26.582 INFO  [restartedMain] com.zaxxer.hikari.HikariDataSource - HikariPool-174 - Start completed.
2026-05-24 16:49:26.584 WARN  [restartedMain] org.hibernate.orm.deprecation - HHH90000025: MySQLDialect does not need to be specified explicitly using 'hibernate.dialect' (remove the property setting and it will be selected by default)
2026-05-24 16:49:26.584 INFO  [restartedMain] o.hibernate.orm.connections.pooling - HHH10001005: Database info:
	Database JDBC URL [jdbc:mysql://localhost:3306/springbootdb]
	Database driver: MySQL Connector/J
	Database dialect: MySQLDialect
	Database version: 9.6
	Default catalog/schema: springbootdb/undefined
	Autocommit mode: undefined/unknown
	Isolation level: REPEATABLE_READ [default REPEATABLE_READ]
	JDBC fetch size: none
	Pool: DataSourceConnectionProvider
	Minimum pool size: undefined/unknown
	Maximum pool size: undefined/unknown
2026-05-24 16:49:26.641 INFO  [restartedMain] org.hibernate.orm.core - HHH000489: No JTA platform available (set 'hibernate.transaction.jta.platform' to enable JTA platform integration)
2026-05-24 16:49:26.683 INFO  [restartedMain] o.s.o.j.LocalContainerEntityManagerFactoryBean - Initialized JPA EntityManagerFactory for persistence unit 'default'
2026-05-24 16:49:26.797 WARN  [restartedMain] o.s.b.j.a.JpaBaseConfiguration$JpaWebConfiguration - spring.jpa.open-in-view is enabled by default. Therefore, database queries may be performed during view rendering. Explicitly configure spring.jpa.open-in-view to disable this warning
2026-05-24 16:49:26.840 INFO  [restartedMain] o.s.s.c.a.a.c.InitializeUserDetailsBeanManagerConfigurer$InitializeUserDetailsManagerConfigurer - Global AuthenticationManager configured with UserDetailsService bean with name customUserDetailsService
2026-05-24 16:49:27.002 INFO  [restartedMain] o.s.boot.tomcat.TomcatWebServer - Tomcat started on port 8080 (http) with context path '/'
2026-05-24 16:49:27.006 INFO  [restartedMain] o.s.b.d.a.ConditionEvaluationDeltaLoggingListener - Condition evaluation unchanged
2026-05-24 16:49:31.831 INFO  [File Watcher] o.s.b.d.a.LocalDevToolsAutoConfiguration$RestartingClassPathChangeChangedEventListener - Restarting due to 1 class path change (0 additions, 0 deletions, 1 modification)
2026-05-24 16:49:31.854 INFO  [Thread-690] o.s.boot.tomcat.GracefulShutdown - Commencing graceful shutdown. Waiting for active requests to complete
2026-05-24 16:49:31.864 INFO  [tomcat-shutdown] o.s.boot.tomcat.GracefulShutdown - Graceful shutdown complete
2026-05-24 16:49:31.892 INFO  [Thread-690] o.s.o.j.LocalContainerEntityManagerFactoryBean - Closing JPA EntityManagerFactory for persistence unit 'default'
2026-05-24 16:49:31.937 INFO  [Thread-690] com.zaxxer.hikari.HikariDataSource - HikariPool-174 - Shutdown initiated...
2026-05-24 16:49:31.953 INFO  [Thread-690] com.zaxxer.hikari.HikariDataSource - HikariPool-174 - Shutdown completed.
2026-05-24 16:49:32.237 INFO  [restartedMain] o.s.d.r.c.RepositoryConfigurationDelegate - Bootstrapping Spring Data JPA repositories in DEFAULT mode.
2026-05-24 16:49:32.242 INFO  [restartedMain] o.s.d.r.c.RepositoryConfigurationDelegate - Finished Spring Data repository scanning in 3 ms. Found 1 JPA repository interface.
2026-05-24 16:49:32.335 INFO  [restartedMain] o.s.boot.tomcat.TomcatWebServer - Tomcat initialized with port 8080 (http)
2026-05-24 16:49:32.335 INFO  [restartedMain] o.a.catalina.core.StandardService - Starting service [Tomcat]
2026-05-24 16:49:32.335 INFO  [restartedMain] o.a.catalina.core.StandardEngine - Starting Servlet engine: [Apache Tomcat/11.0.21]
2026-05-24 16:49:32.340 INFO  [restartedMain] o.s.b.w.c.s.WebApplicationContextInitializer - Root WebApplicationContext: initialization completed in 208 ms
2026-05-24 16:49:32.369 INFO  [restartedMain] org.hibernate.orm.jpa - HHH008540: Processing PersistenceUnitInfo [name: default]
2026-05-24 16:49:32.396 INFO  [restartedMain] o.s.o.j.p.SpringPersistenceUnitInfo - No LoadTimeWeaver setup: ignoring JPA class transformer
2026-05-24 16:49:32.396 INFO  [restartedMain] com.zaxxer.hikari.HikariDataSource - HikariPool-175 - Starting...
2026-05-24 16:49:32.460 INFO  [restartedMain] com.zaxxer.hikari.pool.HikariPool - HikariPool-175 - Added connection com.mysql.cj.jdbc.ConnectionImpl@5f21771
2026-05-24 16:49:32.461 INFO  [restartedMain] com.zaxxer.hikari.HikariDataSource - HikariPool-175 - Start completed.
2026-05-24 16:49:32.461 WARN  [restartedMain] org.hibernate.orm.deprecation - HHH90000025: MySQLDialect does not need to be specified explicitly using 'hibernate.dialect' (remove the property setting and it will be selected by default)
2026-05-24 16:49:32.462 INFO  [restartedMain] o.hibernate.orm.connections.pooling - HHH10001005: Database info:
	Database JDBC URL [jdbc:mysql://localhost:3306/springbootdb]
	Database driver: MySQL Connector/J
	Database dialect: MySQLDialect
	Database version: 9.6
	Default catalog/schema: springbootdb/undefined
	Autocommit mode: undefined/unknown
	Isolation level: REPEATABLE_READ [default REPEATABLE_READ]
	JDBC fetch size: none
	Pool: DataSourceConnectionProvider
	Minimum pool size: undefined/unknown
	Maximum pool size: undefined/unknown
2026-05-24 16:49:32.480 INFO  [restartedMain] org.hibernate.orm.core - HHH000489: No JTA platform available (set 'hibernate.transaction.jta.platform' to enable JTA platform integration)
2026-05-24 16:49:32.529 INFO  [restartedMain] o.s.o.j.LocalContainerEntityManagerFactoryBean - Initialized JPA EntityManagerFactory for persistence unit 'default'
2026-05-24 16:49:32.576 WARN  [restartedMain] o.s.b.j.a.JpaBaseConfiguration$JpaWebConfiguration - spring.jpa.open-in-view is enabled by default. Therefore, database queries may be performed during view rendering. Explicitly configure spring.jpa.open-in-view to disable this warning
2026-05-24 16:49:32.595 INFO  [restartedMain] o.s.s.c.a.a.c.InitializeUserDetailsBeanManagerConfigurer$InitializeUserDetailsManagerConfigurer - Global AuthenticationManager configured with UserDetailsService bean with name customUserDetailsService
2026-05-24 16:49:32.678 INFO  [restartedMain] o.s.boot.tomcat.TomcatWebServer - Tomcat started on port 8080 (http) with context path '/'
2026-05-24 16:49:32.680 INFO  [restartedMain] o.s.b.d.a.ConditionEvaluationDeltaLoggingListener - Condition evaluation unchanged
2026-05-24 16:49:33.271 INFO  [http-nio-8080-exec-2] o.a.c.c.C.[Tomcat-3].[localhost].[/] - Initializing Spring DispatcherServlet 'dispatcherServlet'
2026-05-24 16:49:33.272 INFO  [http-nio-8080-exec-2] o.s.web.servlet.DispatcherServlet - Initializing Servlet 'dispatcherServlet'
2026-05-24 16:49:33.273 INFO  [http-nio-8080-exec-2] o.s.web.servlet.DispatcherServlet - Completed initialization in 1 ms
2026-05-24 16:51:07.856 INFO  [File Watcher] o.s.b.d.a.LocalDevToolsAutoConfiguration$RestartingClassPathChangeChangedEventListener - Restarting due to 1 class path change (0 additions, 0 deletions, 1 modification)
2026-05-24 16:51:07.860 INFO  [Thread-694] o.s.boot.tomcat.GracefulShutdown - Commencing graceful shutdown. Waiting for active requests to complete
2026-05-24 16:51:07.862 INFO  [tomcat-shutdown] o.s.boot.tomcat.GracefulShutdown - Graceful shutdown complete
2026-05-24 16:51:07.867 INFO  [Thread-694] o.s.o.j.LocalContainerEntityManagerFactoryBean - Closing JPA EntityManagerFactory for persistence unit 'default'
2026-05-24 16:51:07.869 INFO  [Thread-694] com.zaxxer.hikari.HikariDataSource - HikariPool-175 - Shutdown initiated...
2026-05-24 16:51:07.889 INFO  [Thread-694] com.zaxxer.hikari.HikariDataSource - HikariPool-175 - Shutdown completed.
2026-05-24 16:51:08.201 INFO  [restartedMain] o.s.d.r.c.RepositoryConfigurationDelegate - Bootstrapping Spring Data JPA repositories in DEFAULT mode.
2026-05-24 16:51:08.206 INFO  [restartedMain] o.s.d.r.c.RepositoryConfigurationDelegate - Finished Spring Data repository scanning in 4 ms. Found 1 JPA repository interface.
2026-05-24 16:51:08.253 INFO  [restartedMain] o.s.boot.tomcat.TomcatWebServer - Tomcat initialized with port 8080 (http)
2026-05-24 16:51:08.254 INFO  [restartedMain] o.a.catalina.core.StandardService - Starting service [Tomcat]
2026-05-24 16:51:08.254 INFO  [restartedMain] o.a.catalina.core.StandardEngine - Starting Servlet engine: [Apache Tomcat/11.0.21]
2026-05-24 16:51:08.260 INFO  [restartedMain] o.s.b.w.c.s.WebApplicationContextInitializer - Root WebApplicationContext: initialization completed in 176 ms
2026-05-24 16:51:08.278 INFO  [restartedMain] org.hibernate.orm.jpa - HHH008540: Processing PersistenceUnitInfo [name: default]
2026-05-24 16:51:08.292 INFO  [restartedMain] o.s.o.j.p.SpringPersistenceUnitInfo - No LoadTimeWeaver setup: ignoring JPA class transformer
2026-05-24 16:51:08.293 INFO  [restartedMain] com.zaxxer.hikari.HikariDataSource - HikariPool-176 - Starting...
2026-05-24 16:51:08.337 INFO  [restartedMain] com.zaxxer.hikari.pool.HikariPool - HikariPool-176 - Added connection com.mysql.cj.jdbc.ConnectionImpl@539cf9d2
2026-05-24 16:51:08.337 INFO  [restartedMain] com.zaxxer.hikari.HikariDataSource - HikariPool-176 - Start completed.
2026-05-24 16:51:08.338 WARN  [restartedMain] org.hibernate.orm.deprecation - HHH90000025: MySQLDialect does not need to be specified explicitly using 'hibernate.dialect' (remove the property setting and it will be selected by default)
2026-05-24 16:51:08.338 INFO  [restartedMain] o.hibernate.orm.connections.pooling - HHH10001005: Database info:
	Database JDBC URL [jdbc:mysql://localhost:3306/springbootdb]
	Database driver: MySQL Connector/J
	Database dialect: MySQLDialect
	Database version: 9.6
	Default catalog/schema: springbootdb/undefined
	Autocommit mode: undefined/unknown
	Isolation level: REPEATABLE_READ [default REPEATABLE_READ]
	JDBC fetch size: none
	Pool: DataSourceConnectionProvider
	Minimum pool size: undefined/unknown
	Maximum pool size: undefined/unknown
2026-05-24 16:51:08.360 INFO  [restartedMain] org.hibernate.orm.core - HHH000489: No JTA platform available (set 'hibernate.transaction.jta.platform' to enable JTA platform integration)
2026-05-24 16:51:08.425 INFO  [restartedMain] o.s.o.j.LocalContainerEntityManagerFactoryBean - Initialized JPA EntityManagerFactory for persistence unit 'default'
2026-05-24 16:51:08.467 WARN  [restartedMain] o.s.b.j.a.JpaBaseConfiguration$JpaWebConfiguration - spring.jpa.open-in-view is enabled by default. Therefore, database queries may be performed during view rendering. Explicitly configure spring.jpa.open-in-view to disable this warning
2026-05-24 16:51:08.486 INFO  [restartedMain] o.s.s.c.a.a.c.InitializeUserDetailsBeanManagerConfigurer$InitializeUserDetailsManagerConfigurer - Global AuthenticationManager configured with UserDetailsService bean with name customUserDetailsService
2026-05-24 16:51:08.563 INFO  [restartedMain] o.s.boot.tomcat.TomcatWebServer - Tomcat started on port 8080 (http) with context path '/'
2026-05-24 16:51:08.566 INFO  [restartedMain] o.s.b.d.a.ConditionEvaluationDeltaLoggingListener - Condition evaluation unchanged
2026-05-24 16:51:15.255 INFO  [http-nio-8080-exec-2] o.a.c.c.C.[Tomcat-3].[localhost].[/] - Initializing Spring DispatcherServlet 'dispatcherServlet'
2026-05-24 16:51:15.256 INFO  [http-nio-8080-exec-2] o.s.web.servlet.DispatcherServlet - Initializing Servlet 'dispatcherServlet'
2026-05-24 16:51:15.261 INFO  [http-nio-8080-exec-2] o.s.web.servlet.DispatcherServlet - Completed initialization in 5 ms
2026-05-24 17:13:39.589 WARN  [HikariPool-176:housekeeper] com.zaxxer.hikari.pool.HikariPool - HikariPool-176 - Thread starvation or clock leap detected (housekeeper delta=2m30s976ms).
2026-05-24 17:14:42.630 INFO  [File Watcher] o.s.b.d.a.LocalDevToolsAutoConfiguration$RestartingClassPathChangeChangedEventListener - Restarting due to 1 class path change (1 addition, 0 deletions, 0 modifications)
2026-05-24 17:14:42.665 INFO  [Thread-698] o.s.boot.tomcat.GracefulShutdown - Commencing graceful shutdown. Waiting for active requests to complete
2026-05-24 17:14:42.682 INFO  [tomcat-shutdown] o.s.boot.tomcat.GracefulShutdown - Graceful shutdown complete
2026-05-24 17:14:42.705 INFO  [Thread-698] o.s.o.j.LocalContainerEntityManagerFactoryBean - Closing JPA EntityManagerFactory for persistence unit 'default'
2026-05-24 17:14:42.727 INFO  [Thread-698] com.zaxxer.hikari.HikariDataSource - HikariPool-176 - Shutdown initiated...
2026-05-24 17:14:42.748 INFO  [Thread-698] com.zaxxer.hikari.HikariDataSource - HikariPool-176 - Shutdown completed.
2026-05-24 17:14:43.241 INFO  [restartedMain] o.s.d.r.c.RepositoryConfigurationDelegate - Bootstrapping Spring Data JPA repositories in DEFAULT mode.
2026-05-24 17:14:43.246 INFO  [restartedMain] o.s.d.r.c.RepositoryConfigurationDelegate - Finished Spring Data repository scanning in 4 ms. Found 1 JPA repository interface.
2026-05-24 17:14:43.340 INFO  [restartedMain] o.s.boot.tomcat.TomcatWebServer - Tomcat initialized with port 8080 (http)
2026-05-24 17:14:43.341 INFO  [restartedMain] o.a.catalina.core.StandardService - Starting service [Tomcat]
2026-05-24 17:14:43.341 INFO  [restartedMain] o.a.catalina.core.StandardEngine - Starting Servlet engine: [Apache Tomcat/11.0.21]
2026-05-24 17:14:43.347 INFO  [restartedMain] o.s.b.w.c.s.WebApplicationContextInitializer - Root WebApplicationContext: initialization completed in 206 ms
2026-05-24 17:14:43.377 INFO  [restartedMain] org.hibernate.orm.jpa - HHH008540: Processing PersistenceUnitInfo [name: default]
2026-05-24 17:14:43.403 INFO  [restartedMain] o.s.o.j.p.SpringPersistenceUnitInfo - No LoadTimeWeaver setup: ignoring JPA class transformer
2026-05-24 17:14:43.406 INFO  [restartedMain] com.zaxxer.hikari.HikariDataSource - HikariPool-177 - Starting...
2026-05-24 17:14:43.493 INFO  [restartedMain] com.zaxxer.hikari.pool.HikariPool - HikariPool-177 - Added connection com.mysql.cj.jdbc.ConnectionImpl@7a408106
2026-05-24 17:14:43.494 INFO  [restartedMain] com.zaxxer.hikari.HikariDataSource - HikariPool-177 - Start completed.
2026-05-24 17:14:43.495 WARN  [restartedMain] org.hibernate.orm.deprecation - HHH90000025: MySQLDialect does not need to be specified explicitly using 'hibernate.dialect' (remove the property setting and it will be selected by default)
2026-05-24 17:14:43.495 INFO  [restartedMain] o.hibernate.orm.connections.pooling - HHH10001005: Database info:
	Database JDBC URL [jdbc:mysql://localhost:3306/springbootdb]
	Database driver: MySQL Connector/J
	Database dialect: MySQLDialect
	Database version: 9.6
	Default catalog/schema: springbootdb/undefined
	Autocommit mode: undefined/unknown
	Isolation level: REPEATABLE_READ [default REPEATABLE_READ]
	JDBC fetch size: none
	Pool: DataSourceConnectionProvider
	Minimum pool size: undefined/unknown
	Maximum pool size: undefined/unknown
2026-05-24 17:14:43.535 INFO  [restartedMain] org.hibernate.orm.core - HHH000489: No JTA platform available (set 'hibernate.transaction.jta.platform' to enable JTA platform integration)
2026-05-24 17:14:43.620 INFO  [restartedMain] o.s.o.j.LocalContainerEntityManagerFactoryBean - Initialized JPA EntityManagerFactory for persistence unit 'default'
2026-05-24 17:14:43.705 WARN  [restartedMain] o.s.b.j.a.JpaBaseConfiguration$JpaWebConfiguration - spring.jpa.open-in-view is enabled by default. Therefore, database queries may be performed during view rendering. Explicitly configure spring.jpa.open-in-view to disable this warning
2026-05-24 17:14:43.732 INFO  [restartedMain] o.s.s.c.a.a.c.InitializeUserDetailsBeanManagerConfigurer$InitializeUserDetailsManagerConfigurer - Global AuthenticationManager configured with UserDetailsService bean with name customUserDetailsService
2026-05-24 17:14:43.790 WARN  [restartedMain] o.s.b.w.s.s.c.AnnotationConfigServletWebServerApplicationContext - Exception encountered during context initialization - cancelling refresh attempt: org.springframework.beans.factory.BeanCreationException: Error creating bean with name 'requestMappingHandlerMapping' defined in class path resource [org/springframework/boot/webmvc/autoconfigure/WebMvcAutoConfiguration$EnableWebMvcConfiguration.class]: Ambiguous mapping. Cannot map 'arrayExampleController' method 
com.example.springbootdemo.controller.ArrayExampleController#traverse()
to {GET [/api/v1/arrays/traverse]}: There is already 'apiController' bean method
com.example.springbootdemo.controller.ApiController#traverse() mapped.
2026-05-24 17:14:43.790 INFO  [restartedMain] o.s.o.j.LocalContainerEntityManagerFactoryBean - Closing JPA EntityManagerFactory for persistence unit 'default'
2026-05-24 17:14:43.791 INFO  [restartedMain] com.zaxxer.hikari.HikariDataSource - HikariPool-177 - Shutdown initiated...
2026-05-24 17:14:43.796 INFO  [restartedMain] com.zaxxer.hikari.HikariDataSource - HikariPool-177 - Shutdown completed.
2026-05-24 17:14:43.796 INFO  [restartedMain] o.a.catalina.core.StandardService - Stopping service [Tomcat]
2026-05-24 17:14:43.798 INFO  [restartedMain] o.s.b.a.l.ConditionEvaluationReportLogger - 

Error starting ApplicationContext. To display the condition evaluation report re-run your application with 'debug' enabled.
2026-05-24 17:14:43.799 ERROR [restartedMain] o.s.boot.SpringApplication - Application run failed
org.springframework.beans.factory.BeanCreationException: Error creating bean with name 'requestMappingHandlerMapping' defined in class path resource [org/springframework/boot/webmvc/autoconfigure/WebMvcAutoConfiguration$EnableWebMvcConfiguration.class]: Ambiguous mapping. Cannot map 'arrayExampleController' method 
com.example.springbootdemo.controller.ArrayExampleController#traverse()
to {GET [/api/v1/arrays/traverse]}: There is already 'apiController' bean method
com.example.springbootdemo.controller.ApiController#traverse() mapped.
	at org.springframework.beans.factory.support.AbstractAutowireCapableBeanFactory.initializeBean(AbstractAutowireCapableBeanFactory.java:1817)
	at org.springframework.beans.factory.support.AbstractAutowireCapableBeanFactory.doCreateBean(AbstractAutowireCapableBeanFactory.java:603)
	at org.springframework.beans.factory.support.AbstractAutowireCapableBeanFactory.createBean(AbstractAutowireCapableBeanFactory.java:525)
	at org.springframework.beans.factory.support.AbstractBeanFactory.lambda$doGetBean$0(AbstractBeanFactory.java:333)
	at org.springframework.beans.factory.support.DefaultSingletonBeanRegistry.getSingleton(DefaultSingletonBeanRegistry.java:371)
	at org.springframework.beans.factory.support.AbstractBeanFactory.doGetBean(AbstractBeanFactory.java:331)
	at org.springframework.beans.factory.support.AbstractBeanFactory.getBean(AbstractBeanFactory.java:196)
	at org.springframework.beans.factory.support.DefaultListableBeanFactory.instantiateSingleton(DefaultListableBeanFactory.java:1218)
	at org.springframework.beans.factory.support.DefaultListableBeanFactory.preInstantiateSingleton(DefaultListableBeanFactory.java:1184)
	at org.springframework.beans.factory.support.DefaultListableBeanFactory.preInstantiateSingletons(DefaultListableBeanFactory.java:1121)
	at org.springframework.context.support.AbstractApplicationContext.finishBeanFactoryInitialization(AbstractApplicationContext.java:994)
	at org.springframework.context.support.AbstractApplicationContext.refresh(AbstractApplicationContext.java:621)
	at org.springframework.boot.web.server.servlet.context.ServletWebServerApplicationContext.refresh(ServletWebServerApplicationContext.java:143)
	at org.springframework.boot.SpringApplication.refresh(SpringApplication.java:756)
	at org.springframework.boot.SpringApplication.refreshContext(SpringApplication.java:445)
	at org.springframework.boot.SpringApplication.run(SpringApplication.java:321)
	at org.springframework.boot.SpringApplication.run(SpringApplication.java:1365)
	at org.springframework.boot.SpringApplication.run(SpringApplication.java:1354)
	at com.example.springbootdemo.SpringbootdemoApplication.main(SpringbootdemoApplication.java:10)
	at java.base/jdk.internal.reflect.DirectMethodHandleAccessor.invoke(DirectMethodHandleAccessor.java:103)
	at java.base/java.lang.reflect.Method.invoke(Method.java:580)
	at org.springframework.boot.devtools.restart.RestartLauncher.run(RestartLauncher.java:52)
Caused by: java.lang.IllegalStateException: Ambiguous mapping. Cannot map 'arrayExampleController' method 
com.example.springbootdemo.controller.ArrayExampleController#traverse()
to {GET [/api/v1/arrays/traverse]}: There is already 'apiController' bean method
com.example.springbootdemo.controller.ApiController#traverse() mapped.
	at org.springframework.web.servlet.handler.AbstractHandlerMethodMapping$MappingRegistry.validateMethodMapping(AbstractHandlerMethodMapping.java:646)
	at org.springframework.web.servlet.handler.AbstractHandlerMethodMapping$MappingRegistry.register(AbstractHandlerMethodMapping.java:606)
	at org.springframework.web.servlet.handler.AbstractHandlerMethodMapping.registerHandlerMethod(AbstractHandlerMethodMapping.java:327)
	at org.springframework.web.servlet.mvc.method.annotation.RequestMappingHandlerMapping.registerHandlerMethod(RequestMappingHandlerMapping.java:459)
	at org.springframework.web.servlet.mvc.method.annotation.RequestMappingHandlerMapping.registerHandlerMethod(RequestMappingHandlerMapping.java:80)
	at org.springframework.web.servlet.handler.AbstractHandlerMethodMapping.lambda$detectHandlerMethods$1(AbstractHandlerMethodMapping.java:294)
	at java.base/java.util.LinkedHashMap.forEach(LinkedHashMap.java:986)
	at org.springframework.web.servlet.handler.AbstractHandlerMethodMapping.detectHandlerMethods(AbstractHandlerMethodMapping.java:292)
	at org.springframework.web.servlet.handler.AbstractHandlerMethodMapping.processCandidateBean(AbstractHandlerMethodMapping.java:261)
	at org.springframework.web.servlet.handler.AbstractHandlerMethodMapping.initHandlerMethods(AbstractHandlerMethodMapping.java:220)
	at org.springframework.web.servlet.handler.AbstractHandlerMethodMapping.afterPropertiesSet(AbstractHandlerMethodMapping.java:208)
	at org.springframework.web.servlet.mvc.method.annotation.RequestMappingHandlerMapping.afterPropertiesSet(RequestMappingHandlerMapping.java:158)
	at org.springframework.beans.factory.support.AbstractAutowireCapableBeanFactory.invokeInitMethods(AbstractAutowireCapableBeanFactory.java:1864)
	at org.springframework.beans.factory.support.AbstractAutowireCapableBeanFactory.initializeBean(AbstractAutowireCapableBeanFactory.java:1813)
	... 21 common frames omitted
2026-05-24 17:14:45.462 INFO  [restartedMain] o.s.d.r.c.RepositoryConfigurationDelegate - Bootstrapping Spring Data JPA repositories in DEFAULT mode.
2026-05-24 17:14:45.473 INFO  [restartedMain] o.s.d.r.c.RepositoryConfigurationDelegate - Finished Spring Data repository scanning in 9 ms. Found 1 JPA repository interface.
2026-05-24 17:14:45.565 INFO  [restartedMain] o.s.boot.tomcat.TomcatWebServer - Tomcat initialized with port 8080 (http)
2026-05-24 17:14:45.565 INFO  [restartedMain] o.a.catalina.core.StandardService - Starting service [Tomcat]
2026-05-24 17:14:45.566 INFO  [restartedMain] o.a.catalina.core.StandardEngine - Starting Servlet engine: [Apache Tomcat/11.0.21]
2026-05-24 17:14:45.573 INFO  [restartedMain] o.s.b.w.c.s.WebApplicationContextInitializer - Root WebApplicationContext: initialization completed in 293 ms
2026-05-24 17:14:45.598 INFO  [restartedMain] org.hibernate.orm.jpa - HHH008540: Processing PersistenceUnitInfo [name: default]
2026-05-24 17:14:45.624 INFO  [restartedMain] o.s.o.j.p.SpringPersistenceUnitInfo - No LoadTimeWeaver setup: ignoring JPA class transformer
2026-05-24 17:14:45.624 INFO  [restartedMain] com.zaxxer.hikari.HikariDataSource - HikariPool-178 - Starting...
2026-05-24 17:14:45.635 INFO  [restartedMain] com.zaxxer.hikari.pool.HikariPool - HikariPool-178 - Added connection com.mysql.cj.jdbc.ConnectionImpl@6865cdee
2026-05-24 17:14:45.635 INFO  [restartedMain] com.zaxxer.hikari.HikariDataSource - HikariPool-178 - Start completed.
2026-05-24 17:14:45.636 WARN  [restartedMain] org.hibernate.orm.deprecation - HHH90000025: MySQLDialect does not need to be specified explicitly using 'hibernate.dialect' (remove the property setting and it will be selected by default)
2026-05-24 17:14:45.638 INFO  [restartedMain] o.hibernate.orm.connections.pooling - HHH10001005: Database info:
	Database JDBC URL [jdbc:mysql://localhost:3306/springbootdb]
	Database driver: MySQL Connector/J
	Database dialect: MySQLDialect
	Database version: 9.6
	Default catalog/schema: springbootdb/undefined
	Autocommit mode: undefined/unknown
	Isolation level: REPEATABLE_READ [default REPEATABLE_READ]
	JDBC fetch size: none
	Pool: DataSourceConnectionProvider
	Minimum pool size: undefined/unknown
	Maximum pool size: undefined/unknown
2026-05-24 17:14:45.664 INFO  [restartedMain] org.hibernate.orm.core - HHH000489: No JTA platform available (set 'hibernate.transaction.jta.platform' to enable JTA platform integration)
2026-05-24 17:14:45.691 INFO  [restartedMain] o.s.o.j.LocalContainerEntityManagerFactoryBean - Initialized JPA EntityManagerFactory for persistence unit 'default'
2026-05-24 17:14:45.741 WARN  [restartedMain] o.s.b.j.a.JpaBaseConfiguration$JpaWebConfiguration - spring.jpa.open-in-view is enabled by default. Therefore, database queries may be performed during view rendering. Explicitly configure spring.jpa.open-in-view to disable this warning
2026-05-24 17:14:45.762 INFO  [restartedMain] o.s.s.c.a.a.c.InitializeUserDetailsBeanManagerConfigurer$InitializeUserDetailsManagerConfigurer - Global AuthenticationManager configured with UserDetailsService bean with name customUserDetailsService
2026-05-24 17:14:45.804 WARN  [restartedMain] o.s.b.w.s.s.c.AnnotationConfigServletWebServerApplicationContext - Exception encountered during context initialization - cancelling refresh attempt: org.springframework.beans.factory.BeanCreationException: Error creating bean with name 'requestMappingHandlerMapping' defined in class path resource [org/springframework/boot/webmvc/autoconfigure/WebMvcAutoConfiguration$EnableWebMvcConfiguration.class]: Ambiguous mapping. Cannot map 'arrayExampleController' method 
com.example.springbootdemo.controller.ArrayExampleController#traverse()
to {GET [/api/v1/arrays/traverse]}: There is already 'apiController' bean method
com.example.springbootdemo.controller.ApiController#traverse() mapped.
2026-05-24 17:14:45.805 INFO  [restartedMain] o.s.o.j.LocalContainerEntityManagerFactoryBean - Closing JPA EntityManagerFactory for persistence unit 'default'
2026-05-24 17:14:45.805 INFO  [restartedMain] com.zaxxer.hikari.HikariDataSource - HikariPool-178 - Shutdown initiated...
2026-05-24 17:14:45.822 INFO  [restartedMain] com.zaxxer.hikari.HikariDataSource - HikariPool-178 - Shutdown completed.
2026-05-24 17:14:45.823 INFO  [restartedMain] o.a.catalina.core.StandardService - Stopping service [Tomcat]
2026-05-24 17:14:45.827 INFO  [restartedMain] o.s.b.a.l.ConditionEvaluationReportLogger - 

Error starting ApplicationContext. To display the condition evaluation report re-run your application with 'debug' enabled.
2026-05-24 17:14:45.829 ERROR [restartedMain] o.s.boot.SpringApplication - Application run failed
org.springframework.beans.factory.BeanCreationException: Error creating bean with name 'requestMappingHandlerMapping' defined in class path resource [org/springframework/boot/webmvc/autoconfigure/WebMvcAutoConfiguration$EnableWebMvcConfiguration.class]: Ambiguous mapping. Cannot map 'arrayExampleController' method 
com.example.springbootdemo.controller.ArrayExampleController#traverse()
to {GET [/api/v1/arrays/traverse]}: There is already 'apiController' bean method
com.example.springbootdemo.controller.ApiController#traverse() mapped.
	at org.springframework.beans.factory.support.AbstractAutowireCapableBeanFactory.initializeBean(AbstractAutowireCapableBeanFactory.java:1817)
	at org.springframework.beans.factory.support.AbstractAutowireCapableBeanFactory.doCreateBean(AbstractAutowireCapableBeanFactory.java:603)
	at org.springframework.beans.factory.support.AbstractAutowireCapableBeanFactory.createBean(AbstractAutowireCapableBeanFactory.java:525)
	at org.springframework.beans.factory.support.AbstractBeanFactory.lambda$doGetBean$0(AbstractBeanFactory.java:333)
	at org.springframework.beans.factory.support.DefaultSingletonBeanRegistry.getSingleton(DefaultSingletonBeanRegistry.java:371)
	at org.springframework.beans.factory.support.AbstractBeanFactory.doGetBean(AbstractBeanFactory.java:331)
	at org.springframework.beans.factory.support.AbstractBeanFactory.getBean(AbstractBeanFactory.java:196)
	at org.springframework.beans.factory.support.DefaultListableBeanFactory.instantiateSingleton(DefaultListableBeanFactory.java:1218)
	at org.springframework.beans.factory.support.DefaultListableBeanFactory.preInstantiateSingleton(DefaultListableBeanFactory.java:1184)
	at org.springframework.beans.factory.support.DefaultListableBeanFactory.preInstantiateSingletons(DefaultListableBeanFactory.java:1121)
	at org.springframework.context.support.AbstractApplicationContext.finishBeanFactoryInitialization(AbstractApplicationContext.java:994)
	at org.springframework.context.support.AbstractApplicationContext.refresh(AbstractApplicationContext.java:621)
	at org.springframework.boot.web.server.servlet.context.ServletWebServerApplicationContext.refresh(ServletWebServerApplicationContext.java:143)
	at org.springframework.boot.SpringApplication.refresh(SpringApplication.java:756)
	at org.springframework.boot.SpringApplication.refreshContext(SpringApplication.java:445)
	at org.springframework.boot.SpringApplication.run(SpringApplication.java:321)
	at org.springframework.boot.SpringApplication.run(SpringApplication.java:1365)
	at org.springframework.boot.SpringApplication.run(SpringApplication.java:1354)
	at com.example.springbootdemo.SpringbootdemoApplication.main(SpringbootdemoApplication.java:10)
	at java.base/jdk.internal.reflect.DirectMethodHandleAccessor.invoke(DirectMethodHandleAccessor.java:103)
	at java.base/java.lang.reflect.Method.invoke(Method.java:580)
	at org.springframework.boot.devtools.restart.RestartLauncher.run(RestartLauncher.java:52)
Caused by: java.lang.IllegalStateException: Ambiguous mapping. Cannot map 'arrayExampleController' method 
com.example.springbootdemo.controller.ArrayExampleController#traverse()
to {GET [/api/v1/arrays/traverse]}: There is already 'apiController' bean method
com.example.springbootdemo.controller.ApiController#traverse() mapped.
	at org.springframework.web.servlet.handler.AbstractHandlerMethodMapping$MappingRegistry.validateMethodMapping(AbstractHandlerMethodMapping.java:646)
	at org.springframework.web.servlet.handler.AbstractHandlerMethodMapping$MappingRegistry.register(AbstractHandlerMethodMapping.java:606)
	at org.springframework.web.servlet.handler.AbstractHandlerMethodMapping.registerHandlerMethod(AbstractHandlerMethodMapping.java:327)
	at org.springframework.web.servlet.mvc.method.annotation.RequestMappingHandlerMapping.registerHandlerMethod(RequestMappingHandlerMapping.java:459)
	at org.springframework.web.servlet.mvc.method.annotation.RequestMappingHandlerMapping.registerHandlerMethod(RequestMappingHandlerMapping.java:80)
	at org.springframework.web.servlet.handler.AbstractHandlerMethodMapping.lambda$detectHandlerMethods$1(AbstractHandlerMethodMapping.java:294)
	at java.base/java.util.LinkedHashMap.forEach(LinkedHashMap.java:986)
	at org.springframework.web.servlet.handler.AbstractHandlerMethodMapping.detectHandlerMethods(AbstractHandlerMethodMapping.java:292)
	at org.springframework.web.servlet.handler.AbstractHandlerMethodMapping.processCandidateBean(AbstractHandlerMethodMapping.java:261)
	at org.springframework.web.servlet.handler.AbstractHandlerMethodMapping.initHandlerMethods(AbstractHandlerMethodMapping.java:220)
	at org.springframework.web.servlet.handler.AbstractHandlerMethodMapping.afterPropertiesSet(AbstractHandlerMethodMapping.java:208)
	at org.springframework.web.servlet.mvc.method.annotation.RequestMappingHandlerMapping.afterPropertiesSet(RequestMappingHandlerMapping.java:158)
	at org.springframework.beans.factory.support.AbstractAutowireCapableBeanFactory.invokeInitMethods(AbstractAutowireCapableBeanFactory.java:1864)
	at org.springframework.beans.factory.support.AbstractAutowireCapableBeanFactory.initializeBean(AbstractAutowireCapableBeanFactory.java:1813)
	... 21 common frames omitted
2026-05-24 17:14:49.415 INFO  [restartedMain] o.s.d.r.c.RepositoryConfigurationDelegate - Bootstrapping Spring Data JPA repositories in DEFAULT mode.
2026-05-24 17:14:49.418 INFO  [restartedMain] o.s.d.r.c.RepositoryConfigurationDelegate - Finished Spring Data repository scanning in 3 ms. Found 1 JPA repository interface.
2026-05-24 17:14:49.492 INFO  [restartedMain] o.s.boot.tomcat.TomcatWebServer - Tomcat initialized with port 8080 (http)
2026-05-24 17:14:49.493 INFO  [restartedMain] o.a.catalina.core.StandardService - Starting service [Tomcat]
2026-05-24 17:14:49.493 INFO  [restartedMain] o.a.catalina.core.StandardEngine - Starting Servlet engine: [Apache Tomcat/11.0.21]
2026-05-24 17:14:49.498 INFO  [restartedMain] o.s.b.w.c.s.WebApplicationContextInitializer - Root WebApplicationContext: initialization completed in 182 ms
2026-05-24 17:14:49.513 INFO  [restartedMain] org.hibernate.orm.jpa - HHH008540: Processing PersistenceUnitInfo [name: default]
2026-05-24 17:14:49.533 INFO  [restartedMain] o.s.o.j.p.SpringPersistenceUnitInfo - No LoadTimeWeaver setup: ignoring JPA class transformer
2026-05-24 17:14:49.534 INFO  [restartedMain] com.zaxxer.hikari.HikariDataSource - HikariPool-179 - Starting...
2026-05-24 17:14:49.545 INFO  [restartedMain] com.zaxxer.hikari.pool.HikariPool - HikariPool-179 - Added connection com.mysql.cj.jdbc.ConnectionImpl@65be7f9b
2026-05-24 17:14:49.545 INFO  [restartedMain] com.zaxxer.hikari.HikariDataSource - HikariPool-179 - Start completed.
2026-05-24 17:14:49.546 WARN  [restartedMain] org.hibernate.orm.deprecation - HHH90000025: MySQLDialect does not need to be specified explicitly using 'hibernate.dialect' (remove the property setting and it will be selected by default)
2026-05-24 17:14:49.546 INFO  [restartedMain] o.hibernate.orm.connections.pooling - HHH10001005: Database info:
	Database JDBC URL [jdbc:mysql://localhost:3306/springbootdb]
	Database driver: MySQL Connector/J
	Database dialect: MySQLDialect
	Database version: 9.6
	Default catalog/schema: springbootdb/undefined
	Autocommit mode: undefined/unknown
	Isolation level: REPEATABLE_READ [default REPEATABLE_READ]
	JDBC fetch size: none
	Pool: DataSourceConnectionProvider
	Minimum pool size: undefined/unknown
	Maximum pool size: undefined/unknown
2026-05-24 17:14:49.571 INFO  [restartedMain] org.hibernate.orm.core - HHH000489: No JTA platform available (set 'hibernate.transaction.jta.platform' to enable JTA platform integration)
2026-05-24 17:14:49.582 INFO  [restartedMain] o.s.o.j.LocalContainerEntityManagerFactoryBean - Initialized JPA EntityManagerFactory for persistence unit 'default'
2026-05-24 17:14:49.628 WARN  [restartedMain] o.s.b.j.a.JpaBaseConfiguration$JpaWebConfiguration - spring.jpa.open-in-view is enabled by default. Therefore, database queries may be performed during view rendering. Explicitly configure spring.jpa.open-in-view to disable this warning
2026-05-24 17:14:49.642 INFO  [restartedMain] o.s.s.c.a.a.c.InitializeUserDetailsBeanManagerConfigurer$InitializeUserDetailsManagerConfigurer - Global AuthenticationManager configured with UserDetailsService bean with name customUserDetailsService
2026-05-24 17:14:49.691 WARN  [restartedMain] o.s.b.w.s.s.c.AnnotationConfigServletWebServerApplicationContext - Exception encountered during context initialization - cancelling refresh attempt: org.springframework.beans.factory.BeanCreationException: Error creating bean with name 'requestMappingHandlerMapping' defined in class path resource [org/springframework/boot/webmvc/autoconfigure/WebMvcAutoConfiguration$EnableWebMvcConfiguration.class]: Ambiguous mapping. Cannot map 'arrayExampleController' method 
com.example.springbootdemo.controller.ArrayExampleController#traverse()
to {GET [/api/v1/arrays/traverse]}: There is already 'apiController' bean method
com.example.springbootdemo.controller.ApiController#traverse() mapped.
2026-05-24 17:14:49.691 INFO  [restartedMain] o.s.o.j.LocalContainerEntityManagerFactoryBean - Closing JPA EntityManagerFactory for persistence unit 'default'
2026-05-24 17:14:49.691 INFO  [restartedMain] com.zaxxer.hikari.HikariDataSource - HikariPool-179 - Shutdown initiated...
2026-05-24 17:14:49.739 INFO  [restartedMain] com.zaxxer.hikari.HikariDataSource - HikariPool-179 - Shutdown completed.
2026-05-24 17:14:49.740 INFO  [restartedMain] o.a.catalina.core.StandardService - Stopping service [Tomcat]
2026-05-24 17:14:49.741 INFO  [restartedMain] o.s.b.a.l.ConditionEvaluationReportLogger - 

Error starting ApplicationContext. To display the condition evaluation report re-run your application with 'debug' enabled.
2026-05-24 17:14:49.742 ERROR [restartedMain] o.s.boot.SpringApplication - Application run failed
org.springframework.beans.factory.BeanCreationException: Error creating bean with name 'requestMappingHandlerMapping' defined in class path resource [org/springframework/boot/webmvc/autoconfigure/WebMvcAutoConfiguration$EnableWebMvcConfiguration.class]: Ambiguous mapping. Cannot map 'arrayExampleController' method 
com.example.springbootdemo.controller.ArrayExampleController#traverse()
to {GET [/api/v1/arrays/traverse]}: There is already 'apiController' bean method
com.example.springbootdemo.controller.ApiController#traverse() mapped.
	at org.springframework.beans.factory.support.AbstractAutowireCapableBeanFactory.initializeBean(AbstractAutowireCapableBeanFactory.java:1817)
	at org.springframework.beans.factory.support.AbstractAutowireCapableBeanFactory.doCreateBean(AbstractAutowireCapableBeanFactory.java:603)
	at org.springframework.beans.factory.support.AbstractAutowireCapableBeanFactory.createBean(AbstractAutowireCapableBeanFactory.java:525)
	at org.springframework.beans.factory.support.AbstractBeanFactory.lambda$doGetBean$0(AbstractBeanFactory.java:333)
	at org.springframework.beans.factory.support.DefaultSingletonBeanRegistry.getSingleton(DefaultSingletonBeanRegistry.java:371)
	at org.springframework.beans.factory.support.AbstractBeanFactory.doGetBean(AbstractBeanFactory.java:331)
	at org.springframework.beans.factory.support.AbstractBeanFactory.getBean(AbstractBeanFactory.java:196)
	at org.springframework.beans.factory.support.DefaultListableBeanFactory.instantiateSingleton(DefaultListableBeanFactory.java:1218)
	at org.springframework.beans.factory.support.DefaultListableBeanFactory.preInstantiateSingleton(DefaultListableBeanFactory.java:1184)
	at org.springframework.beans.factory.support.DefaultListableBeanFactory.preInstantiateSingletons(DefaultListableBeanFactory.java:1121)
	at org.springframework.context.support.AbstractApplicationContext.finishBeanFactoryInitialization(AbstractApplicationContext.java:994)
	at org.springframework.context.support.AbstractApplicationContext.refresh(AbstractApplicationContext.java:621)
	at org.springframework.boot.web.server.servlet.context.ServletWebServerApplicationContext.refresh(ServletWebServerApplicationContext.java:143)
	at org.springframework.boot.SpringApplication.refresh(SpringApplication.java:756)
	at org.springframework.boot.SpringApplication.refreshContext(SpringApplication.java:445)
	at org.springframework.boot.SpringApplication.run(SpringApplication.java:321)
	at org.springframework.boot.SpringApplication.run(SpringApplication.java:1365)
	at org.springframework.boot.SpringApplication.run(SpringApplication.java:1354)
	at com.example.springbootdemo.SpringbootdemoApplication.main(SpringbootdemoApplication.java:10)
	at java.base/jdk.internal.reflect.DirectMethodHandleAccessor.invoke(DirectMethodHandleAccessor.java:103)
	at java.base/java.lang.reflect.Method.invoke(Method.java:580)
	at org.springframework.boot.devtools.restart.RestartLauncher.run(RestartLauncher.java:52)
Caused by: java.lang.IllegalStateException: Ambiguous mapping. Cannot map 'arrayExampleController' method 
com.example.springbootdemo.controller.ArrayExampleController#traverse()
to {GET [/api/v1/arrays/traverse]}: There is already 'apiController' bean method
com.example.springbootdemo.controller.ApiController#traverse() mapped.
	at org.springframework.web.servlet.handler.AbstractHandlerMethodMapping$MappingRegistry.validateMethodMapping(AbstractHandlerMethodMapping.java:646)
	at org.springframework.web.servlet.handler.AbstractHandlerMethodMapping$MappingRegistry.register(AbstractHandlerMethodMapping.java:606)
	at org.springframework.web.servlet.handler.AbstractHandlerMethodMapping.registerHandlerMethod(AbstractHandlerMethodMapping.java:327)
	at org.springframework.web.servlet.mvc.method.annotation.RequestMappingHandlerMapping.registerHandlerMethod(RequestMappingHandlerMapping.java:459)
	at org.springframework.web.servlet.mvc.method.annotation.RequestMappingHandlerMapping.registerHandlerMethod(RequestMappingHandlerMapping.java:80)
	at org.springframework.web.servlet.handler.AbstractHandlerMethodMapping.lambda$detectHandlerMethods$1(AbstractHandlerMethodMapping.java:294)
	at java.base/java.util.LinkedHashMap.forEach(LinkedHashMap.java:986)
	at org.springframework.web.servlet.handler.AbstractHandlerMethodMapping.detectHandlerMethods(AbstractHandlerMethodMapping.java:292)
	at org.springframework.web.servlet.handler.AbstractHandlerMethodMapping.processCandidateBean(AbstractHandlerMethodMapping.java:261)
	at org.springframework.web.servlet.handler.AbstractHandlerMethodMapping.initHandlerMethods(AbstractHandlerMethodMapping.java:220)
	at org.springframework.web.servlet.handler.AbstractHandlerMethodMapping.afterPropertiesSet(AbstractHandlerMethodMapping.java:208)
	at org.springframework.web.servlet.mvc.method.annotation.RequestMappingHandlerMapping.afterPropertiesSet(RequestMappingHandlerMapping.java:158)
	at org.springframework.beans.factory.support.AbstractAutowireCapableBeanFactory.invokeInitMethods(AbstractAutowireCapableBeanFactory.java:1864)
	at org.springframework.beans.factory.support.AbstractAutowireCapableBeanFactory.initializeBean(AbstractAutowireCapableBeanFactory.java:1813)
	... 21 common frames omitted
2026-05-24 17:14:51.265 INFO  [restartedMain] o.s.d.r.c.RepositoryConfigurationDelegate - Bootstrapping Spring Data JPA repositories in DEFAULT mode.
2026-05-24 17:14:51.271 INFO  [restartedMain] o.s.d.r.c.RepositoryConfigurationDelegate - Finished Spring Data repository scanning in 4 ms. Found 1 JPA repository interface.
2026-05-24 17:14:51.310 INFO  [restartedMain] o.s.boot.tomcat.TomcatWebServer - Tomcat initialized with port 8080 (http)
2026-05-24 17:14:51.311 INFO  [restartedMain] o.a.catalina.core.StandardService - Starting service [Tomcat]
2026-05-24 17:14:51.311 INFO  [restartedMain] o.a.catalina.core.StandardEngine - Starting Servlet engine: [Apache Tomcat/11.0.21]
2026-05-24 17:14:51.315 INFO  [restartedMain] o.s.b.w.c.s.WebApplicationContextInitializer - Root WebApplicationContext: initialization completed in 135 ms
2026-05-24 17:14:51.328 INFO  [restartedMain] org.hibernate.orm.jpa - HHH008540: Processing PersistenceUnitInfo [name: default]
2026-05-24 17:14:51.340 INFO  [restartedMain] o.s.o.j.p.SpringPersistenceUnitInfo - No LoadTimeWeaver setup: ignoring JPA class transformer
2026-05-24 17:14:51.341 INFO  [restartedMain] com.zaxxer.hikari.HikariDataSource - HikariPool-180 - Starting...
2026-05-24 17:14:51.348 INFO  [restartedMain] com.zaxxer.hikari.pool.HikariPool - HikariPool-180 - Added connection com.mysql.cj.jdbc.ConnectionImpl@7981f977
2026-05-24 17:14:51.349 INFO  [restartedMain] com.zaxxer.hikari.HikariDataSource - HikariPool-180 - Start completed.
2026-05-24 17:14:51.349 WARN  [restartedMain] org.hibernate.orm.deprecation - HHH90000025: MySQLDialect does not need to be specified explicitly using 'hibernate.dialect' (remove the property setting and it will be selected by default)
2026-05-24 17:14:51.350 INFO  [restartedMain] o.hibernate.orm.connections.pooling - HHH10001005: Database info:
	Database JDBC URL [jdbc:mysql://localhost:3306/springbootdb]
	Database driver: MySQL Connector/J
	Database dialect: MySQLDialect
	Database version: 9.6
	Default catalog/schema: springbootdb/undefined
	Autocommit mode: undefined/unknown
	Isolation level: REPEATABLE_READ [default REPEATABLE_READ]
	JDBC fetch size: none
	Pool: DataSourceConnectionProvider
	Minimum pool size: undefined/unknown
	Maximum pool size: undefined/unknown
2026-05-24 17:14:51.364 INFO  [restartedMain] org.hibernate.orm.core - HHH000489: No JTA platform available (set 'hibernate.transaction.jta.platform' to enable JTA platform integration)
2026-05-24 17:14:51.374 INFO  [restartedMain] o.s.o.j.LocalContainerEntityManagerFactoryBean - Initialized JPA EntityManagerFactory for persistence unit 'default'
2026-05-24 17:14:51.411 WARN  [restartedMain] o.s.b.j.a.JpaBaseConfiguration$JpaWebConfiguration - spring.jpa.open-in-view is enabled by default. Therefore, database queries may be performed during view rendering. Explicitly configure spring.jpa.open-in-view to disable this warning
2026-05-24 17:14:51.425 INFO  [restartedMain] o.s.s.c.a.a.c.InitializeUserDetailsBeanManagerConfigurer$InitializeUserDetailsManagerConfigurer - Global AuthenticationManager configured with UserDetailsService bean with name customUserDetailsService
2026-05-24 17:14:51.466 WARN  [restartedMain] o.s.b.w.s.s.c.AnnotationConfigServletWebServerApplicationContext - Exception encountered during context initialization - cancelling refresh attempt: org.springframework.beans.factory.BeanCreationException: Error creating bean with name 'requestMappingHandlerMapping' defined in class path resource [org/springframework/boot/webmvc/autoconfigure/WebMvcAutoConfiguration$EnableWebMvcConfiguration.class]: Ambiguous mapping. Cannot map 'arrayExampleController' method 
com.example.springbootdemo.controller.ArrayExampleController#traverse()
to {GET [/api/v1/arrays/traverse]}: There is already 'apiController' bean method
com.example.springbootdemo.controller.ApiController#traverse() mapped.
2026-05-24 17:14:51.467 INFO  [restartedMain] o.s.o.j.LocalContainerEntityManagerFactoryBean - Closing JPA EntityManagerFactory for persistence unit 'default'
2026-05-24 17:14:51.467 INFO  [restartedMain] com.zaxxer.hikari.HikariDataSource - HikariPool-180 - Shutdown initiated...
2026-05-24 17:14:51.495 INFO  [restartedMain] com.zaxxer.hikari.HikariDataSource - HikariPool-180 - Shutdown completed.
2026-05-24 17:14:51.495 INFO  [restartedMain] o.a.catalina.core.StandardService - Stopping service [Tomcat]
2026-05-24 17:14:51.496 INFO  [restartedMain] o.s.b.a.l.ConditionEvaluationReportLogger - 

Error starting ApplicationContext. To display the condition evaluation report re-run your application with 'debug' enabled.
2026-05-24 17:14:51.497 ERROR [restartedMain] o.s.boot.SpringApplication - Application run failed
org.springframework.beans.factory.BeanCreationException: Error creating bean with name 'requestMappingHandlerMapping' defined in class path resource [org/springframework/boot/webmvc/autoconfigure/WebMvcAutoConfiguration$EnableWebMvcConfiguration.class]: Ambiguous mapping. Cannot map 'arrayExampleController' method 
com.example.springbootdemo.controller.ArrayExampleController#traverse()
to {GET [/api/v1/arrays/traverse]}: There is already 'apiController' bean method
com.example.springbootdemo.controller.ApiController#traverse() mapped.
	at org.springframework.beans.factory.support.AbstractAutowireCapableBeanFactory.initializeBean(AbstractAutowireCapableBeanFactory.java:1817)
	at org.springframework.beans.factory.support.AbstractAutowireCapableBeanFactory.doCreateBean(AbstractAutowireCapableBeanFactory.java:603)
	at org.springframework.beans.factory.support.AbstractAutowireCapableBeanFactory.createBean(AbstractAutowireCapableBeanFactory.java:525)
	at org.springframework.beans.factory.support.AbstractBeanFactory.lambda$doGetBean$0(AbstractBeanFactory.java:333)
	at org.springframework.beans.factory.support.DefaultSingletonBeanRegistry.getSingleton(DefaultSingletonBeanRegistry.java:371)
	at org.springframework.beans.factory.support.AbstractBeanFactory.doGetBean(AbstractBeanFactory.java:331)
	at org.springframework.beans.factory.support.AbstractBeanFactory.getBean(AbstractBeanFactory.java:196)
	at org.springframework.beans.factory.support.DefaultListableBeanFactory.instantiateSingleton(DefaultListableBeanFactory.java:1218)
	at org.springframework.beans.factory.support.DefaultListableBeanFactory.preInstantiateSingleton(DefaultListableBeanFactory.java:1184)
	at org.springframework.beans.factory.support.DefaultListableBeanFactory.preInstantiateSingletons(DefaultListableBeanFactory.java:1121)
	at org.springframework.context.support.AbstractApplicationContext.finishBeanFactoryInitialization(AbstractApplicationContext.java:994)
	at org.springframework.context.support.AbstractApplicationContext.refresh(AbstractApplicationContext.java:621)
	at org.springframework.boot.web.server.servlet.context.ServletWebServerApplicationContext.refresh(ServletWebServerApplicationContext.java:143)
	at org.springframework.boot.SpringApplication.refresh(SpringApplication.java:756)
	at org.springframework.boot.SpringApplication.refreshContext(SpringApplication.java:445)
	at org.springframework.boot.SpringApplication.run(SpringApplication.java:321)
	at org.springframework.boot.SpringApplication.run(SpringApplication.java:1365)
	at org.springframework.boot.SpringApplication.run(SpringApplication.java:1354)
	at com.example.springbootdemo.SpringbootdemoApplication.main(SpringbootdemoApplication.java:10)
	at java.base/jdk.internal.reflect.DirectMethodHandleAccessor.invoke(DirectMethodHandleAccessor.java:103)
	at java.base/java.lang.reflect.Method.invoke(Method.java:580)
	at org.springframework.boot.devtools.restart.RestartLauncher.run(RestartLauncher.java:52)
Caused by: java.lang.IllegalStateException: Ambiguous mapping. Cannot map 'arrayExampleController' method 
com.example.springbootdemo.controller.ArrayExampleController#traverse()
to {GET [/api/v1/arrays/traverse]}: There is already 'apiController' bean method
com.example.springbootdemo.controller.ApiController#traverse() mapped.
	at org.springframework.web.servlet.handler.AbstractHandlerMethodMapping$MappingRegistry.validateMethodMapping(AbstractHandlerMethodMapping.java:646)
	at org.springframework.web.servlet.handler.AbstractHandlerMethodMapping$MappingRegistry.register(AbstractHandlerMethodMapping.java:606)
	at org.springframework.web.servlet.handler.AbstractHandlerMethodMapping.registerHandlerMethod(AbstractHandlerMethodMapping.java:327)
	at org.springframework.web.servlet.mvc.method.annotation.RequestMappingHandlerMapping.registerHandlerMethod(RequestMappingHandlerMapping.java:459)
	at org.springframework.web.servlet.mvc.method.annotation.RequestMappingHandlerMapping.registerHandlerMethod(RequestMappingHandlerMapping.java:80)
	at org.springframework.web.servlet.handler.AbstractHandlerMethodMapping.lambda$detectHandlerMethods$1(AbstractHandlerMethodMapping.java:294)
	at java.base/java.util.LinkedHashMap.forEach(LinkedHashMap.java:986)
	at org.springframework.web.servlet.handler.AbstractHandlerMethodMapping.detectHandlerMethods(AbstractHandlerMethodMapping.java:292)
	at org.springframework.web.servlet.handler.AbstractHandlerMethodMapping.processCandidateBean(AbstractHandlerMethodMapping.java:261)
	at org.springframework.web.servlet.handler.AbstractHandlerMethodMapping.initHandlerMethods(AbstractHandlerMethodMapping.java:220)
	at org.springframework.web.servlet.handler.AbstractHandlerMethodMapping.afterPropertiesSet(AbstractHandlerMethodMapping.java:208)
	at org.springframework.web.servlet.mvc.method.annotation.RequestMappingHandlerMapping.afterPropertiesSet(RequestMappingHandlerMapping.java:158)
	at org.springframework.beans.factory.support.AbstractAutowireCapableBeanFactory.invokeInitMethods(AbstractAutowireCapableBeanFactory.java:1864)
	at org.springframework.beans.factory.support.AbstractAutowireCapableBeanFactory.initializeBean(AbstractAutowireCapableBeanFactory.java:1813)
	... 21 common frames omitted
2026-05-24 17:15:55.536 INFO  [restartedMain] o.s.d.r.c.RepositoryConfigurationDelegate - Bootstrapping Spring Data JPA repositories in DEFAULT mode.
2026-05-24 17:15:55.546 INFO  [restartedMain] o.s.d.r.c.RepositoryConfigurationDelegate - Finished Spring Data repository scanning in 9 ms. Found 1 JPA repository interface.
2026-05-24 17:15:55.610 INFO  [restartedMain] o.s.boot.tomcat.TomcatWebServer - Tomcat initialized with port 8080 (http)
2026-05-24 17:15:55.610 INFO  [restartedMain] o.a.catalina.core.StandardService - Starting service [Tomcat]
2026-05-24 17:15:55.610 INFO  [restartedMain] o.a.catalina.core.StandardEngine - Starting Servlet engine: [Apache Tomcat/11.0.21]
2026-05-24 17:15:55.631 INFO  [restartedMain] o.s.b.w.c.s.WebApplicationContextInitializer - Root WebApplicationContext: initialization completed in 189 ms
2026-05-24 17:15:55.645 INFO  [restartedMain] org.hibernate.orm.jpa - HHH008540: Processing PersistenceUnitInfo [name: default]
2026-05-24 17:15:55.660 INFO  [restartedMain] o.s.o.j.p.SpringPersistenceUnitInfo - No LoadTimeWeaver setup: ignoring JPA class transformer
2026-05-24 17:15:55.660 INFO  [restartedMain] com.zaxxer.hikari.HikariDataSource - HikariPool-181 - Starting...
2026-05-24 17:15:55.680 INFO  [restartedMain] com.zaxxer.hikari.pool.HikariPool - HikariPool-181 - Added connection com.mysql.cj.jdbc.ConnectionImpl@688cdd90
2026-05-24 17:15:55.680 INFO  [restartedMain] com.zaxxer.hikari.HikariDataSource - HikariPool-181 - Start completed.
2026-05-24 17:15:55.681 WARN  [restartedMain] org.hibernate.orm.deprecation - HHH90000025: MySQLDialect does not need to be specified explicitly using 'hibernate.dialect' (remove the property setting and it will be selected by default)
2026-05-24 17:15:55.681 INFO  [restartedMain] o.hibernate.orm.connections.pooling - HHH10001005: Database info:
	Database JDBC URL [jdbc:mysql://localhost:3306/springbootdb]
	Database driver: MySQL Connector/J
	Database dialect: MySQLDialect
	Database version: 9.6
	Default catalog/schema: springbootdb/undefined
	Autocommit mode: undefined/unknown
	Isolation level: REPEATABLE_READ [default REPEATABLE_READ]
	JDBC fetch size: none
	Pool: DataSourceConnectionProvider
	Minimum pool size: undefined/unknown
	Maximum pool size: undefined/unknown
2026-05-24 17:15:55.706 INFO  [restartedMain] org.hibernate.orm.core - HHH000489: No JTA platform available (set 'hibernate.transaction.jta.platform' to enable JTA platform integration)
2026-05-24 17:15:55.720 INFO  [restartedMain] o.s.o.j.LocalContainerEntityManagerFactoryBean - Initialized JPA EntityManagerFactory for persistence unit 'default'
2026-05-24 17:15:55.772 WARN  [restartedMain] o.s.b.j.a.JpaBaseConfiguration$JpaWebConfiguration - spring.jpa.open-in-view is enabled by default. Therefore, database queries may be performed during view rendering. Explicitly configure spring.jpa.open-in-view to disable this warning
2026-05-24 17:15:55.791 INFO  [restartedMain] o.s.s.c.a.a.c.InitializeUserDetailsBeanManagerConfigurer$InitializeUserDetailsManagerConfigurer - Global AuthenticationManager configured with UserDetailsService bean with name customUserDetailsService
2026-05-24 17:15:55.829 WARN  [restartedMain] o.s.b.w.s.s.c.AnnotationConfigServletWebServerApplicationContext - Exception encountered during context initialization - cancelling refresh attempt: org.springframework.beans.factory.BeanCreationException: Error creating bean with name 'requestMappingHandlerMapping' defined in class path resource [org/springframework/boot/webmvc/autoconfigure/WebMvcAutoConfiguration$EnableWebMvcConfiguration.class]: Ambiguous mapping. Cannot map 'arrayExampleController' method 
com.example.springbootdemo.controller.ArrayExampleController#getPosts()
to {GET [/api/v1/arrays/posts], produces [application/json]}: There is already 'apiController' bean method
com.example.springbootdemo.controller.ApiController#getPosts() mapped.
2026-05-24 17:15:55.830 INFO  [restartedMain] o.s.o.j.LocalContainerEntityManagerFactoryBean - Closing JPA EntityManagerFactory for persistence unit 'default'
2026-05-24 17:15:55.830 INFO  [restartedMain] com.zaxxer.hikari.HikariDataSource - HikariPool-181 - Shutdown initiated...
2026-05-24 17:15:55.862 INFO  [restartedMain] com.zaxxer.hikari.HikariDataSource - HikariPool-181 - Shutdown completed.
2026-05-24 17:15:55.862 INFO  [restartedMain] o.a.catalina.core.StandardService - Stopping service [Tomcat]
2026-05-24 17:15:55.864 INFO  [restartedMain] o.s.b.a.l.ConditionEvaluationReportLogger - 

Error starting ApplicationContext. To display the condition evaluation report re-run your application with 'debug' enabled.
2026-05-24 17:15:55.864 ERROR [restartedMain] o.s.boot.SpringApplication - Application run failed
org.springframework.beans.factory.BeanCreationException: Error creating bean with name 'requestMappingHandlerMapping' defined in class path resource [org/springframework/boot/webmvc/autoconfigure/WebMvcAutoConfiguration$EnableWebMvcConfiguration.class]: Ambiguous mapping. Cannot map 'arrayExampleController' method 
com.example.springbootdemo.controller.ArrayExampleController#getPosts()
to {GET [/api/v1/arrays/posts], produces [application/json]}: There is already 'apiController' bean method
com.example.springbootdemo.controller.ApiController#getPosts() mapped.
	at org.springframework.beans.factory.support.AbstractAutowireCapableBeanFactory.initializeBean(AbstractAutowireCapableBeanFactory.java:1817)
	at org.springframework.beans.factory.support.AbstractAutowireCapableBeanFactory.doCreateBean(AbstractAutowireCapableBeanFactory.java:603)
	at org.springframework.beans.factory.support.AbstractAutowireCapableBeanFactory.createBean(AbstractAutowireCapableBeanFactory.java:525)
	at org.springframework.beans.factory.support.AbstractBeanFactory.lambda$doGetBean$0(AbstractBeanFactory.java:333)
	at org.springframework.beans.factory.support.DefaultSingletonBeanRegistry.getSingleton(DefaultSingletonBeanRegistry.java:371)
	at org.springframework.beans.factory.support.AbstractBeanFactory.doGetBean(AbstractBeanFactory.java:331)
	at org.springframework.beans.factory.support.AbstractBeanFactory.getBean(AbstractBeanFactory.java:196)
	at org.springframework.beans.factory.support.DefaultListableBeanFactory.instantiateSingleton(DefaultListableBeanFactory.java:1218)
	at org.springframework.beans.factory.support.DefaultListableBeanFactory.preInstantiateSingleton(DefaultListableBeanFactory.java:1184)
	at org.springframework.beans.factory.support.DefaultListableBeanFactory.preInstantiateSingletons(DefaultListableBeanFactory.java:1121)
	at org.springframework.context.support.AbstractApplicationContext.finishBeanFactoryInitialization(AbstractApplicationContext.java:994)
	at org.springframework.context.support.AbstractApplicationContext.refresh(AbstractApplicationContext.java:621)
	at org.springframework.boot.web.server.servlet.context.ServletWebServerApplicationContext.refresh(ServletWebServerApplicationContext.java:143)
	at org.springframework.boot.SpringApplication.refresh(SpringApplication.java:756)
	at org.springframework.boot.SpringApplication.refreshContext(SpringApplication.java:445)
	at org.springframework.boot.SpringApplication.run(SpringApplication.java:321)
	at org.springframework.boot.SpringApplication.run(SpringApplication.java:1365)
	at org.springframework.boot.SpringApplication.run(SpringApplication.java:1354)
	at com.example.springbootdemo.SpringbootdemoApplication.main(SpringbootdemoApplication.java:10)
	at java.base/jdk.internal.reflect.DirectMethodHandleAccessor.invoke(DirectMethodHandleAccessor.java:103)
	at java.base/java.lang.reflect.Method.invoke(Method.java:580)
	at org.springframework.boot.devtools.restart.RestartLauncher.run(RestartLauncher.java:52)
Caused by: java.lang.IllegalStateException: Ambiguous mapping. Cannot map 'arrayExampleController' method 
com.example.springbootdemo.controller.ArrayExampleController#getPosts()
to {GET [/api/v1/arrays/posts], produces [application/json]}: There is already 'apiController' bean method
com.example.springbootdemo.controller.ApiController#getPosts() mapped.
	at org.springframework.web.servlet.handler.AbstractHandlerMethodMapping$MappingRegistry.validateMethodMapping(AbstractHandlerMethodMapping.java:646)
	at org.springframework.web.servlet.handler.AbstractHandlerMethodMapping$MappingRegistry.register(AbstractHandlerMethodMapping.java:606)
	at org.springframework.web.servlet.handler.AbstractHandlerMethodMapping.registerHandlerMethod(AbstractHandlerMethodMapping.java:327)
	at org.springframework.web.servlet.mvc.method.annotation.RequestMappingHandlerMapping.registerHandlerMethod(RequestMappingHandlerMapping.java:459)
	at org.springframework.web.servlet.mvc.method.annotation.RequestMappingHandlerMapping.registerHandlerMethod(RequestMappingHandlerMapping.java:80)
	at org.springframework.web.servlet.handler.AbstractHandlerMethodMapping.lambda$detectHandlerMethods$1(AbstractHandlerMethodMapping.java:294)
	at java.base/java.util.LinkedHashMap.forEach(LinkedHashMap.java:986)
	at org.springframework.web.servlet.handler.AbstractHandlerMethodMapping.detectHandlerMethods(AbstractHandlerMethodMapping.java:292)
	at org.springframework.web.servlet.handler.AbstractHandlerMethodMapping.processCandidateBean(AbstractHandlerMethodMapping.java:261)
	at org.springframework.web.servlet.handler.AbstractHandlerMethodMapping.initHandlerMethods(AbstractHandlerMethodMapping.java:220)
	at org.springframework.web.servlet.handler.AbstractHandlerMethodMapping.afterPropertiesSet(AbstractHandlerMethodMapping.java:208)
	at org.springframework.web.servlet.mvc.method.annotation.RequestMappingHandlerMapping.afterPropertiesSet(RequestMappingHandlerMapping.java:158)
	at org.springframework.beans.factory.support.AbstractAutowireCapableBeanFactory.invokeInitMethods(AbstractAutowireCapableBeanFactory.java:1864)
	at org.springframework.beans.factory.support.AbstractAutowireCapableBeanFactory.initializeBean(AbstractAutowireCapableBeanFactory.java:1813)
	... 21 common frames omitted
2026-05-24 17:16:09.542 INFO  [restartedMain] o.s.d.r.c.RepositoryConfigurationDelegate - Bootstrapping Spring Data JPA repositories in DEFAULT mode.
2026-05-24 17:16:09.547 INFO  [restartedMain] o.s.d.r.c.RepositoryConfigurationDelegate - Finished Spring Data repository scanning in 4 ms. Found 1 JPA repository interface.
2026-05-24 17:16:09.631 INFO  [restartedMain] o.s.boot.tomcat.TomcatWebServer - Tomcat initialized with port 8080 (http)
2026-05-24 17:16:09.632 INFO  [restartedMain] o.a.catalina.core.StandardService - Starting service [Tomcat]
2026-05-24 17:16:09.632 INFO  [restartedMain] o.a.catalina.core.StandardEngine - Starting Servlet engine: [Apache Tomcat/11.0.21]
2026-05-24 17:16:09.640 INFO  [restartedMain] o.s.b.w.c.s.WebApplicationContextInitializer - Root WebApplicationContext: initialization completed in 258 ms
2026-05-24 17:16:09.656 INFO  [restartedMain] org.hibernate.orm.jpa - HHH008540: Processing PersistenceUnitInfo [name: default]
2026-05-24 17:16:09.670 INFO  [restartedMain] o.s.o.j.p.SpringPersistenceUnitInfo - No LoadTimeWeaver setup: ignoring JPA class transformer
2026-05-24 17:16:09.670 INFO  [restartedMain] com.zaxxer.hikari.HikariDataSource - HikariPool-182 - Starting...
2026-05-24 17:16:09.681 INFO  [restartedMain] com.zaxxer.hikari.pool.HikariPool - HikariPool-182 - Added connection com.mysql.cj.jdbc.ConnectionImpl@1fa3685f
2026-05-24 17:16:09.681 INFO  [restartedMain] com.zaxxer.hikari.HikariDataSource - HikariPool-182 - Start completed.
2026-05-24 17:16:09.682 WARN  [restartedMain] org.hibernate.orm.deprecation - HHH90000025: MySQLDialect does not need to be specified explicitly using 'hibernate.dialect' (remove the property setting and it will be selected by default)
2026-05-24 17:16:09.682 INFO  [restartedMain] o.hibernate.orm.connections.pooling - HHH10001005: Database info:
	Database JDBC URL [jdbc:mysql://localhost:3306/springbootdb]
	Database driver: MySQL Connector/J
	Database dialect: MySQLDialect
	Database version: 9.6
	Default catalog/schema: springbootdb/undefined
	Autocommit mode: undefined/unknown
	Isolation level: REPEATABLE_READ [default REPEATABLE_READ]
	JDBC fetch size: none
	Pool: DataSourceConnectionProvider
	Minimum pool size: undefined/unknown
	Maximum pool size: undefined/unknown
2026-05-24 17:16:09.707 INFO  [restartedMain] org.hibernate.orm.core - HHH000489: No JTA platform available (set 'hibernate.transaction.jta.platform' to enable JTA platform integration)
2026-05-24 17:16:09.714 INFO  [restartedMain] o.s.o.j.LocalContainerEntityManagerFactoryBean - Initialized JPA EntityManagerFactory for persistence unit 'default'
2026-05-24 17:16:09.755 WARN  [restartedMain] o.s.b.j.a.JpaBaseConfiguration$JpaWebConfiguration - spring.jpa.open-in-view is enabled by default. Therefore, database queries may be performed during view rendering. Explicitly configure spring.jpa.open-in-view to disable this warning
2026-05-24 17:16:09.772 INFO  [restartedMain] o.s.s.c.a.a.c.InitializeUserDetailsBeanManagerConfigurer$InitializeUserDetailsManagerConfigurer - Global AuthenticationManager configured with UserDetailsService bean with name customUserDetailsService
2026-05-24 17:16:09.845 INFO  [restartedMain] o.s.boot.tomcat.TomcatWebServer - Tomcat started on port 8080 (http) with context path '/'
2026-05-24 17:16:09.848 INFO  [restartedMain] o.s.b.d.a.ConditionEvaluationDeltaLoggingListener - Condition evaluation unchanged
2026-05-24 17:16:11.641 INFO  [File Watcher] o.s.b.d.a.LocalDevToolsAutoConfiguration$RestartingClassPathChangeChangedEventListener - Restarting due to 1 class path change (0 additions, 0 deletions, 1 modification)
2026-05-24 17:16:11.642 INFO  [Thread-702] o.s.boot.tomcat.GracefulShutdown - Commencing graceful shutdown. Waiting for active requests to complete
2026-05-24 17:16:11.643 INFO  [tomcat-shutdown] o.s.boot.tomcat.GracefulShutdown - Graceful shutdown complete
2026-05-24 17:16:11.644 INFO  [Thread-702] o.s.o.j.LocalContainerEntityManagerFactoryBean - Closing JPA EntityManagerFactory for persistence unit 'default'
2026-05-24 17:16:11.644 INFO  [Thread-702] com.zaxxer.hikari.HikariDataSource - HikariPool-182 - Shutdown initiated...
2026-05-24 17:16:11.645 INFO  [Thread-702] com.zaxxer.hikari.HikariDataSource - HikariPool-182 - Shutdown completed.
2026-05-24 17:16:11.756 INFO  [restartedMain] o.s.d.r.c.RepositoryConfigurationDelegate - Bootstrapping Spring Data JPA repositories in DEFAULT mode.
2026-05-24 17:16:11.759 INFO  [restartedMain] o.s.d.r.c.RepositoryConfigurationDelegate - Finished Spring Data repository scanning in 2 ms. Found 1 JPA repository interface.
2026-05-24 17:16:11.798 INFO  [restartedMain] o.s.boot.tomcat.TomcatWebServer - Tomcat initialized with port 8080 (http)
2026-05-24 17:16:11.798 INFO  [restartedMain] o.a.catalina.core.StandardService - Starting service [Tomcat]
2026-05-24 17:16:11.798 INFO  [restartedMain] o.a.catalina.core.StandardEngine - Starting Servlet engine: [Apache Tomcat/11.0.21]
2026-05-24 17:16:11.803 INFO  [restartedMain] o.s.b.w.c.s.WebApplicationContextInitializer - Root WebApplicationContext: initialization completed in 98 ms
2026-05-24 17:16:11.816 INFO  [restartedMain] org.hibernate.orm.jpa - HHH008540: Processing PersistenceUnitInfo [name: default]
2026-05-24 17:16:11.828 INFO  [restartedMain] o.s.o.j.p.SpringPersistenceUnitInfo - No LoadTimeWeaver setup: ignoring JPA class transformer
2026-05-24 17:16:11.828 INFO  [restartedMain] com.zaxxer.hikari.HikariDataSource - HikariPool-183 - Starting...
2026-05-24 17:16:11.837 INFO  [restartedMain] com.zaxxer.hikari.pool.HikariPool - HikariPool-183 - Added connection com.mysql.cj.jdbc.ConnectionImpl@6a695304
2026-05-24 17:16:11.838 INFO  [restartedMain] com.zaxxer.hikari.HikariDataSource - HikariPool-183 - Start completed.
2026-05-24 17:16:11.838 WARN  [restartedMain] org.hibernate.orm.deprecation - HHH90000025: MySQLDialect does not need to be specified explicitly using 'hibernate.dialect' (remove the property setting and it will be selected by default)
2026-05-24 17:16:11.838 INFO  [restartedMain] o.hibernate.orm.connections.pooling - HHH10001005: Database info:
	Database JDBC URL [jdbc:mysql://localhost:3306/springbootdb]
	Database driver: MySQL Connector/J
	Database dialect: MySQLDialect
	Database version: 9.6
	Default catalog/schema: springbootdb/undefined
	Autocommit mode: undefined/unknown
	Isolation level: REPEATABLE_READ [default REPEATABLE_READ]
	JDBC fetch size: none
	Pool: DataSourceConnectionProvider
	Minimum pool size: undefined/unknown
	Maximum pool size: undefined/unknown
2026-05-24 17:16:11.851 INFO  [restartedMain] org.hibernate.orm.core - HHH000489: No JTA platform available (set 'hibernate.transaction.jta.platform' to enable JTA platform integration)
2026-05-24 17:16:11.860 INFO  [restartedMain] o.s.o.j.LocalContainerEntityManagerFactoryBean - Initialized JPA EntityManagerFactory for persistence unit 'default'
2026-05-24 17:16:11.897 WARN  [restartedMain] o.s.b.j.a.JpaBaseConfiguration$JpaWebConfiguration - spring.jpa.open-in-view is enabled by default. Therefore, database queries may be performed during view rendering. Explicitly configure spring.jpa.open-in-view to disable this warning
2026-05-24 17:16:11.912 INFO  [restartedMain] o.s.s.c.a.a.c.InitializeUserDetailsBeanManagerConfigurer$InitializeUserDetailsManagerConfigurer - Global AuthenticationManager configured with UserDetailsService bean with name customUserDetailsService
2026-05-24 17:16:11.983 INFO  [restartedMain] o.s.boot.tomcat.TomcatWebServer - Tomcat started on port 8080 (http) with context path '/'
2026-05-24 17:16:11.985 INFO  [restartedMain] o.s.b.d.a.ConditionEvaluationDeltaLoggingListener - Condition evaluation unchanged
2026-05-24 17:16:26.741 INFO  [http-nio-8080-exec-1] o.a.c.c.C.[Tomcat-8].[localhost].[/] - Initializing Spring DispatcherServlet 'dispatcherServlet'
2026-05-24 17:16:26.742 INFO  [http-nio-8080-exec-1] o.s.web.servlet.DispatcherServlet - Initializing Servlet 'dispatcherServlet'
2026-05-24 17:16:26.747 INFO  [http-nio-8080-exec-1] o.s.web.servlet.DispatcherServlet - Completed initialization in 5 ms
2026-05-24 17:16:30.525 INFO  [File Watcher] o.s.b.d.a.LocalDevToolsAutoConfiguration$RestartingClassPathChangeChangedEventListener - Restarting due to 1 class path change (0 additions, 0 deletions, 1 modification)
2026-05-24 17:16:30.533 INFO  [Thread-721] o.s.boot.tomcat.GracefulShutdown - Commencing graceful shutdown. Waiting for active requests to complete
2026-05-24 17:16:30.536 INFO  [tomcat-shutdown] o.s.boot.tomcat.GracefulShutdown - Graceful shutdown complete
2026-05-24 17:16:30.539 INFO  [Thread-721] o.s.o.j.LocalContainerEntityManagerFactoryBean - Closing JPA EntityManagerFactory for persistence unit 'default'
2026-05-24 17:16:30.542 INFO  [Thread-721] com.zaxxer.hikari.HikariDataSource - HikariPool-183 - Shutdown initiated...
2026-05-24 17:16:30.547 INFO  [Thread-721] com.zaxxer.hikari.HikariDataSource - HikariPool-183 - Shutdown completed.
2026-05-24 17:16:30.713 INFO  [restartedMain] o.s.d.r.c.RepositoryConfigurationDelegate - Bootstrapping Spring Data JPA repositories in DEFAULT mode.
2026-05-24 17:16:30.716 INFO  [restartedMain] o.s.d.r.c.RepositoryConfigurationDelegate - Finished Spring Data repository scanning in 2 ms. Found 1 JPA repository interface.
2026-05-24 17:16:30.762 INFO  [restartedMain] o.s.boot.tomcat.TomcatWebServer - Tomcat initialized with port 8080 (http)
2026-05-24 17:16:30.762 INFO  [restartedMain] o.a.catalina.core.StandardService - Starting service [Tomcat]
2026-05-24 17:16:30.762 INFO  [restartedMain] o.a.catalina.core.StandardEngine - Starting Servlet engine: [Apache Tomcat/11.0.21]
2026-05-24 17:16:30.767 INFO  [restartedMain] o.s.b.w.c.s.WebApplicationContextInitializer - Root WebApplicationContext: initialization completed in 119 ms
2026-05-24 17:16:30.801 INFO  [restartedMain] org.hibernate.orm.jpa - HHH008540: Processing PersistenceUnitInfo [name: default]
2026-05-24 17:16:30.815 INFO  [restartedMain] o.s.o.j.p.SpringPersistenceUnitInfo - No LoadTimeWeaver setup: ignoring JPA class transformer
2026-05-24 17:16:30.815 INFO  [restartedMain] com.zaxxer.hikari.HikariDataSource - HikariPool-184 - Starting...
2026-05-24 17:16:30.828 INFO  [restartedMain] com.zaxxer.hikari.pool.HikariPool - HikariPool-184 - Added connection com.mysql.cj.jdbc.ConnectionImpl@10fc9144
2026-05-24 17:16:30.828 INFO  [restartedMain] com.zaxxer.hikari.HikariDataSource - HikariPool-184 - Start completed.
2026-05-24 17:16:30.829 WARN  [restartedMain] org.hibernate.orm.deprecation - HHH90000025: MySQLDialect does not need to be specified explicitly using 'hibernate.dialect' (remove the property setting and it will be selected by default)
2026-05-24 17:16:30.829 INFO  [restartedMain] o.hibernate.orm.connections.pooling - HHH10001005: Database info:
	Database JDBC URL [jdbc:mysql://localhost:3306/springbootdb]
	Database driver: MySQL Connector/J
	Database dialect: MySQLDialect
	Database version: 9.6
	Default catalog/schema: springbootdb/undefined
	Autocommit mode: undefined/unknown
	Isolation level: REPEATABLE_READ [default REPEATABLE_READ]
	JDBC fetch size: none
	Pool: DataSourceConnectionProvider
	Minimum pool size: undefined/unknown
	Maximum pool size: undefined/unknown
2026-05-24 17:16:30.844 INFO  [restartedMain] org.hibernate.orm.core - HHH000489: No JTA platform available (set 'hibernate.transaction.jta.platform' to enable JTA platform integration)
2026-05-24 17:16:30.858 INFO  [restartedMain] o.s.o.j.LocalContainerEntityManagerFactoryBean - Initialized JPA EntityManagerFactory for persistence unit 'default'
2026-05-24 17:16:30.896 WARN  [restartedMain] o.s.b.j.a.JpaBaseConfiguration$JpaWebConfiguration - spring.jpa.open-in-view is enabled by default. Therefore, database queries may be performed during view rendering. Explicitly configure spring.jpa.open-in-view to disable this warning
2026-05-24 17:16:30.911 INFO  [restartedMain] o.s.s.c.a.a.c.InitializeUserDetailsBeanManagerConfigurer$InitializeUserDetailsManagerConfigurer - Global AuthenticationManager configured with UserDetailsService bean with name customUserDetailsService
2026-05-24 17:16:30.980 INFO  [restartedMain] o.s.boot.tomcat.TomcatWebServer - Tomcat started on port 8080 (http) with context path '/'
2026-05-24 17:16:30.982 INFO  [restartedMain] o.s.b.d.a.ConditionEvaluationDeltaLoggingListener - Condition evaluation unchanged
2026-05-24 17:17:00.849 INFO  [http-nio-8080-exec-1] o.a.c.c.C.[Tomcat-8].[localhost].[/] - Initializing Spring DispatcherServlet 'dispatcherServlet'
2026-05-24 17:17:00.851 INFO  [http-nio-8080-exec-1] o.s.web.servlet.DispatcherServlet - Initializing Servlet 'dispatcherServlet'
2026-05-24 17:17:00.857 INFO  [http-nio-8080-exec-1] o.s.web.servlet.DispatcherServlet - Completed initialization in 6 ms
2026-05-24 17:17:58.056 INFO  [File Watcher] o.s.b.d.a.LocalDevToolsAutoConfiguration$RestartingClassPathChangeChangedEventListener - Restarting due to 1 class path change (0 additions, 0 deletions, 1 modification)
2026-05-24 17:17:58.060 INFO  [Thread-725] o.s.boot.tomcat.GracefulShutdown - Commencing graceful shutdown. Waiting for active requests to complete
2026-05-24 17:17:58.065 INFO  [tomcat-shutdown] o.s.boot.tomcat.GracefulShutdown - Graceful shutdown complete
2026-05-24 17:17:58.068 INFO  [Thread-725] o.s.o.j.LocalContainerEntityManagerFactoryBean - Closing JPA EntityManagerFactory for persistence unit 'default'
2026-05-24 17:17:58.069 INFO  [Thread-725] com.zaxxer.hikari.HikariDataSource - HikariPool-184 - Shutdown initiated...
2026-05-24 17:17:58.074 INFO  [Thread-725] com.zaxxer.hikari.HikariDataSource - HikariPool-184 - Shutdown completed.
2026-05-24 17:17:58.277 INFO  [restartedMain] o.s.d.r.c.RepositoryConfigurationDelegate - Bootstrapping Spring Data JPA repositories in DEFAULT mode.
2026-05-24 17:17:58.281 INFO  [restartedMain] o.s.d.r.c.RepositoryConfigurationDelegate - Finished Spring Data repository scanning in 3 ms. Found 1 JPA repository interface.
2026-05-24 17:17:58.334 INFO  [restartedMain] o.s.boot.tomcat.TomcatWebServer - Tomcat initialized with port 8080 (http)
2026-05-24 17:17:58.334 INFO  [restartedMain] o.a.catalina.core.StandardService - Starting service [Tomcat]
2026-05-24 17:17:58.334 INFO  [restartedMain] o.a.catalina.core.StandardEngine - Starting Servlet engine: [Apache Tomcat/11.0.21]
2026-05-24 17:17:58.341 INFO  [restartedMain] o.s.b.w.c.s.WebApplicationContextInitializer - Root WebApplicationContext: initialization completed in 147 ms
2026-05-24 17:17:58.360 INFO  [restartedMain] org.hibernate.orm.jpa - HHH008540: Processing PersistenceUnitInfo [name: default]
2026-05-24 17:17:58.378 INFO  [restartedMain] o.s.o.j.p.SpringPersistenceUnitInfo - No LoadTimeWeaver setup: ignoring JPA class transformer
2026-05-24 17:17:58.378 INFO  [restartedMain] com.zaxxer.hikari.HikariDataSource - HikariPool-185 - Starting...
2026-05-24 17:17:58.435 INFO  [restartedMain] com.zaxxer.hikari.pool.HikariPool - HikariPool-185 - Added connection com.mysql.cj.jdbc.ConnectionImpl@72bdcc96
2026-05-24 17:17:58.435 INFO  [restartedMain] com.zaxxer.hikari.HikariDataSource - HikariPool-185 - Start completed.
2026-05-24 17:17:58.436 WARN  [restartedMain] org.hibernate.orm.deprecation - HHH90000025: MySQLDialect does not need to be specified explicitly using 'hibernate.dialect' (remove the property setting and it will be selected by default)
2026-05-24 17:17:58.437 INFO  [restartedMain] o.hibernate.orm.connections.pooling - HHH10001005: Database info:
	Database JDBC URL [jdbc:mysql://localhost:3306/springbootdb]
	Database driver: MySQL Connector/J
	Database dialect: MySQLDialect
	Database version: 9.6
	Default catalog/schema: springbootdb/undefined
	Autocommit mode: undefined/unknown
	Isolation level: REPEATABLE_READ [default REPEATABLE_READ]
	JDBC fetch size: none
	Pool: DataSourceConnectionProvider
	Minimum pool size: undefined/unknown
	Maximum pool size: undefined/unknown
2026-05-24 17:17:58.462 INFO  [restartedMain] org.hibernate.orm.core - HHH000489: No JTA platform available (set 'hibernate.transaction.jta.platform' to enable JTA platform integration)
2026-05-24 17:17:58.483 INFO  [restartedMain] o.s.o.j.LocalContainerEntityManagerFactoryBean - Initialized JPA EntityManagerFactory for persistence unit 'default'
2026-05-24 17:17:58.524 WARN  [restartedMain] o.s.b.j.a.JpaBaseConfiguration$JpaWebConfiguration - spring.jpa.open-in-view is enabled by default. Therefore, database queries may be performed during view rendering. Explicitly configure spring.jpa.open-in-view to disable this warning
2026-05-24 17:17:58.539 INFO  [restartedMain] o.s.s.c.a.a.c.InitializeUserDetailsBeanManagerConfigurer$InitializeUserDetailsManagerConfigurer - Global AuthenticationManager configured with UserDetailsService bean with name customUserDetailsService
2026-05-24 17:17:58.610 INFO  [restartedMain] o.s.boot.tomcat.TomcatWebServer - Tomcat started on port 8080 (http) with context path '/'
2026-05-24 17:17:58.612 INFO  [restartedMain] o.s.b.d.a.ConditionEvaluationDeltaLoggingListener - Condition evaluation unchanged
2026-05-24 17:18:16.147 INFO  [File Watcher] o.s.b.d.a.LocalDevToolsAutoConfiguration$RestartingClassPathChangeChangedEventListener - Restarting due to 1 class path change (0 additions, 0 deletions, 1 modification)
2026-05-24 17:18:16.150 INFO  [Thread-729] o.s.boot.tomcat.GracefulShutdown - Commencing graceful shutdown. Waiting for active requests to complete
2026-05-24 17:18:16.152 INFO  [tomcat-shutdown] o.s.boot.tomcat.GracefulShutdown - Graceful shutdown complete
2026-05-24 17:18:16.158 INFO  [Thread-729] o.s.o.j.LocalContainerEntityManagerFactoryBean - Closing JPA EntityManagerFactory for persistence unit 'default'
2026-05-24 17:18:16.160 INFO  [Thread-729] com.zaxxer.hikari.HikariDataSource - HikariPool-185 - Shutdown initiated...
2026-05-24 17:18:16.163 INFO  [Thread-729] com.zaxxer.hikari.HikariDataSource - HikariPool-185 - Shutdown completed.
2026-05-24 17:18:16.334 INFO  [restartedMain] o.s.d.r.c.RepositoryConfigurationDelegate - Bootstrapping Spring Data JPA repositories in DEFAULT mode.
2026-05-24 17:18:16.338 INFO  [restartedMain] o.s.d.r.c.RepositoryConfigurationDelegate - Finished Spring Data repository scanning in 3 ms. Found 1 JPA repository interface.
2026-05-24 17:18:16.387 INFO  [restartedMain] o.s.boot.tomcat.TomcatWebServer - Tomcat initialized with port 8080 (http)
2026-05-24 17:18:16.387 INFO  [restartedMain] o.a.catalina.core.StandardService - Starting service [Tomcat]
2026-05-24 17:18:16.387 INFO  [restartedMain] o.a.catalina.core.StandardEngine - Starting Servlet engine: [Apache Tomcat/11.0.21]
2026-05-24 17:18:16.395 INFO  [restartedMain] o.s.b.w.c.s.WebApplicationContextInitializer - Root WebApplicationContext: initialization completed in 121 ms
2026-05-24 17:18:16.413 INFO  [restartedMain] org.hibernate.orm.jpa - HHH008540: Processing PersistenceUnitInfo [name: default]
2026-05-24 17:18:16.426 INFO  [restartedMain] o.s.o.j.p.SpringPersistenceUnitInfo - No LoadTimeWeaver setup: ignoring JPA class transformer
2026-05-24 17:18:16.427 INFO  [restartedMain] com.zaxxer.hikari.HikariDataSource - HikariPool-186 - Starting...
2026-05-24 17:18:16.435 INFO  [restartedMain] com.zaxxer.hikari.pool.HikariPool - HikariPool-186 - Added connection com.mysql.cj.jdbc.ConnectionImpl@447fd3f6
2026-05-24 17:18:16.435 INFO  [restartedMain] com.zaxxer.hikari.HikariDataSource - HikariPool-186 - Start completed.
2026-05-24 17:18:16.435 WARN  [restartedMain] org.hibernate.orm.deprecation - HHH90000025: MySQLDialect does not need to be specified explicitly using 'hibernate.dialect' (remove the property setting and it will be selected by default)
2026-05-24 17:18:16.436 INFO  [restartedMain] o.hibernate.orm.connections.pooling - HHH10001005: Database info:
	Database JDBC URL [jdbc:mysql://localhost:3306/springbootdb]
	Database driver: MySQL Connector/J
	Database dialect: MySQLDialect
	Database version: 9.6
	Default catalog/schema: springbootdb/undefined
	Autocommit mode: undefined/unknown
	Isolation level: REPEATABLE_READ [default REPEATABLE_READ]
	JDBC fetch size: none
	Pool: DataSourceConnectionProvider
	Minimum pool size: undefined/unknown
	Maximum pool size: undefined/unknown
2026-05-24 17:18:16.451 INFO  [restartedMain] org.hibernate.orm.core - HHH000489: No JTA platform available (set 'hibernate.transaction.jta.platform' to enable JTA platform integration)
2026-05-24 17:18:16.459 INFO  [restartedMain] o.s.o.j.LocalContainerEntityManagerFactoryBean - Initialized JPA EntityManagerFactory for persistence unit 'default'
2026-05-24 17:18:16.501 WARN  [restartedMain] o.s.b.j.a.JpaBaseConfiguration$JpaWebConfiguration - spring.jpa.open-in-view is enabled by default. Therefore, database queries may be performed during view rendering. Explicitly configure spring.jpa.open-in-view to disable this warning
2026-05-24 17:18:16.519 INFO  [restartedMain] o.s.s.c.a.a.c.InitializeUserDetailsBeanManagerConfigurer$InitializeUserDetailsManagerConfigurer - Global AuthenticationManager configured with UserDetailsService bean with name customUserDetailsService
2026-05-24 17:18:16.749 INFO  [restartedMain] o.s.boot.tomcat.TomcatWebServer - Tomcat started on port 8080 (http) with context path '/'
2026-05-24 17:18:16.757 INFO  [restartedMain] o.s.b.d.a.ConditionEvaluationDeltaLoggingListener - Condition evaluation unchanged
2026-05-24 17:18:18.142 INFO  [File Watcher] o.s.b.d.a.LocalDevToolsAutoConfiguration$RestartingClassPathChangeChangedEventListener - Restarting due to 1 class path change (0 additions, 0 deletions, 1 modification)
2026-05-24 17:18:18.146 INFO  [Thread-733] o.s.boot.tomcat.GracefulShutdown - Commencing graceful shutdown. Waiting for active requests to complete
2026-05-24 17:18:18.148 INFO  [tomcat-shutdown] o.s.boot.tomcat.GracefulShutdown - Graceful shutdown complete
2026-05-24 17:18:18.152 INFO  [Thread-733] o.s.o.j.LocalContainerEntityManagerFactoryBean - Closing JPA EntityManagerFactory for persistence unit 'default'
2026-05-24 17:18:18.152 INFO  [Thread-733] com.zaxxer.hikari.HikariDataSource - HikariPool-186 - Shutdown initiated...
2026-05-24 17:18:18.154 INFO  [Thread-733] com.zaxxer.hikari.HikariDataSource - HikariPool-186 - Shutdown completed.
2026-05-24 17:18:18.306 INFO  [restartedMain] o.s.d.r.c.RepositoryConfigurationDelegate - Bootstrapping Spring Data JPA repositories in DEFAULT mode.
2026-05-24 17:18:18.309 INFO  [restartedMain] o.s.d.r.c.RepositoryConfigurationDelegate - Finished Spring Data repository scanning in 2 ms. Found 1 JPA repository interface.
2026-05-24 17:18:18.352 INFO  [restartedMain] o.s.boot.tomcat.TomcatWebServer - Tomcat initialized with port 8080 (http)
2026-05-24 17:18:18.352 INFO  [restartedMain] o.a.catalina.core.StandardService - Starting service [Tomcat]
2026-05-24 17:18:18.352 INFO  [restartedMain] o.a.catalina.core.StandardEngine - Starting Servlet engine: [Apache Tomcat/11.0.21]
2026-05-24 17:18:18.360 INFO  [restartedMain] o.s.b.w.c.s.WebApplicationContextInitializer - Root WebApplicationContext: initialization completed in 113 ms
2026-05-24 17:18:18.374 INFO  [restartedMain] org.hibernate.orm.jpa - HHH008540: Processing PersistenceUnitInfo [name: default]
2026-05-24 17:18:18.386 INFO  [restartedMain] o.s.o.j.p.SpringPersistenceUnitInfo - No LoadTimeWeaver setup: ignoring JPA class transformer
2026-05-24 17:18:18.386 INFO  [restartedMain] com.zaxxer.hikari.HikariDataSource - HikariPool-187 - Starting...
2026-05-24 17:18:18.396 INFO  [restartedMain] com.zaxxer.hikari.pool.HikariPool - HikariPool-187 - Added connection com.mysql.cj.jdbc.ConnectionImpl@691a9897
2026-05-24 17:18:18.396 INFO  [restartedMain] com.zaxxer.hikari.HikariDataSource - HikariPool-187 - Start completed.
2026-05-24 17:18:18.397 WARN  [restartedMain] org.hibernate.orm.deprecation - HHH90000025: MySQLDialect does not need to be specified explicitly using 'hibernate.dialect' (remove the property setting and it will be selected by default)
2026-05-24 17:18:18.397 INFO  [restartedMain] o.hibernate.orm.connections.pooling - HHH10001005: Database info:
	Database JDBC URL [jdbc:mysql://localhost:3306/springbootdb]
	Database driver: MySQL Connector/J
	Database dialect: MySQLDialect
	Database version: 9.6
	Default catalog/schema: springbootdb/undefined
	Autocommit mode: undefined/unknown
	Isolation level: REPEATABLE_READ [default REPEATABLE_READ]
	JDBC fetch size: none
	Pool: DataSourceConnectionProvider
	Minimum pool size: undefined/unknown
	Maximum pool size: undefined/unknown
2026-05-24 17:18:18.413 INFO  [restartedMain] org.hibernate.orm.core - HHH000489: No JTA platform available (set 'hibernate.transaction.jta.platform' to enable JTA platform integration)
2026-05-24 17:18:18.425 INFO  [restartedMain] o.s.o.j.LocalContainerEntityManagerFactoryBean - Initialized JPA EntityManagerFactory for persistence unit 'default'
2026-05-24 17:18:18.464 WARN  [restartedMain] o.s.b.j.a.JpaBaseConfiguration$JpaWebConfiguration - spring.jpa.open-in-view is enabled by default. Therefore, database queries may be performed during view rendering. Explicitly configure spring.jpa.open-in-view to disable this warning
2026-05-24 17:18:18.479 INFO  [restartedMain] o.s.s.c.a.a.c.InitializeUserDetailsBeanManagerConfigurer$InitializeUserDetailsManagerConfigurer - Global AuthenticationManager configured with UserDetailsService bean with name customUserDetailsService
2026-05-24 17:18:18.598 INFO  [restartedMain] o.s.boot.tomcat.TomcatWebServer - Tomcat started on port 8080 (http) with context path '/'
2026-05-24 17:18:18.601 INFO  [restartedMain] o.s.b.d.a.ConditionEvaluationDeltaLoggingListener - Condition evaluation unchanged
2026-05-24 17:18:19.673 INFO  [http-nio-8080-exec-1] o.a.c.c.C.[Tomcat-8].[localhost].[/] - Initializing Spring DispatcherServlet 'dispatcherServlet'
2026-05-24 17:18:19.673 INFO  [http-nio-8080-exec-1] o.s.web.servlet.DispatcherServlet - Initializing Servlet 'dispatcherServlet'
2026-05-24 17:18:19.675 INFO  [http-nio-8080-exec-1] o.s.web.servlet.DispatcherServlet - Completed initialization in 2 ms
2026-05-24 17:18:23.024 INFO  [File Watcher] o.s.b.d.a.LocalDevToolsAutoConfiguration$RestartingClassPathChangeChangedEventListener - Restarting due to 1 class path change (0 additions, 0 deletions, 1 modification)
2026-05-24 17:18:23.028 INFO  [Thread-737] o.s.boot.tomcat.GracefulShutdown - Commencing graceful shutdown. Waiting for active requests to complete
2026-05-24 17:18:23.030 INFO  [tomcat-shutdown] o.s.boot.tomcat.GracefulShutdown - Graceful shutdown complete
2026-05-24 17:18:23.033 INFO  [Thread-737] o.s.o.j.LocalContainerEntityManagerFactoryBean - Closing JPA EntityManagerFactory for persistence unit 'default'
2026-05-24 17:18:23.040 INFO  [Thread-737] com.zaxxer.hikari.HikariDataSource - HikariPool-187 - Shutdown initiated...
2026-05-24 17:18:23.043 INFO  [Thread-737] com.zaxxer.hikari.HikariDataSource - HikariPool-187 - Shutdown completed.
2026-05-24 17:18:23.208 INFO  [restartedMain] o.s.d.r.c.RepositoryConfigurationDelegate - Bootstrapping Spring Data JPA repositories in DEFAULT mode.
2026-05-24 17:18:23.211 INFO  [restartedMain] o.s.d.r.c.RepositoryConfigurationDelegate - Finished Spring Data repository scanning in 3 ms. Found 1 JPA repository interface.
2026-05-24 17:18:23.257 INFO  [restartedMain] o.s.boot.tomcat.TomcatWebServer - Tomcat initialized with port 8080 (http)
2026-05-24 17:18:23.257 INFO  [restartedMain] o.a.catalina.core.StandardService - Starting service [Tomcat]
2026-05-24 17:18:23.257 INFO  [restartedMain] o.a.catalina.core.StandardEngine - Starting Servlet engine: [Apache Tomcat/11.0.21]
2026-05-24 17:18:23.262 INFO  [restartedMain] o.s.b.w.c.s.WebApplicationContextInitializer - Root WebApplicationContext: initialization completed in 115 ms
2026-05-24 17:18:23.276 INFO  [restartedMain] org.hibernate.orm.jpa - HHH008540: Processing PersistenceUnitInfo [name: default]
2026-05-24 17:18:23.289 INFO  [restartedMain] o.s.o.j.p.SpringPersistenceUnitInfo - No LoadTimeWeaver setup: ignoring JPA class transformer
2026-05-24 17:18:23.290 INFO  [restartedMain] com.zaxxer.hikari.HikariDataSource - HikariPool-188 - Starting...
2026-05-24 17:18:23.301 INFO  [restartedMain] com.zaxxer.hikari.pool.HikariPool - HikariPool-188 - Added connection com.mysql.cj.jdbc.ConnectionImpl@191b3343
2026-05-24 17:18:23.301 INFO  [restartedMain] com.zaxxer.hikari.HikariDataSource - HikariPool-188 - Start completed.
2026-05-24 17:18:23.302 WARN  [restartedMain] org.hibernate.orm.deprecation - HHH90000025: MySQLDialect does not need to be specified explicitly using 'hibernate.dialect' (remove the property setting and it will be selected by default)
2026-05-24 17:18:23.302 INFO  [restartedMain] o.hibernate.orm.connections.pooling - HHH10001005: Database info:
	Database JDBC URL [jdbc:mysql://localhost:3306/springbootdb]
	Database driver: MySQL Connector/J
	Database dialect: MySQLDialect
	Database version: 9.6
	Default catalog/schema: springbootdb/undefined
	Autocommit mode: undefined/unknown
	Isolation level: REPEATABLE_READ [default REPEATABLE_READ]
	JDBC fetch size: none
	Pool: DataSourceConnectionProvider
	Minimum pool size: undefined/unknown
	Maximum pool size: undefined/unknown
2026-05-24 17:18:23.322 INFO  [restartedMain] org.hibernate.orm.core - HHH000489: No JTA platform available (set 'hibernate.transaction.jta.platform' to enable JTA platform integration)
2026-05-24 17:18:23.331 INFO  [restartedMain] o.s.o.j.LocalContainerEntityManagerFactoryBean - Initialized JPA EntityManagerFactory for persistence unit 'default'
2026-05-24 17:18:23.368 WARN  [restartedMain] o.s.b.j.a.JpaBaseConfiguration$JpaWebConfiguration - spring.jpa.open-in-view is enabled by default. Therefore, database queries may be performed during view rendering. Explicitly configure spring.jpa.open-in-view to disable this warning
2026-05-24 17:18:23.382 INFO  [restartedMain] o.s.s.c.a.a.c.InitializeUserDetailsBeanManagerConfigurer$InitializeUserDetailsManagerConfigurer - Global AuthenticationManager configured with UserDetailsService bean with name customUserDetailsService
2026-05-24 17:18:23.456 INFO  [restartedMain] o.s.boot.tomcat.TomcatWebServer - Tomcat started on port 8080 (http) with context path '/'
2026-05-24 17:18:23.458 INFO  [restartedMain] o.s.b.d.a.ConditionEvaluationDeltaLoggingListener - Condition evaluation unchanged
2026-05-24 17:18:26.863 INFO  [File Watcher] o.s.b.d.a.LocalDevToolsAutoConfiguration$RestartingClassPathChangeChangedEventListener - Restarting due to 1 class path change (0 additions, 0 deletions, 1 modification)
2026-05-24 17:18:26.872 INFO  [Thread-741] o.s.boot.tomcat.GracefulShutdown - Commencing graceful shutdown. Waiting for active requests to complete
2026-05-24 17:18:26.874 INFO  [tomcat-shutdown] o.s.boot.tomcat.GracefulShutdown - Graceful shutdown complete
2026-05-24 17:18:26.878 INFO  [Thread-741] o.s.o.j.LocalContainerEntityManagerFactoryBean - Closing JPA EntityManagerFactory for persistence unit 'default'
2026-05-24 17:18:26.879 INFO  [Thread-741] com.zaxxer.hikari.HikariDataSource - HikariPool-188 - Shutdown initiated...
2026-05-24 17:18:26.882 INFO  [Thread-741] com.zaxxer.hikari.HikariDataSource - HikariPool-188 - Shutdown completed.
2026-05-24 17:18:27.065 INFO  [restartedMain] o.s.d.r.c.RepositoryConfigurationDelegate - Bootstrapping Spring Data JPA repositories in DEFAULT mode.
2026-05-24 17:18:27.069 INFO  [restartedMain] o.s.d.r.c.RepositoryConfigurationDelegate - Finished Spring Data repository scanning in 3 ms. Found 1 JPA repository interface.
2026-05-24 17:18:27.113 INFO  [restartedMain] o.s.boot.tomcat.TomcatWebServer - Tomcat initialized with port 8080 (http)
2026-05-24 17:18:27.113 INFO  [restartedMain] o.a.catalina.core.StandardService - Starting service [Tomcat]
2026-05-24 17:18:27.113 INFO  [restartedMain] o.a.catalina.core.StandardEngine - Starting Servlet engine: [Apache Tomcat/11.0.21]
2026-05-24 17:18:27.117 INFO  [restartedMain] o.s.b.w.c.s.WebApplicationContextInitializer - Root WebApplicationContext: initialization completed in 122 ms
2026-05-24 17:18:27.131 INFO  [restartedMain] org.hibernate.orm.jpa - HHH008540: Processing PersistenceUnitInfo [name: default]
2026-05-24 17:18:27.143 INFO  [restartedMain] o.s.o.j.p.SpringPersistenceUnitInfo - No LoadTimeWeaver setup: ignoring JPA class transformer
2026-05-24 17:18:27.144 INFO  [restartedMain] com.zaxxer.hikari.HikariDataSource - HikariPool-189 - Starting...
2026-05-24 17:18:27.155 INFO  [restartedMain] com.zaxxer.hikari.pool.HikariPool - HikariPool-189 - Added connection com.mysql.cj.jdbc.ConnectionImpl@446aeabb
2026-05-24 17:18:27.155 INFO  [restartedMain] com.zaxxer.hikari.HikariDataSource - HikariPool-189 - Start completed.
2026-05-24 17:18:27.156 WARN  [restartedMain] org.hibernate.orm.deprecation - HHH90000025: MySQLDialect does not need to be specified explicitly using 'hibernate.dialect' (remove the property setting and it will be selected by default)
2026-05-24 17:18:27.156 INFO  [restartedMain] o.hibernate.orm.connections.pooling - HHH10001005: Database info:
	Database JDBC URL [jdbc:mysql://localhost:3306/springbootdb]
	Database driver: MySQL Connector/J
	Database dialect: MySQLDialect
	Database version: 9.6
	Default catalog/schema: springbootdb/undefined
	Autocommit mode: undefined/unknown
	Isolation level: REPEATABLE_READ [default REPEATABLE_READ]
	JDBC fetch size: none
	Pool: DataSourceConnectionProvider
	Minimum pool size: undefined/unknown
	Maximum pool size: undefined/unknown
2026-05-24 17:18:27.172 INFO  [restartedMain] org.hibernate.orm.core - HHH000489: No JTA platform available (set 'hibernate.transaction.jta.platform' to enable JTA platform integration)
2026-05-24 17:18:27.180 INFO  [restartedMain] o.s.o.j.LocalContainerEntityManagerFactoryBean - Initialized JPA EntityManagerFactory for persistence unit 'default'
2026-05-24 17:18:27.220 WARN  [restartedMain] o.s.b.j.a.JpaBaseConfiguration$JpaWebConfiguration - spring.jpa.open-in-view is enabled by default. Therefore, database queries may be performed during view rendering. Explicitly configure spring.jpa.open-in-view to disable this warning
2026-05-24 17:18:27.275 INFO  [restartedMain] o.s.s.c.a.a.c.InitializeUserDetailsBeanManagerConfigurer$InitializeUserDetailsManagerConfigurer - Global AuthenticationManager configured with UserDetailsService bean with name customUserDetailsService
2026-05-24 17:18:27.377 INFO  [restartedMain] o.s.boot.tomcat.TomcatWebServer - Tomcat started on port 8080 (http) with context path '/'
2026-05-24 17:18:27.378 INFO  [restartedMain] o.s.b.d.a.ConditionEvaluationDeltaLoggingListener - Condition evaluation unchanged
2026-05-24 17:18:28.778 INFO  [File Watcher] o.s.b.d.a.LocalDevToolsAutoConfiguration$RestartingClassPathChangeChangedEventListener - Restarting due to 1 class path change (0 additions, 0 deletions, 1 modification)
2026-05-24 17:18:28.783 INFO  [Thread-745] o.s.boot.tomcat.GracefulShutdown - Commencing graceful shutdown. Waiting for active requests to complete
2026-05-24 17:18:28.788 INFO  [tomcat-shutdown] o.s.boot.tomcat.GracefulShutdown - Graceful shutdown complete
2026-05-24 17:18:28.791 INFO  [Thread-745] o.s.o.j.LocalContainerEntityManagerFactoryBean - Closing JPA EntityManagerFactory for persistence unit 'default'
2026-05-24 17:18:28.793 INFO  [Thread-745] com.zaxxer.hikari.HikariDataSource - HikariPool-189 - Shutdown initiated...
2026-05-24 17:18:28.795 INFO  [Thread-745] com.zaxxer.hikari.HikariDataSource - HikariPool-189 - Shutdown completed.
2026-05-24 17:18:28.928 INFO  [restartedMain] o.s.d.r.c.RepositoryConfigurationDelegate - Bootstrapping Spring Data JPA repositories in DEFAULT mode.
2026-05-24 17:18:28.932 INFO  [restartedMain] o.s.d.r.c.RepositoryConfigurationDelegate - Finished Spring Data repository scanning in 3 ms. Found 1 JPA repository interface.
2026-05-24 17:18:28.977 INFO  [restartedMain] o.s.boot.tomcat.TomcatWebServer - Tomcat initialized with port 8080 (http)
2026-05-24 17:18:28.977 INFO  [restartedMain] o.a.catalina.core.StandardService - Starting service [Tomcat]
2026-05-24 17:18:28.977 INFO  [restartedMain] o.a.catalina.core.StandardEngine - Starting Servlet engine: [Apache Tomcat/11.0.21]
2026-05-24 17:18:28.982 INFO  [restartedMain] o.s.b.w.c.s.WebApplicationContextInitializer - Root WebApplicationContext: initialization completed in 116 ms
2026-05-24 17:18:28.995 INFO  [restartedMain] org.hibernate.orm.jpa - HHH008540: Processing PersistenceUnitInfo [name: default]
2026-05-24 17:18:29.008 INFO  [restartedMain] o.s.o.j.p.SpringPersistenceUnitInfo - No LoadTimeWeaver setup: ignoring JPA class transformer
2026-05-24 17:18:29.008 INFO  [restartedMain] com.zaxxer.hikari.HikariDataSource - HikariPool-190 - Starting...
2026-05-24 17:18:29.016 INFO  [restartedMain] com.zaxxer.hikari.pool.HikariPool - HikariPool-190 - Added connection com.mysql.cj.jdbc.ConnectionImpl@6af2b7c
2026-05-24 17:18:29.016 INFO  [restartedMain] com.zaxxer.hikari.HikariDataSource - HikariPool-190 - Start completed.
2026-05-24 17:18:29.016 WARN  [restartedMain] org.hibernate.orm.deprecation - HHH90000025: MySQLDialect does not need to be specified explicitly using 'hibernate.dialect' (remove the property setting and it will be selected by default)
2026-05-24 17:18:29.017 INFO  [restartedMain] o.hibernate.orm.connections.pooling - HHH10001005: Database info:
	Database JDBC URL [jdbc:mysql://localhost:3306/springbootdb]
	Database driver: MySQL Connector/J
	Database dialect: MySQLDialect
	Database version: 9.6
	Default catalog/schema: springbootdb/undefined
	Autocommit mode: undefined/unknown
	Isolation level: REPEATABLE_READ [default REPEATABLE_READ]
	JDBC fetch size: none
	Pool: DataSourceConnectionProvider
	Minimum pool size: undefined/unknown
	Maximum pool size: undefined/unknown
2026-05-24 17:18:29.033 INFO  [restartedMain] org.hibernate.orm.core - HHH000489: No JTA platform available (set 'hibernate.transaction.jta.platform' to enable JTA platform integration)
2026-05-24 17:18:29.039 INFO  [restartedMain] o.s.o.j.LocalContainerEntityManagerFactoryBean - Initialized JPA EntityManagerFactory for persistence unit 'default'
2026-05-24 17:18:29.080 WARN  [restartedMain] o.s.b.j.a.JpaBaseConfiguration$JpaWebConfiguration - spring.jpa.open-in-view is enabled by default. Therefore, database queries may be performed during view rendering. Explicitly configure spring.jpa.open-in-view to disable this warning
2026-05-24 17:18:29.095 INFO  [restartedMain] o.s.s.c.a.a.c.InitializeUserDetailsBeanManagerConfigurer$InitializeUserDetailsManagerConfigurer - Global AuthenticationManager configured with UserDetailsService bean with name customUserDetailsService
2026-05-24 17:18:29.166 INFO  [restartedMain] o.s.boot.tomcat.TomcatWebServer - Tomcat started on port 8080 (http) with context path '/'
2026-05-24 17:18:29.167 INFO  [restartedMain] o.s.b.d.a.ConditionEvaluationDeltaLoggingListener - Condition evaluation unchanged
2026-05-24 17:18:30.563 INFO  [File Watcher] o.s.b.d.a.LocalDevToolsAutoConfiguration$RestartingClassPathChangeChangedEventListener - Restarting due to 1 class path change (0 additions, 0 deletions, 1 modification)
2026-05-24 17:18:30.565 INFO  [Thread-749] o.s.boot.tomcat.GracefulShutdown - Commencing graceful shutdown. Waiting for active requests to complete
2026-05-24 17:18:30.566 INFO  [tomcat-shutdown] o.s.boot.tomcat.GracefulShutdown - Graceful shutdown complete
2026-05-24 17:18:30.567 INFO  [Thread-749] o.s.o.j.LocalContainerEntityManagerFactoryBean - Closing JPA EntityManagerFactory for persistence unit 'default'
2026-05-24 17:18:30.568 INFO  [Thread-749] com.zaxxer.hikari.HikariDataSource - HikariPool-190 - Shutdown initiated...
2026-05-24 17:18:30.568 INFO  [Thread-749] com.zaxxer.hikari.HikariDataSource - HikariPool-190 - Shutdown completed.
2026-05-24 17:18:30.679 INFO  [restartedMain] o.s.d.r.c.RepositoryConfigurationDelegate - Bootstrapping Spring Data JPA repositories in DEFAULT mode.
2026-05-24 17:18:30.682 INFO  [restartedMain] o.s.d.r.c.RepositoryConfigurationDelegate - Finished Spring Data repository scanning in 2 ms. Found 1 JPA repository interface.
2026-05-24 17:18:30.723 INFO  [restartedMain] o.s.boot.tomcat.TomcatWebServer - Tomcat initialized with port 8080 (http)
2026-05-24 17:18:30.723 INFO  [restartedMain] o.a.catalina.core.StandardService - Starting service [Tomcat]
2026-05-24 17:18:30.723 INFO  [restartedMain] o.a.catalina.core.StandardEngine - Starting Servlet engine: [Apache Tomcat/11.0.21]
2026-05-24 17:18:30.727 INFO  [restartedMain] o.s.b.w.c.s.WebApplicationContextInitializer - Root WebApplicationContext: initialization completed in 102 ms
2026-05-24 17:18:30.741 INFO  [restartedMain] org.hibernate.orm.jpa - HHH008540: Processing PersistenceUnitInfo [name: default]
2026-05-24 17:18:30.752 INFO  [restartedMain] o.s.o.j.p.SpringPersistenceUnitInfo - No LoadTimeWeaver setup: ignoring JPA class transformer
2026-05-24 17:18:30.752 INFO  [restartedMain] com.zaxxer.hikari.HikariDataSource - HikariPool-191 - Starting...
2026-05-24 17:18:30.760 INFO  [restartedMain] com.zaxxer.hikari.pool.HikariPool - HikariPool-191 - Added connection com.mysql.cj.jdbc.ConnectionImpl@2a7005f9
2026-05-24 17:18:30.760 INFO  [restartedMain] com.zaxxer.hikari.HikariDataSource - HikariPool-191 - Start completed.
2026-05-24 17:18:30.761 WARN  [restartedMain] org.hibernate.orm.deprecation - HHH90000025: MySQLDialect does not need to be specified explicitly using 'hibernate.dialect' (remove the property setting and it will be selected by default)
2026-05-24 17:18:30.761 INFO  [restartedMain] o.hibernate.orm.connections.pooling - HHH10001005: Database info:
	Database JDBC URL [jdbc:mysql://localhost:3306/springbootdb]
	Database driver: MySQL Connector/J
	Database dialect: MySQLDialect
	Database version: 9.6
	Default catalog/schema: springbootdb/undefined
	Autocommit mode: undefined/unknown
	Isolation level: REPEATABLE_READ [default REPEATABLE_READ]
	JDBC fetch size: none
	Pool: DataSourceConnectionProvider
	Minimum pool size: undefined/unknown
	Maximum pool size: undefined/unknown
2026-05-24 17:18:30.775 INFO  [restartedMain] org.hibernate.orm.core - HHH000489: No JTA platform available (set 'hibernate.transaction.jta.platform' to enable JTA platform integration)
2026-05-24 17:18:30.784 INFO  [restartedMain] o.s.o.j.LocalContainerEntityManagerFactoryBean - Initialized JPA EntityManagerFactory for persistence unit 'default'
2026-05-24 17:18:30.821 WARN  [restartedMain] o.s.b.j.a.JpaBaseConfiguration$JpaWebConfiguration - spring.jpa.open-in-view is enabled by default. Therefore, database queries may be performed during view rendering. Explicitly configure spring.jpa.open-in-view to disable this warning
2026-05-24 17:18:30.837 INFO  [restartedMain] o.s.s.c.a.a.c.InitializeUserDetailsBeanManagerConfigurer$InitializeUserDetailsManagerConfigurer - Global AuthenticationManager configured with UserDetailsService bean with name customUserDetailsService
2026-05-24 17:18:30.902 INFO  [restartedMain] o.s.boot.tomcat.TomcatWebServer - Tomcat started on port 8080 (http) with context path '/'
2026-05-24 17:18:30.904 INFO  [restartedMain] o.s.b.d.a.ConditionEvaluationDeltaLoggingListener - Condition evaluation unchanged
2026-05-24 17:19:22.672 INFO  [File Watcher] o.s.b.d.a.LocalDevToolsAutoConfiguration$RestartingClassPathChangeChangedEventListener - Restarting due to 1 class path change (0 additions, 0 deletions, 1 modification)
2026-05-24 17:19:22.676 INFO  [Thread-753] o.s.boot.tomcat.GracefulShutdown - Commencing graceful shutdown. Waiting for active requests to complete
2026-05-24 17:19:22.678 INFO  [tomcat-shutdown] o.s.boot.tomcat.GracefulShutdown - Graceful shutdown complete
2026-05-24 17:19:22.681 INFO  [Thread-753] o.s.o.j.LocalContainerEntityManagerFactoryBean - Closing JPA EntityManagerFactory for persistence unit 'default'
2026-05-24 17:19:22.684 INFO  [Thread-753] com.zaxxer.hikari.HikariDataSource - HikariPool-191 - Shutdown initiated...
2026-05-24 17:19:22.687 INFO  [Thread-753] com.zaxxer.hikari.HikariDataSource - HikariPool-191 - Shutdown completed.
2026-05-24 17:19:22.873 INFO  [restartedMain] o.s.d.r.c.RepositoryConfigurationDelegate - Bootstrapping Spring Data JPA repositories in DEFAULT mode.
2026-05-24 17:19:22.887 INFO  [restartedMain] o.s.d.r.c.RepositoryConfigurationDelegate - Finished Spring Data repository scanning in 12 ms. Found 1 JPA repository interface.
2026-05-24 17:19:23.023 INFO  [restartedMain] o.s.boot.tomcat.TomcatWebServer - Tomcat initialized with port 8080 (http)
2026-05-24 17:19:23.024 INFO  [restartedMain] o.a.catalina.core.StandardService - Starting service [Tomcat]
2026-05-24 17:19:23.024 INFO  [restartedMain] o.a.catalina.core.StandardEngine - Starting Servlet engine: [Apache Tomcat/11.0.21]
2026-05-24 17:19:23.031 INFO  [restartedMain] o.s.b.w.c.s.WebApplicationContextInitializer - Root WebApplicationContext: initialization completed in 246 ms
2026-05-24 17:19:23.045 INFO  [restartedMain] org.hibernate.orm.jpa - HHH008540: Processing PersistenceUnitInfo [name: default]
2026-05-24 17:19:23.060 INFO  [restartedMain] o.s.o.j.p.SpringPersistenceUnitInfo - No LoadTimeWeaver setup: ignoring JPA class transformer
2026-05-24 17:19:23.060 INFO  [restartedMain] com.zaxxer.hikari.HikariDataSource - HikariPool-192 - Starting...
2026-05-24 17:19:23.071 INFO  [restartedMain] com.zaxxer.hikari.pool.HikariPool - HikariPool-192 - Added connection com.mysql.cj.jdbc.ConnectionImpl@655c0cdb
2026-05-24 17:19:23.072 INFO  [restartedMain] com.zaxxer.hikari.HikariDataSource - HikariPool-192 - Start completed.
2026-05-24 17:19:23.072 WARN  [restartedMain] org.hibernate.orm.deprecation - HHH90000025: MySQLDialect does not need to be specified explicitly using 'hibernate.dialect' (remove the property setting and it will be selected by default)
2026-05-24 17:19:23.073 INFO  [restartedMain] o.hibernate.orm.connections.pooling - HHH10001005: Database info:
	Database JDBC URL [jdbc:mysql://localhost:3306/springbootdb]
	Database driver: MySQL Connector/J
	Database dialect: MySQLDialect
	Database version: 9.6
	Default catalog/schema: springbootdb/undefined
	Autocommit mode: undefined/unknown
	Isolation level: REPEATABLE_READ [default REPEATABLE_READ]
	JDBC fetch size: none
	Pool: DataSourceConnectionProvider
	Minimum pool size: undefined/unknown
	Maximum pool size: undefined/unknown
2026-05-24 17:19:23.092 INFO  [restartedMain] org.hibernate.orm.core - HHH000489: No JTA platform available (set 'hibernate.transaction.jta.platform' to enable JTA platform integration)
2026-05-24 17:19:23.107 INFO  [restartedMain] o.s.o.j.LocalContainerEntityManagerFactoryBean - Initialized JPA EntityManagerFactory for persistence unit 'default'
2026-05-24 17:19:23.149 WARN  [restartedMain] o.s.b.j.a.JpaBaseConfiguration$JpaWebConfiguration - spring.jpa.open-in-view is enabled by default. Therefore, database queries may be performed during view rendering. Explicitly configure spring.jpa.open-in-view to disable this warning
2026-05-24 17:19:23.165 INFO  [restartedMain] o.s.s.c.a.a.c.InitializeUserDetailsBeanManagerConfigurer$InitializeUserDetailsManagerConfigurer - Global AuthenticationManager configured with UserDetailsService bean with name customUserDetailsService
2026-05-24 17:19:23.236 INFO  [restartedMain] o.s.boot.tomcat.TomcatWebServer - Tomcat started on port 8080 (http) with context path '/'
2026-05-24 17:19:23.238 INFO  [restartedMain] o.s.b.d.a.ConditionEvaluationDeltaLoggingListener - Condition evaluation unchanged
2026-05-24 17:19:29.081 INFO  [File Watcher] o.s.b.d.a.LocalDevToolsAutoConfiguration$RestartingClassPathChangeChangedEventListener - Restarting due to 1 class path change (0 additions, 0 deletions, 1 modification)
2026-05-24 17:19:29.093 INFO  [Thread-757] o.s.boot.tomcat.GracefulShutdown - Commencing graceful shutdown. Waiting for active requests to complete
2026-05-24 17:19:29.095 INFO  [tomcat-shutdown] o.s.boot.tomcat.GracefulShutdown - Graceful shutdown complete
2026-05-24 17:19:29.099 INFO  [Thread-757] o.s.o.j.LocalContainerEntityManagerFactoryBean - Closing JPA EntityManagerFactory for persistence unit 'default'
2026-05-24 17:19:29.106 INFO  [Thread-757] com.zaxxer.hikari.HikariDataSource - HikariPool-192 - Shutdown initiated...
2026-05-24 17:19:29.110 INFO  [Thread-757] com.zaxxer.hikari.HikariDataSource - HikariPool-192 - Shutdown completed.
2026-05-24 17:19:29.296 INFO  [restartedMain] o.s.d.r.c.RepositoryConfigurationDelegate - Bootstrapping Spring Data JPA repositories in DEFAULT mode.
2026-05-24 17:19:29.300 INFO  [restartedMain] o.s.d.r.c.RepositoryConfigurationDelegate - Finished Spring Data repository scanning in 3 ms. Found 1 JPA repository interface.
2026-05-24 17:19:29.345 INFO  [restartedMain] o.s.boot.tomcat.TomcatWebServer - Tomcat initialized with port 8080 (http)
2026-05-24 17:19:29.346 INFO  [restartedMain] o.a.catalina.core.StandardService - Starting service [Tomcat]
2026-05-24 17:19:29.346 INFO  [restartedMain] o.a.catalina.core.StandardEngine - Starting Servlet engine: [Apache Tomcat/11.0.21]
2026-05-24 17:19:29.350 INFO  [restartedMain] o.s.b.w.c.s.WebApplicationContextInitializer - Root WebApplicationContext: initialization completed in 118 ms
2026-05-24 17:19:29.364 INFO  [restartedMain] org.hibernate.orm.jpa - HHH008540: Processing PersistenceUnitInfo [name: default]
2026-05-24 17:19:29.377 INFO  [restartedMain] o.s.o.j.p.SpringPersistenceUnitInfo - No LoadTimeWeaver setup: ignoring JPA class transformer
2026-05-24 17:19:29.377 INFO  [restartedMain] com.zaxxer.hikari.HikariDataSource - HikariPool-193 - Starting...
2026-05-24 17:19:29.392 INFO  [restartedMain] com.zaxxer.hikari.pool.HikariPool - HikariPool-193 - Added connection com.mysql.cj.jdbc.ConnectionImpl@4511b868
2026-05-24 17:19:29.393 INFO  [restartedMain] com.zaxxer.hikari.HikariDataSource - HikariPool-193 - Start completed.
2026-05-24 17:19:29.393 WARN  [restartedMain] org.hibernate.orm.deprecation - HHH90000025: MySQLDialect does not need to be specified explicitly using 'hibernate.dialect' (remove the property setting and it will be selected by default)
2026-05-24 17:19:29.393 INFO  [restartedMain] o.hibernate.orm.connections.pooling - HHH10001005: Database info:
	Database JDBC URL [jdbc:mysql://localhost:3306/springbootdb]
	Database driver: MySQL Connector/J
	Database dialect: MySQLDialect
	Database version: 9.6
	Default catalog/schema: springbootdb/undefined
	Autocommit mode: undefined/unknown
	Isolation level: REPEATABLE_READ [default REPEATABLE_READ]
	JDBC fetch size: none
	Pool: DataSourceConnectionProvider
	Minimum pool size: undefined/unknown
	Maximum pool size: undefined/unknown
2026-05-24 17:19:29.411 INFO  [restartedMain] org.hibernate.orm.core - HHH000489: No JTA platform available (set 'hibernate.transaction.jta.platform' to enable JTA platform integration)
2026-05-24 17:19:29.420 INFO  [restartedMain] o.s.o.j.LocalContainerEntityManagerFactoryBean - Initialized JPA EntityManagerFactory for persistence unit 'default'
2026-05-24 17:19:29.466 WARN  [restartedMain] o.s.b.j.a.JpaBaseConfiguration$JpaWebConfiguration - spring.jpa.open-in-view is enabled by default. Therefore, database queries may be performed during view rendering. Explicitly configure spring.jpa.open-in-view to disable this warning
2026-05-24 17:19:29.494 INFO  [restartedMain] o.s.s.c.a.a.c.InitializeUserDetailsBeanManagerConfigurer$InitializeUserDetailsManagerConfigurer - Global AuthenticationManager configured with UserDetailsService bean with name customUserDetailsService
2026-05-24 17:19:29.593 INFO  [restartedMain] o.s.boot.tomcat.TomcatWebServer - Tomcat started on port 8080 (http) with context path '/'
2026-05-24 17:19:29.595 INFO  [restartedMain] o.s.b.d.a.ConditionEvaluationDeltaLoggingListener - Condition evaluation unchanged
2026-05-24 17:19:30.994 INFO  [File Watcher] o.s.b.d.a.LocalDevToolsAutoConfiguration$RestartingClassPathChangeChangedEventListener - Restarting due to 1 class path change (0 additions, 0 deletions, 1 modification)
2026-05-24 17:19:31.006 INFO  [Thread-761] o.s.boot.tomcat.GracefulShutdown - Commencing graceful shutdown. Waiting for active requests to complete
2026-05-24 17:19:31.008 INFO  [tomcat-shutdown] o.s.boot.tomcat.GracefulShutdown - Graceful shutdown complete
2026-05-24 17:19:31.010 INFO  [Thread-761] o.s.o.j.LocalContainerEntityManagerFactoryBean - Closing JPA EntityManagerFactory for persistence unit 'default'
2026-05-24 17:19:31.012 INFO  [Thread-761] com.zaxxer.hikari.HikariDataSource - HikariPool-193 - Shutdown initiated...
2026-05-24 17:19:31.014 INFO  [Thread-761] com.zaxxer.hikari.HikariDataSource - HikariPool-193 - Shutdown completed.
2026-05-24 17:19:31.194 INFO  [restartedMain] o.s.d.r.c.RepositoryConfigurationDelegate - Bootstrapping Spring Data JPA repositories in DEFAULT mode.
2026-05-24 17:19:31.197 INFO  [restartedMain] o.s.d.r.c.RepositoryConfigurationDelegate - Finished Spring Data repository scanning in 2 ms. Found 1 JPA repository interface.
2026-05-24 17:19:31.240 INFO  [restartedMain] o.s.boot.tomcat.TomcatWebServer - Tomcat initialized with port 8080 (http)
2026-05-24 17:19:31.240 INFO  [restartedMain] o.a.catalina.core.StandardService - Starting service [Tomcat]
2026-05-24 17:19:31.240 INFO  [restartedMain] o.a.catalina.core.StandardEngine - Starting Servlet engine: [Apache Tomcat/11.0.21]
2026-05-24 17:19:31.244 INFO  [restartedMain] o.s.b.w.c.s.WebApplicationContextInitializer - Root WebApplicationContext: initialization completed in 105 ms
2026-05-24 17:19:31.258 INFO  [restartedMain] org.hibernate.orm.jpa - HHH008540: Processing PersistenceUnitInfo [name: default]
2026-05-24 17:19:31.270 INFO  [restartedMain] o.s.o.j.p.SpringPersistenceUnitInfo - No LoadTimeWeaver setup: ignoring JPA class transformer
2026-05-24 17:19:31.270 INFO  [restartedMain] com.zaxxer.hikari.HikariDataSource - HikariPool-194 - Starting...
2026-05-24 17:19:31.279 INFO  [restartedMain] com.zaxxer.hikari.pool.HikariPool - HikariPool-194 - Added connection com.mysql.cj.jdbc.ConnectionImpl@7959e073
2026-05-24 17:19:31.279 INFO  [restartedMain] com.zaxxer.hikari.HikariDataSource - HikariPool-194 - Start completed.
2026-05-24 17:19:31.279 WARN  [restartedMain] org.hibernate.orm.deprecation - HHH90000025: MySQLDialect does not need to be specified explicitly using 'hibernate.dialect' (remove the property setting and it will be selected by default)
2026-05-24 17:19:31.280 INFO  [restartedMain] o.hibernate.orm.connections.pooling - HHH10001005: Database info:
	Database JDBC URL [jdbc:mysql://localhost:3306/springbootdb]
	Database driver: MySQL Connector/J
	Database dialect: MySQLDialect
	Database version: 9.6
	Default catalog/schema: springbootdb/undefined
	Autocommit mode: undefined/unknown
	Isolation level: REPEATABLE_READ [default REPEATABLE_READ]
	JDBC fetch size: none
	Pool: DataSourceConnectionProvider
	Minimum pool size: undefined/unknown
	Maximum pool size: undefined/unknown
2026-05-24 17:19:31.295 INFO  [restartedMain] org.hibernate.orm.core - HHH000489: No JTA platform available (set 'hibernate.transaction.jta.platform' to enable JTA platform integration)
2026-05-24 17:19:31.306 INFO  [restartedMain] o.s.o.j.LocalContainerEntityManagerFactoryBean - Initialized JPA EntityManagerFactory for persistence unit 'default'
2026-05-24 17:19:31.344 WARN  [restartedMain] o.s.b.j.a.JpaBaseConfiguration$JpaWebConfiguration - spring.jpa.open-in-view is enabled by default. Therefore, database queries may be performed during view rendering. Explicitly configure spring.jpa.open-in-view to disable this warning
2026-05-24 17:19:31.359 INFO  [restartedMain] o.s.s.c.a.a.c.InitializeUserDetailsBeanManagerConfigurer$InitializeUserDetailsManagerConfigurer - Global AuthenticationManager configured with UserDetailsService bean with name customUserDetailsService
2026-05-24 17:19:31.428 INFO  [restartedMain] o.s.boot.tomcat.TomcatWebServer - Tomcat started on port 8080 (http) with context path '/'
2026-05-24 17:19:31.430 INFO  [restartedMain] o.s.b.d.a.ConditionEvaluationDeltaLoggingListener - Condition evaluation unchanged
2026-05-24 17:19:36.269 INFO  [File Watcher] o.s.b.d.a.LocalDevToolsAutoConfiguration$RestartingClassPathChangeChangedEventListener - Restarting due to 1 class path change (0 additions, 0 deletions, 1 modification)
2026-05-24 17:19:36.283 INFO  [Thread-765] o.s.boot.tomcat.GracefulShutdown - Commencing graceful shutdown. Waiting for active requests to complete
2026-05-24 17:19:36.292 INFO  [tomcat-shutdown] o.s.boot.tomcat.GracefulShutdown - Graceful shutdown complete
2026-05-24 17:19:36.294 INFO  [Thread-765] o.s.o.j.LocalContainerEntityManagerFactoryBean - Closing JPA EntityManagerFactory for persistence unit 'default'
2026-05-24 17:19:36.296 INFO  [Thread-765] com.zaxxer.hikari.HikariDataSource - HikariPool-194 - Shutdown initiated...
2026-05-24 17:19:36.309 INFO  [Thread-765] com.zaxxer.hikari.HikariDataSource - HikariPool-194 - Shutdown completed.
2026-05-24 17:19:36.748 INFO  [restartedMain] o.s.d.r.c.RepositoryConfigurationDelegate - Bootstrapping Spring Data JPA repositories in DEFAULT mode.
2026-05-24 17:19:36.752 INFO  [restartedMain] o.s.d.r.c.RepositoryConfigurationDelegate - Finished Spring Data repository scanning in 2 ms. Found 1 JPA repository interface.
2026-05-24 17:19:36.806 INFO  [restartedMain] o.s.boot.tomcat.TomcatWebServer - Tomcat initialized with port 8080 (http)
2026-05-24 17:19:36.807 INFO  [restartedMain] o.a.catalina.core.StandardService - Starting service [Tomcat]
2026-05-24 17:19:36.807 INFO  [restartedMain] o.a.catalina.core.StandardEngine - Starting Servlet engine: [Apache Tomcat/11.0.21]
2026-05-24 17:19:36.815 INFO  [restartedMain] o.s.b.w.c.s.WebApplicationContextInitializer - Root WebApplicationContext: initialization completed in 140 ms
2026-05-24 17:19:36.831 INFO  [restartedMain] org.hibernate.orm.jpa - HHH008540: Processing PersistenceUnitInfo [name: default]
2026-05-24 17:19:36.850 INFO  [restartedMain] o.s.o.j.p.SpringPersistenceUnitInfo - No LoadTimeWeaver setup: ignoring JPA class transformer
2026-05-24 17:19:36.850 INFO  [restartedMain] com.zaxxer.hikari.HikariDataSource - HikariPool-195 - Starting...
2026-05-24 17:19:36.895 INFO  [restartedMain] com.zaxxer.hikari.pool.HikariPool - HikariPool-195 - Added connection com.mysql.cj.jdbc.ConnectionImpl@138df78
2026-05-24 17:19:36.895 INFO  [restartedMain] com.zaxxer.hikari.HikariDataSource - HikariPool-195 - Start completed.
2026-05-24 17:19:36.896 WARN  [restartedMain] org.hibernate.orm.deprecation - HHH90000025: MySQLDialect does not need to be specified explicitly using 'hibernate.dialect' (remove the property setting and it will be selected by default)
2026-05-24 17:19:36.897 INFO  [restartedMain] o.hibernate.orm.connections.pooling - HHH10001005: Database info:
	Database JDBC URL [jdbc:mysql://localhost:3306/springbootdb]
	Database driver: MySQL Connector/J
	Database dialect: MySQLDialect
	Database version: 9.6
	Default catalog/schema: springbootdb/undefined
	Autocommit mode: undefined/unknown
	Isolation level: REPEATABLE_READ [default REPEATABLE_READ]
	JDBC fetch size: none
	Pool: DataSourceConnectionProvider
	Minimum pool size: undefined/unknown
	Maximum pool size: undefined/unknown
2026-05-24 17:19:36.915 INFO  [restartedMain] org.hibernate.orm.core - HHH000489: No JTA platform available (set 'hibernate.transaction.jta.platform' to enable JTA platform integration)
2026-05-24 17:19:36.931 INFO  [restartedMain] o.s.o.j.LocalContainerEntityManagerFactoryBean - Initialized JPA EntityManagerFactory for persistence unit 'default'
2026-05-24 17:19:36.978 WARN  [restartedMain] o.s.b.j.a.JpaBaseConfiguration$JpaWebConfiguration - spring.jpa.open-in-view is enabled by default. Therefore, database queries may be performed during view rendering. Explicitly configure spring.jpa.open-in-view to disable this warning
2026-05-24 17:19:36.994 INFO  [restartedMain] o.s.s.c.a.a.c.InitializeUserDetailsBeanManagerConfigurer$InitializeUserDetailsManagerConfigurer - Global AuthenticationManager configured with UserDetailsService bean with name customUserDetailsService
2026-05-24 17:19:37.066 INFO  [restartedMain] o.s.boot.tomcat.TomcatWebServer - Tomcat started on port 8080 (http) with context path '/'
2026-05-24 17:19:37.068 INFO  [restartedMain] o.s.b.d.a.ConditionEvaluationDeltaLoggingListener - Condition evaluation unchanged
2026-05-24 17:19:39.237 INFO  [http-nio-8080-exec-1] o.a.c.c.C.[Tomcat-8].[localhost].[/] - Initializing Spring DispatcherServlet 'dispatcherServlet'
2026-05-24 17:19:39.237 INFO  [http-nio-8080-exec-1] o.s.web.servlet.DispatcherServlet - Initializing Servlet 'dispatcherServlet'
2026-05-24 17:19:39.239 INFO  [http-nio-8080-exec-1] o.s.web.servlet.DispatcherServlet - Completed initialization in 2 ms
2026-05-24 17:19:51.567 INFO  [File Watcher] o.s.b.d.a.LocalDevToolsAutoConfiguration$RestartingClassPathChangeChangedEventListener - Restarting due to 1 class path change (0 additions, 0 deletions, 1 modification)
2026-05-24 17:19:51.575 INFO  [Thread-769] o.s.boot.tomcat.GracefulShutdown - Commencing graceful shutdown. Waiting for active requests to complete
2026-05-24 17:19:51.578 INFO  [tomcat-shutdown] o.s.boot.tomcat.GracefulShutdown - Graceful shutdown complete
2026-05-24 17:19:51.584 INFO  [Thread-769] o.s.o.j.LocalContainerEntityManagerFactoryBean - Closing JPA EntityManagerFactory for persistence unit 'default'
2026-05-24 17:19:51.590 INFO  [Thread-769] com.zaxxer.hikari.HikariDataSource - HikariPool-195 - Shutdown initiated...
2026-05-24 17:19:51.652 INFO  [Thread-769] com.zaxxer.hikari.HikariDataSource - HikariPool-195 - Shutdown completed.
2026-05-24 17:19:51.843 INFO  [restartedMain] o.s.d.r.c.RepositoryConfigurationDelegate - Bootstrapping Spring Data JPA repositories in DEFAULT mode.
2026-05-24 17:19:51.846 INFO  [restartedMain] o.s.d.r.c.RepositoryConfigurationDelegate - Finished Spring Data repository scanning in 3 ms. Found 1 JPA repository interface.
2026-05-24 17:19:51.951 INFO  [restartedMain] o.s.boot.tomcat.TomcatWebServer - Tomcat initialized with port 8080 (http)
2026-05-24 17:19:51.952 INFO  [restartedMain] o.a.catalina.core.StandardService - Starting service [Tomcat]
2026-05-24 17:19:51.952 INFO  [restartedMain] o.a.catalina.core.StandardEngine - Starting Servlet engine: [Apache Tomcat/11.0.21]
2026-05-24 17:19:51.973 INFO  [restartedMain] o.s.b.w.c.s.WebApplicationContextInitializer - Root WebApplicationContext: initialization completed in 202 ms
2026-05-24 17:19:52.107 INFO  [restartedMain] org.hibernate.orm.jpa - HHH008540: Processing PersistenceUnitInfo [name: default]
2026-05-24 17:19:52.157 INFO  [restartedMain] o.s.o.j.p.SpringPersistenceUnitInfo - No LoadTimeWeaver setup: ignoring JPA class transformer
2026-05-24 17:19:52.159 INFO  [restartedMain] com.zaxxer.hikari.HikariDataSource - HikariPool-196 - Starting...
2026-05-24 17:19:52.225 INFO  [restartedMain] com.zaxxer.hikari.pool.HikariPool - HikariPool-196 - Added connection com.mysql.cj.jdbc.ConnectionImpl@37e34c7
2026-05-24 17:19:52.228 INFO  [restartedMain] com.zaxxer.hikari.HikariDataSource - HikariPool-196 - Start completed.
2026-05-24 17:19:52.236 WARN  [restartedMain] org.hibernate.orm.deprecation - HHH90000025: MySQLDialect does not need to be specified explicitly using 'hibernate.dialect' (remove the property setting and it will be selected by default)
2026-05-24 17:19:52.239 INFO  [restartedMain] o.hibernate.orm.connections.pooling - HHH10001005: Database info:
	Database JDBC URL [jdbc:mysql://localhost:3306/springbootdb]
	Database driver: MySQL Connector/J
	Database dialect: MySQLDialect
	Database version: 9.6
	Default catalog/schema: springbootdb/undefined
	Autocommit mode: undefined/unknown
	Isolation level: REPEATABLE_READ [default REPEATABLE_READ]
	JDBC fetch size: none
	Pool: DataSourceConnectionProvider
	Minimum pool size: undefined/unknown
	Maximum pool size: undefined/unknown
2026-05-24 17:19:52.312 INFO  [restartedMain] org.hibernate.orm.core - HHH000489: No JTA platform available (set 'hibernate.transaction.jta.platform' to enable JTA platform integration)
2026-05-24 17:19:52.330 INFO  [restartedMain] o.s.o.j.LocalContainerEntityManagerFactoryBean - Initialized JPA EntityManagerFactory for persistence unit 'default'
2026-05-24 17:19:52.406 WARN  [restartedMain] o.s.b.j.a.JpaBaseConfiguration$JpaWebConfiguration - spring.jpa.open-in-view is enabled by default. Therefore, database queries may be performed during view rendering. Explicitly configure spring.jpa.open-in-view to disable this warning
2026-05-24 17:19:52.426 INFO  [restartedMain] o.s.s.c.a.a.c.InitializeUserDetailsBeanManagerConfigurer$InitializeUserDetailsManagerConfigurer - Global AuthenticationManager configured with UserDetailsService bean with name customUserDetailsService
2026-05-24 17:19:52.499 INFO  [restartedMain] o.s.boot.tomcat.TomcatWebServer - Tomcat started on port 8080 (http) with context path '/'
2026-05-24 17:19:52.502 INFO  [restartedMain] o.s.b.d.a.ConditionEvaluationDeltaLoggingListener - Condition evaluation unchanged
2026-05-24 17:19:53.912 INFO  [File Watcher] o.s.b.d.a.LocalDevToolsAutoConfiguration$RestartingClassPathChangeChangedEventListener - Restarting due to 1 class path change (0 additions, 0 deletions, 1 modification)
2026-05-24 17:19:53.930 INFO  [Thread-773] o.s.boot.tomcat.GracefulShutdown - Commencing graceful shutdown. Waiting for active requests to complete
2026-05-24 17:19:53.933 INFO  [tomcat-shutdown] o.s.boot.tomcat.GracefulShutdown - Graceful shutdown complete
2026-05-24 17:19:53.936 INFO  [Thread-773] o.s.o.j.LocalContainerEntityManagerFactoryBean - Closing JPA EntityManagerFactory for persistence unit 'default'
2026-05-24 17:19:53.941 INFO  [Thread-773] com.zaxxer.hikari.HikariDataSource - HikariPool-196 - Shutdown initiated...
2026-05-24 17:19:53.944 INFO  [Thread-773] com.zaxxer.hikari.HikariDataSource - HikariPool-196 - Shutdown completed.
2026-05-24 17:19:54.191 INFO  [restartedMain] o.s.d.r.c.RepositoryConfigurationDelegate - Bootstrapping Spring Data JPA repositories in DEFAULT mode.
2026-05-24 17:19:54.194 INFO  [restartedMain] o.s.d.r.c.RepositoryConfigurationDelegate - Finished Spring Data repository scanning in 2 ms. Found 1 JPA repository interface.
2026-05-24 17:19:54.236 INFO  [restartedMain] o.s.boot.tomcat.TomcatWebServer - Tomcat initialized with port 8080 (http)
2026-05-24 17:19:54.236 INFO  [restartedMain] o.a.catalina.core.StandardService - Starting service [Tomcat]
2026-05-24 17:19:54.236 INFO  [restartedMain] o.a.catalina.core.StandardEngine - Starting Servlet engine: [Apache Tomcat/11.0.21]
2026-05-24 17:19:54.243 INFO  [restartedMain] o.s.b.w.c.s.WebApplicationContextInitializer - Root WebApplicationContext: initialization completed in 132 ms
2026-05-24 17:19:54.258 INFO  [restartedMain] org.hibernate.orm.jpa - HHH008540: Processing PersistenceUnitInfo [name: default]
2026-05-24 17:19:54.273 INFO  [restartedMain] o.s.o.j.p.SpringPersistenceUnitInfo - No LoadTimeWeaver setup: ignoring JPA class transformer
2026-05-24 17:19:54.274 INFO  [restartedMain] com.zaxxer.hikari.HikariDataSource - HikariPool-197 - Starting...
2026-05-24 17:19:54.472 INFO  [restartedMain] com.zaxxer.hikari.pool.HikariPool - HikariPool-197 - Added connection com.mysql.cj.jdbc.ConnectionImpl@679d2a80
2026-05-24 17:19:54.473 INFO  [restartedMain] com.zaxxer.hikari.HikariDataSource - HikariPool-197 - Start completed.
2026-05-24 17:19:54.793 WARN  [restartedMain] org.hibernate.orm.deprecation - HHH90000025: MySQLDialect does not need to be specified explicitly using 'hibernate.dialect' (remove the property setting and it will be selected by default)
2026-05-24 17:19:54.807 INFO  [restartedMain] o.hibernate.orm.connections.pooling - HHH10001005: Database info:
	Database JDBC URL [jdbc:mysql://localhost:3306/springbootdb]
	Database driver: MySQL Connector/J
	Database dialect: MySQLDialect
	Database version: 9.6
	Default catalog/schema: springbootdb/undefined
	Autocommit mode: undefined/unknown
	Isolation level: REPEATABLE_READ [default REPEATABLE_READ]
	JDBC fetch size: none
	Pool: DataSourceConnectionProvider
	Minimum pool size: undefined/unknown
	Maximum pool size: undefined/unknown
2026-05-24 17:19:54.879 INFO  [restartedMain] org.hibernate.orm.core - HHH000489: No JTA platform available (set 'hibernate.transaction.jta.platform' to enable JTA platform integration)
2026-05-24 17:19:54.947 INFO  [restartedMain] o.s.o.j.LocalContainerEntityManagerFactoryBean - Initialized JPA EntityManagerFactory for persistence unit 'default'
2026-05-24 17:19:55.190 WARN  [restartedMain] o.s.b.j.a.JpaBaseConfiguration$JpaWebConfiguration - spring.jpa.open-in-view is enabled by default. Therefore, database queries may be performed during view rendering. Explicitly configure spring.jpa.open-in-view to disable this warning
2026-05-24 17:19:55.214 INFO  [restartedMain] o.s.s.c.a.a.c.InitializeUserDetailsBeanManagerConfigurer$InitializeUserDetailsManagerConfigurer - Global AuthenticationManager configured with UserDetailsService bean with name customUserDetailsService
2026-05-24 17:19:55.319 INFO  [restartedMain] o.s.boot.tomcat.TomcatWebServer - Tomcat started on port 8080 (http) with context path '/'
2026-05-24 17:19:55.323 INFO  [restartedMain] o.s.b.d.a.ConditionEvaluationDeltaLoggingListener - Condition evaluation unchanged
2026-05-24 17:20:00.754 INFO  [File Watcher] o.s.b.d.a.LocalDevToolsAutoConfiguration$RestartingClassPathChangeChangedEventListener - Restarting due to 1 class path change (0 additions, 0 deletions, 1 modification)
2026-05-24 17:20:00.764 INFO  [Thread-777] o.s.boot.tomcat.GracefulShutdown - Commencing graceful shutdown. Waiting for active requests to complete
2026-05-24 17:20:00.769 INFO  [tomcat-shutdown] o.s.boot.tomcat.GracefulShutdown - Graceful shutdown complete
2026-05-24 17:20:00.776 INFO  [Thread-777] o.s.o.j.LocalContainerEntityManagerFactoryBean - Closing JPA EntityManagerFactory for persistence unit 'default'
2026-05-24 17:20:00.777 INFO  [Thread-777] com.zaxxer.hikari.HikariDataSource - HikariPool-197 - Shutdown initiated...
2026-05-24 17:20:00.781 INFO  [Thread-777] com.zaxxer.hikari.HikariDataSource - HikariPool-197 - Shutdown completed.
2026-05-24 17:20:01.000 INFO  [restartedMain] o.s.d.r.c.RepositoryConfigurationDelegate - Bootstrapping Spring Data JPA repositories in DEFAULT mode.
2026-05-24 17:20:01.004 INFO  [restartedMain] o.s.d.r.c.RepositoryConfigurationDelegate - Finished Spring Data repository scanning in 3 ms. Found 1 JPA repository interface.
2026-05-24 17:20:01.052 INFO  [restartedMain] o.s.boot.tomcat.TomcatWebServer - Tomcat initialized with port 8080 (http)
2026-05-24 17:20:01.053 INFO  [restartedMain] o.a.catalina.core.StandardService - Starting service [Tomcat]
2026-05-24 17:20:01.053 INFO  [restartedMain] o.a.catalina.core.StandardEngine - Starting Servlet engine: [Apache Tomcat/11.0.21]
2026-05-24 17:20:01.059 INFO  [restartedMain] o.s.b.w.c.s.WebApplicationContextInitializer - Root WebApplicationContext: initialization completed in 144 ms
2026-05-24 17:20:01.074 INFO  [restartedMain] org.hibernate.orm.jpa - HHH008540: Processing PersistenceUnitInfo [name: default]
2026-05-24 17:20:01.089 INFO  [restartedMain] o.s.o.j.p.SpringPersistenceUnitInfo - No LoadTimeWeaver setup: ignoring JPA class transformer
2026-05-24 17:20:01.090 INFO  [restartedMain] com.zaxxer.hikari.HikariDataSource - HikariPool-198 - Starting...
2026-05-24 17:20:01.099 INFO  [restartedMain] com.zaxxer.hikari.pool.HikariPool - HikariPool-198 - Added connection com.mysql.cj.jdbc.ConnectionImpl@687c5842
2026-05-24 17:20:01.099 INFO  [restartedMain] com.zaxxer.hikari.HikariDataSource - HikariPool-198 - Start completed.
2026-05-24 17:20:01.100 WARN  [restartedMain] org.hibernate.orm.deprecation - HHH90000025: MySQLDialect does not need to be specified explicitly using 'hibernate.dialect' (remove the property setting and it will be selected by default)
2026-05-24 17:20:01.100 INFO  [restartedMain] o.hibernate.orm.connections.pooling - HHH10001005: Database info:
	Database JDBC URL [jdbc:mysql://localhost:3306/springbootdb]
	Database driver: MySQL Connector/J
	Database dialect: MySQLDialect
	Database version: 9.6
	Default catalog/schema: springbootdb/undefined
	Autocommit mode: undefined/unknown
	Isolation level: REPEATABLE_READ [default REPEATABLE_READ]
	JDBC fetch size: none
	Pool: DataSourceConnectionProvider
	Minimum pool size: undefined/unknown
	Maximum pool size: undefined/unknown
2026-05-24 17:20:01.116 INFO  [restartedMain] org.hibernate.orm.core - HHH000489: No JTA platform available (set 'hibernate.transaction.jta.platform' to enable JTA platform integration)
2026-05-24 17:20:01.125 INFO  [restartedMain] o.s.o.j.LocalContainerEntityManagerFactoryBean - Initialized JPA EntityManagerFactory for persistence unit 'default'
2026-05-24 17:20:01.163 WARN  [restartedMain] o.s.b.j.a.JpaBaseConfiguration$JpaWebConfiguration - spring.jpa.open-in-view is enabled by default. Therefore, database queries may be performed during view rendering. Explicitly configure spring.jpa.open-in-view to disable this warning
2026-05-24 17:20:01.179 INFO  [restartedMain] o.s.s.c.a.a.c.InitializeUserDetailsBeanManagerConfigurer$InitializeUserDetailsManagerConfigurer - Global AuthenticationManager configured with UserDetailsService bean with name customUserDetailsService
2026-05-24 17:20:01.250 INFO  [restartedMain] o.s.boot.tomcat.TomcatWebServer - Tomcat started on port 8080 (http) with context path '/'
2026-05-24 17:20:01.252 INFO  [restartedMain] o.s.b.d.a.ConditionEvaluationDeltaLoggingListener - Condition evaluation unchanged
2026-05-24 17:20:03.677 INFO  [File Watcher] o.s.b.d.a.LocalDevToolsAutoConfiguration$RestartingClassPathChangeChangedEventListener - Restarting due to 1 class path change (0 additions, 0 deletions, 1 modification)
2026-05-24 17:20:03.682 INFO  [Thread-781] o.s.boot.tomcat.GracefulShutdown - Commencing graceful shutdown. Waiting for active requests to complete
2026-05-24 17:20:03.684 INFO  [tomcat-shutdown] o.s.boot.tomcat.GracefulShutdown - Graceful shutdown complete
2026-05-24 17:20:03.689 INFO  [Thread-781] o.s.o.j.LocalContainerEntityManagerFactoryBean - Closing JPA EntityManagerFactory for persistence unit 'default'
2026-05-24 17:20:03.691 INFO  [Thread-781] com.zaxxer.hikari.HikariDataSource - HikariPool-198 - Shutdown initiated...
2026-05-24 17:20:03.694 INFO  [Thread-781] com.zaxxer.hikari.HikariDataSource - HikariPool-198 - Shutdown completed.
2026-05-24 17:20:03.887 INFO  [restartedMain] o.s.d.r.c.RepositoryConfigurationDelegate - Bootstrapping Spring Data JPA repositories in DEFAULT mode.
2026-05-24 17:20:03.906 INFO  [restartedMain] o.s.d.r.c.RepositoryConfigurationDelegate - Finished Spring Data repository scanning in 14 ms. Found 1 JPA repository interface.
2026-05-24 17:20:04.009 INFO  [restartedMain] o.s.boot.tomcat.TomcatWebServer - Tomcat initialized with port 8080 (http)
2026-05-24 17:20:04.010 INFO  [restartedMain] o.a.catalina.core.StandardService - Starting service [Tomcat]
2026-05-24 17:20:04.010 INFO  [restartedMain] o.a.catalina.core.StandardEngine - Starting Servlet engine: [Apache Tomcat/11.0.21]
2026-05-24 17:20:04.018 INFO  [restartedMain] o.s.b.w.c.s.WebApplicationContextInitializer - Root WebApplicationContext: initialization completed in 187 ms
2026-05-24 17:20:04.050 INFO  [restartedMain] org.hibernate.orm.jpa - HHH008540: Processing PersistenceUnitInfo [name: default]
2026-05-24 17:20:04.068 INFO  [restartedMain] o.s.o.j.p.SpringPersistenceUnitInfo - No LoadTimeWeaver setup: ignoring JPA class transformer
2026-05-24 17:20:04.069 INFO  [restartedMain] com.zaxxer.hikari.HikariDataSource - HikariPool-199 - Starting...
2026-05-24 17:20:04.083 INFO  [restartedMain] com.zaxxer.hikari.pool.HikariPool - HikariPool-199 - Added connection com.mysql.cj.jdbc.ConnectionImpl@6a57ba0e
2026-05-24 17:20:04.083 INFO  [restartedMain] com.zaxxer.hikari.HikariDataSource - HikariPool-199 - Start completed.
2026-05-24 17:20:04.084 WARN  [restartedMain] org.hibernate.orm.deprecation - HHH90000025: MySQLDialect does not need to be specified explicitly using 'hibernate.dialect' (remove the property setting and it will be selected by default)
2026-05-24 17:20:04.085 INFO  [restartedMain] o.hibernate.orm.connections.pooling - HHH10001005: Database info:
	Database JDBC URL [jdbc:mysql://localhost:3306/springbootdb]
	Database driver: MySQL Connector/J
	Database dialect: MySQLDialect
	Database version: 9.6
	Default catalog/schema: springbootdb/undefined
	Autocommit mode: undefined/unknown
	Isolation level: REPEATABLE_READ [default REPEATABLE_READ]
	JDBC fetch size: none
	Pool: DataSourceConnectionProvider
	Minimum pool size: undefined/unknown
	Maximum pool size: undefined/unknown
2026-05-24 17:20:04.140 INFO  [restartedMain] org.hibernate.orm.core - HHH000489: No JTA platform available (set 'hibernate.transaction.jta.platform' to enable JTA platform integration)
2026-05-24 17:20:04.181 INFO  [restartedMain] o.s.o.j.LocalContainerEntityManagerFactoryBean - Initialized JPA EntityManagerFactory for persistence unit 'default'
2026-05-24 17:20:04.247 WARN  [restartedMain] o.s.b.j.a.JpaBaseConfiguration$JpaWebConfiguration - spring.jpa.open-in-view is enabled by default. Therefore, database queries may be performed during view rendering. Explicitly configure spring.jpa.open-in-view to disable this warning
2026-05-24 17:20:04.294 INFO  [restartedMain] o.s.s.c.a.a.c.InitializeUserDetailsBeanManagerConfigurer$InitializeUserDetailsManagerConfigurer - Global AuthenticationManager configured with UserDetailsService bean with name customUserDetailsService
2026-05-24 17:20:04.378 INFO  [restartedMain] o.s.boot.tomcat.TomcatWebServer - Tomcat started on port 8080 (http) with context path '/'
2026-05-24 17:20:04.380 INFO  [restartedMain] o.s.b.d.a.ConditionEvaluationDeltaLoggingListener - Condition evaluation unchanged
2026-05-24 17:20:04.835 INFO  [http-nio-8080-exec-1] o.a.c.c.C.[Tomcat-8].[localhost].[/] - Initializing Spring DispatcherServlet 'dispatcherServlet'
2026-05-24 17:20:04.835 INFO  [http-nio-8080-exec-1] o.s.web.servlet.DispatcherServlet - Initializing Servlet 'dispatcherServlet'
2026-05-24 17:20:04.838 INFO  [http-nio-8080-exec-1] o.s.web.servlet.DispatcherServlet - Completed initialization in 3 ms
2026-05-24 17:20:05.781 INFO  [File Watcher] o.s.b.d.a.LocalDevToolsAutoConfiguration$RestartingClassPathChangeChangedEventListener - Restarting due to 1 class path change (0 additions, 0 deletions, 1 modification)
2026-05-24 17:20:05.782 INFO  [Thread-785] o.s.boot.tomcat.GracefulShutdown - Commencing graceful shutdown. Waiting for active requests to complete
2026-05-24 17:20:05.784 INFO  [tomcat-shutdown] o.s.boot.tomcat.GracefulShutdown - Graceful shutdown complete
2026-05-24 17:20:05.787 INFO  [Thread-785] o.s.o.j.LocalContainerEntityManagerFactoryBean - Closing JPA EntityManagerFactory for persistence unit 'default'
2026-05-24 17:20:05.788 INFO  [Thread-785] com.zaxxer.hikari.HikariDataSource - HikariPool-199 - Shutdown initiated...
2026-05-24 17:20:05.790 INFO  [Thread-785] com.zaxxer.hikari.HikariDataSource - HikariPool-199 - Shutdown completed.
2026-05-24 17:20:06.059 INFO  [restartedMain] o.s.d.r.c.RepositoryConfigurationDelegate - Bootstrapping Spring Data JPA repositories in DEFAULT mode.
2026-05-24 17:20:06.063 INFO  [restartedMain] o.s.d.r.c.RepositoryConfigurationDelegate - Finished Spring Data repository scanning in 2 ms. Found 1 JPA repository interface.
2026-05-24 17:20:06.109 INFO  [restartedMain] o.s.boot.tomcat.TomcatWebServer - Tomcat initialized with port 8080 (http)
2026-05-24 17:20:06.110 INFO  [restartedMain] o.a.catalina.core.StandardService - Starting service [Tomcat]
2026-05-24 17:20:06.110 INFO  [restartedMain] o.a.catalina.core.StandardEngine - Starting Servlet engine: [Apache Tomcat/11.0.21]
2026-05-24 17:20:06.115 INFO  [restartedMain] o.s.b.w.c.s.WebApplicationContextInitializer - Root WebApplicationContext: initialization completed in 231 ms
2026-05-24 17:20:06.129 INFO  [restartedMain] org.hibernate.orm.jpa - HHH008540: Processing PersistenceUnitInfo [name: default]
2026-05-24 17:20:06.141 INFO  [restartedMain] o.s.o.j.p.SpringPersistenceUnitInfo - No LoadTimeWeaver setup: ignoring JPA class transformer
2026-05-24 17:20:06.141 INFO  [restartedMain] com.zaxxer.hikari.HikariDataSource - HikariPool-200 - Starting...
2026-05-24 17:20:06.153 INFO  [restartedMain] com.zaxxer.hikari.pool.HikariPool - HikariPool-200 - Added connection com.mysql.cj.jdbc.ConnectionImpl@3b11760f
2026-05-24 17:20:06.153 INFO  [restartedMain] com.zaxxer.hikari.HikariDataSource - HikariPool-200 - Start completed.
2026-05-24 17:20:06.153 WARN  [restartedMain] org.hibernate.orm.deprecation - HHH90000025: MySQLDialect does not need to be specified explicitly using 'hibernate.dialect' (remove the property setting and it will be selected by default)
2026-05-24 17:20:06.154 INFO  [restartedMain] o.hibernate.orm.connections.pooling - HHH10001005: Database info:
	Database JDBC URL [jdbc:mysql://localhost:3306/springbootdb]
	Database driver: MySQL Connector/J
	Database dialect: MySQLDialect
	Database version: 9.6
	Default catalog/schema: springbootdb/undefined
	Autocommit mode: undefined/unknown
	Isolation level: REPEATABLE_READ [default REPEATABLE_READ]
	JDBC fetch size: none
	Pool: DataSourceConnectionProvider
	Minimum pool size: undefined/unknown
	Maximum pool size: undefined/unknown
2026-05-24 17:20:06.169 INFO  [restartedMain] org.hibernate.orm.core - HHH000489: No JTA platform available (set 'hibernate.transaction.jta.platform' to enable JTA platform integration)
2026-05-24 17:20:06.177 INFO  [restartedMain] o.s.o.j.LocalContainerEntityManagerFactoryBean - Initialized JPA EntityManagerFactory for persistence unit 'default'
2026-05-24 17:20:06.230 WARN  [restartedMain] o.s.b.j.a.JpaBaseConfiguration$JpaWebConfiguration - spring.jpa.open-in-view is enabled by default. Therefore, database queries may be performed during view rendering. Explicitly configure spring.jpa.open-in-view to disable this warning
2026-05-24 17:20:06.247 INFO  [restartedMain] o.s.s.c.a.a.c.InitializeUserDetailsBeanManagerConfigurer$InitializeUserDetailsManagerConfigurer - Global AuthenticationManager configured with UserDetailsService bean with name customUserDetailsService
2026-05-24 17:20:06.327 INFO  [restartedMain] o.s.boot.tomcat.TomcatWebServer - Tomcat started on port 8080 (http) with context path '/'
2026-05-24 17:20:06.329 INFO  [restartedMain] o.s.b.d.a.ConditionEvaluationDeltaLoggingListener - Condition evaluation unchanged
2026-05-24 17:20:13.772 INFO  [File Watcher] o.s.b.d.a.LocalDevToolsAutoConfiguration$RestartingClassPathChangeChangedEventListener - Restarting due to 1 class path change (0 additions, 0 deletions, 1 modification)
2026-05-24 17:20:13.782 INFO  [Thread-789] o.s.boot.tomcat.GracefulShutdown - Commencing graceful shutdown. Waiting for active requests to complete
2026-05-24 17:20:13.787 INFO  [tomcat-shutdown] o.s.boot.tomcat.GracefulShutdown - Graceful shutdown complete
2026-05-24 17:20:13.792 INFO  [Thread-789] o.s.o.j.LocalContainerEntityManagerFactoryBean - Closing JPA EntityManagerFactory for persistence unit 'default'
2026-05-24 17:20:13.799 INFO  [Thread-789] com.zaxxer.hikari.HikariDataSource - HikariPool-200 - Shutdown initiated...
2026-05-24 17:20:13.802 INFO  [Thread-789] com.zaxxer.hikari.HikariDataSource - HikariPool-200 - Shutdown completed.
2026-05-24 17:20:13.981 INFO  [restartedMain] o.s.d.r.c.RepositoryConfigurationDelegate - Bootstrapping Spring Data JPA repositories in DEFAULT mode.
2026-05-24 17:20:13.985 INFO  [restartedMain] o.s.d.r.c.RepositoryConfigurationDelegate - Finished Spring Data repository scanning in 2 ms. Found 1 JPA repository interface.
2026-05-24 17:20:14.047 INFO  [restartedMain] o.s.boot.tomcat.TomcatWebServer - Tomcat initialized with port 8080 (http)
2026-05-24 17:20:14.048 INFO  [restartedMain] o.a.catalina.core.StandardService - Starting service [Tomcat]
2026-05-24 17:20:14.048 INFO  [restartedMain] o.a.catalina.core.StandardEngine - Starting Servlet engine: [Apache Tomcat/11.0.21]
2026-05-24 17:20:14.059 INFO  [restartedMain] o.s.b.w.c.s.WebApplicationContextInitializer - Root WebApplicationContext: initialization completed in 144 ms
2026-05-24 17:20:14.080 INFO  [restartedMain] org.hibernate.orm.jpa - HHH008540: Processing PersistenceUnitInfo [name: default]
2026-05-24 17:20:14.097 INFO  [restartedMain] o.s.o.j.p.SpringPersistenceUnitInfo - No LoadTimeWeaver setup: ignoring JPA class transformer
2026-05-24 17:20:14.097 INFO  [restartedMain] com.zaxxer.hikari.HikariDataSource - HikariPool-201 - Starting...
2026-05-24 17:20:14.108 INFO  [restartedMain] com.zaxxer.hikari.pool.HikariPool - HikariPool-201 - Added connection com.mysql.cj.jdbc.ConnectionImpl@36b19a3b
2026-05-24 17:20:14.108 INFO  [restartedMain] com.zaxxer.hikari.HikariDataSource - HikariPool-201 - Start completed.
2026-05-24 17:20:14.109 WARN  [restartedMain] org.hibernate.orm.deprecation - HHH90000025: MySQLDialect does not need to be specified explicitly using 'hibernate.dialect' (remove the property setting and it will be selected by default)
2026-05-24 17:20:14.109 INFO  [restartedMain] o.hibernate.orm.connections.pooling - HHH10001005: Database info:
	Database JDBC URL [jdbc:mysql://localhost:3306/springbootdb]
	Database driver: MySQL Connector/J
	Database dialect: MySQLDialect
	Database version: 9.6
	Default catalog/schema: springbootdb/undefined
	Autocommit mode: undefined/unknown
	Isolation level: REPEATABLE_READ [default REPEATABLE_READ]
	JDBC fetch size: none
	Pool: DataSourceConnectionProvider
	Minimum pool size: undefined/unknown
	Maximum pool size: undefined/unknown
2026-05-24 17:20:14.134 INFO  [restartedMain] org.hibernate.orm.core - HHH000489: No JTA platform available (set 'hibernate.transaction.jta.platform' to enable JTA platform integration)
2026-05-24 17:20:14.147 INFO  [restartedMain] o.s.o.j.LocalContainerEntityManagerFactoryBean - Initialized JPA EntityManagerFactory for persistence unit 'default'
2026-05-24 17:20:14.199 WARN  [restartedMain] o.s.b.j.a.JpaBaseConfiguration$JpaWebConfiguration - spring.jpa.open-in-view is enabled by default. Therefore, database queries may be performed during view rendering. Explicitly configure spring.jpa.open-in-view to disable this warning
2026-05-24 17:20:14.216 INFO  [restartedMain] o.s.s.c.a.a.c.InitializeUserDetailsBeanManagerConfigurer$InitializeUserDetailsManagerConfigurer - Global AuthenticationManager configured with UserDetailsService bean with name customUserDetailsService
2026-05-24 17:20:14.308 INFO  [restartedMain] o.s.boot.tomcat.TomcatWebServer - Tomcat started on port 8080 (http) with context path '/'
2026-05-24 17:20:14.311 INFO  [restartedMain] o.s.b.d.a.ConditionEvaluationDeltaLoggingListener - Condition evaluation unchanged
2026-05-24 17:20:15.718 INFO  [File Watcher] o.s.b.d.a.LocalDevToolsAutoConfiguration$RestartingClassPathChangeChangedEventListener - Restarting due to 1 class path change (0 additions, 0 deletions, 1 modification)
2026-05-24 17:20:15.727 INFO  [Thread-793] o.s.boot.tomcat.GracefulShutdown - Commencing graceful shutdown. Waiting for active requests to complete
2026-05-24 17:20:15.729 INFO  [tomcat-shutdown] o.s.boot.tomcat.GracefulShutdown - Graceful shutdown complete
2026-05-24 17:20:15.732 INFO  [Thread-793] o.s.o.j.LocalContainerEntityManagerFactoryBean - Closing JPA EntityManagerFactory for persistence unit 'default'
2026-05-24 17:20:15.734 INFO  [Thread-793] com.zaxxer.hikari.HikariDataSource - HikariPool-201 - Shutdown initiated...
2026-05-24 17:20:15.740 INFO  [Thread-793] com.zaxxer.hikari.HikariDataSource - HikariPool-201 - Shutdown completed.
2026-05-24 17:20:15.922 INFO  [restartedMain] o.s.d.r.c.RepositoryConfigurationDelegate - Bootstrapping Spring Data JPA repositories in DEFAULT mode.
2026-05-24 17:20:15.926 INFO  [restartedMain] o.s.d.r.c.RepositoryConfigurationDelegate - Finished Spring Data repository scanning in 2 ms. Found 1 JPA repository interface.
2026-05-24 17:20:15.966 INFO  [restartedMain] o.s.boot.tomcat.TomcatWebServer - Tomcat initialized with port 8080 (http)
2026-05-24 17:20:15.966 INFO  [restartedMain] o.a.catalina.core.StandardService - Starting service [Tomcat]
2026-05-24 17:20:15.966 INFO  [restartedMain] o.a.catalina.core.StandardEngine - Starting Servlet engine: [Apache Tomcat/11.0.21]
2026-05-24 17:20:15.971 INFO  [restartedMain] o.s.b.w.c.s.WebApplicationContextInitializer - Root WebApplicationContext: initialization completed in 106 ms
2026-05-24 17:20:15.984 INFO  [restartedMain] org.hibernate.orm.jpa - HHH008540: Processing PersistenceUnitInfo [name: default]
2026-05-24 17:20:15.997 INFO  [restartedMain] o.s.o.j.p.SpringPersistenceUnitInfo - No LoadTimeWeaver setup: ignoring JPA class transformer
2026-05-24 17:20:15.997 INFO  [restartedMain] com.zaxxer.hikari.HikariDataSource - HikariPool-202 - Starting...
2026-05-24 17:20:16.011 INFO  [restartedMain] com.zaxxer.hikari.pool.HikariPool - HikariPool-202 - Added connection com.mysql.cj.jdbc.ConnectionImpl@64cc7f98
2026-05-24 17:20:16.011 INFO  [restartedMain] com.zaxxer.hikari.HikariDataSource - HikariPool-202 - Start completed.
2026-05-24 17:20:16.012 WARN  [restartedMain] org.hibernate.orm.deprecation - HHH90000025: MySQLDialect does not need to be specified explicitly using 'hibernate.dialect' (remove the property setting and it will be selected by default)
2026-05-24 17:20:16.012 INFO  [restartedMain] o.hibernate.orm.connections.pooling - HHH10001005: Database info:
	Database JDBC URL [jdbc:mysql://localhost:3306/springbootdb]
	Database driver: MySQL Connector/J
	Database dialect: MySQLDialect
	Database version: 9.6
	Default catalog/schema: springbootdb/undefined
	Autocommit mode: undefined/unknown
	Isolation level: REPEATABLE_READ [default REPEATABLE_READ]
	JDBC fetch size: none
	Pool: DataSourceConnectionProvider
	Minimum pool size: undefined/unknown
	Maximum pool size: undefined/unknown
2026-05-24 17:20:16.028 INFO  [restartedMain] org.hibernate.orm.core - HHH000489: No JTA platform available (set 'hibernate.transaction.jta.platform' to enable JTA platform integration)
2026-05-24 17:20:16.036 INFO  [restartedMain] o.s.o.j.LocalContainerEntityManagerFactoryBean - Initialized JPA EntityManagerFactory for persistence unit 'default'
2026-05-24 17:20:16.074 WARN  [restartedMain] o.s.b.j.a.JpaBaseConfiguration$JpaWebConfiguration - spring.jpa.open-in-view is enabled by default. Therefore, database queries may be performed during view rendering. Explicitly configure spring.jpa.open-in-view to disable this warning
2026-05-24 17:20:16.087 INFO  [restartedMain] o.s.s.c.a.a.c.InitializeUserDetailsBeanManagerConfigurer$InitializeUserDetailsManagerConfigurer - Global AuthenticationManager configured with UserDetailsService bean with name customUserDetailsService
2026-05-24 17:20:16.157 INFO  [restartedMain] o.s.boot.tomcat.TomcatWebServer - Tomcat started on port 8080 (http) with context path '/'
2026-05-24 17:20:16.159 INFO  [restartedMain] o.s.b.d.a.ConditionEvaluationDeltaLoggingListener - Condition evaluation unchanged
2026-05-24 17:20:16.815 INFO  [http-nio-8080-exec-2] o.a.c.c.C.[Tomcat-8].[localhost].[/] - Initializing Spring DispatcherServlet 'dispatcherServlet'
2026-05-24 17:20:16.815 INFO  [http-nio-8080-exec-2] o.s.web.servlet.DispatcherServlet - Initializing Servlet 'dispatcherServlet'
2026-05-24 17:20:16.816 INFO  [http-nio-8080-exec-2] o.s.web.servlet.DispatcherServlet - Completed initialization in 1 ms
2026-05-24 17:20:21.593 INFO  [File Watcher] o.s.b.d.a.LocalDevToolsAutoConfiguration$RestartingClassPathChangeChangedEventListener - Restarting due to 1 class path change (0 additions, 0 deletions, 1 modification)
2026-05-24 17:20:21.607 INFO  [Thread-797] o.s.boot.tomcat.GracefulShutdown - Commencing graceful shutdown. Waiting for active requests to complete
2026-05-24 17:20:21.609 INFO  [tomcat-shutdown] o.s.boot.tomcat.GracefulShutdown - Graceful shutdown complete
2026-05-24 17:20:21.616 INFO  [Thread-797] o.s.o.j.LocalContainerEntityManagerFactoryBean - Closing JPA EntityManagerFactory for persistence unit 'default'
2026-05-24 17:20:21.618 INFO  [Thread-797] com.zaxxer.hikari.HikariDataSource - HikariPool-202 - Shutdown initiated...
2026-05-24 17:20:21.625 INFO  [Thread-797] com.zaxxer.hikari.HikariDataSource - HikariPool-202 - Shutdown completed.
2026-05-24 17:20:21.801 INFO  [restartedMain] o.s.d.r.c.RepositoryConfigurationDelegate - Bootstrapping Spring Data JPA repositories in DEFAULT mode.
2026-05-24 17:20:21.804 INFO  [restartedMain] o.s.d.r.c.RepositoryConfigurationDelegate - Finished Spring Data repository scanning in 2 ms. Found 1 JPA repository interface.
2026-05-24 17:20:21.850 INFO  [restartedMain] o.s.boot.tomcat.TomcatWebServer - Tomcat initialized with port 8080 (http)
2026-05-24 17:20:21.850 INFO  [restartedMain] o.a.catalina.core.StandardService - Starting service [Tomcat]
2026-05-24 17:20:21.850 INFO  [restartedMain] o.a.catalina.core.StandardEngine - Starting Servlet engine: [Apache Tomcat/11.0.21]
2026-05-24 17:20:21.856 INFO  [restartedMain] o.s.b.w.c.s.WebApplicationContextInitializer - Root WebApplicationContext: initialization completed in 117 ms
2026-05-24 17:20:21.868 INFO  [restartedMain] org.hibernate.orm.jpa - HHH008540: Processing PersistenceUnitInfo [name: default]
2026-05-24 17:20:21.881 INFO  [restartedMain] o.s.o.j.p.SpringPersistenceUnitInfo - No LoadTimeWeaver setup: ignoring JPA class transformer
2026-05-24 17:20:21.882 INFO  [restartedMain] com.zaxxer.hikari.HikariDataSource - HikariPool-203 - Starting...
2026-05-24 17:20:21.893 INFO  [restartedMain] com.zaxxer.hikari.pool.HikariPool - HikariPool-203 - Added connection com.mysql.cj.jdbc.ConnectionImpl@6f067b90
2026-05-24 17:20:21.893 INFO  [restartedMain] com.zaxxer.hikari.HikariDataSource - HikariPool-203 - Start completed.
2026-05-24 17:20:21.894 WARN  [restartedMain] org.hibernate.orm.deprecation - HHH90000025: MySQLDialect does not need to be specified explicitly using 'hibernate.dialect' (remove the property setting and it will be selected by default)
2026-05-24 17:20:21.895 INFO  [restartedMain] o.hibernate.orm.connections.pooling - HHH10001005: Database info:
	Database JDBC URL [jdbc:mysql://localhost:3306/springbootdb]
	Database driver: MySQL Connector/J
	Database dialect: MySQLDialect
	Database version: 9.6
	Default catalog/schema: springbootdb/undefined
	Autocommit mode: undefined/unknown
	Isolation level: REPEATABLE_READ [default REPEATABLE_READ]
	JDBC fetch size: none
	Pool: DataSourceConnectionProvider
	Minimum pool size: undefined/unknown
	Maximum pool size: undefined/unknown
2026-05-24 17:20:21.913 INFO  [restartedMain] org.hibernate.orm.core - HHH000489: No JTA platform available (set 'hibernate.transaction.jta.platform' to enable JTA platform integration)
2026-05-24 17:20:21.919 INFO  [restartedMain] o.s.o.j.LocalContainerEntityManagerFactoryBean - Initialized JPA EntityManagerFactory for persistence unit 'default'
2026-05-24 17:20:21.960 WARN  [restartedMain] o.s.b.j.a.JpaBaseConfiguration$JpaWebConfiguration - spring.jpa.open-in-view is enabled by default. Therefore, database queries may be performed during view rendering. Explicitly configure spring.jpa.open-in-view to disable this warning
2026-05-24 17:20:21.975 INFO  [restartedMain] o.s.s.c.a.a.c.InitializeUserDetailsBeanManagerConfigurer$InitializeUserDetailsManagerConfigurer - Global AuthenticationManager configured with UserDetailsService bean with name customUserDetailsService
2026-05-24 17:20:22.045 INFO  [restartedMain] o.s.boot.tomcat.TomcatWebServer - Tomcat started on port 8080 (http) with context path '/'
2026-05-24 17:20:22.047 INFO  [restartedMain] o.s.b.d.a.ConditionEvaluationDeltaLoggingListener - Condition evaluation unchanged
2026-05-24 17:20:24.465 INFO  [File Watcher] o.s.b.d.a.LocalDevToolsAutoConfiguration$RestartingClassPathChangeChangedEventListener - Restarting due to 1 class path change (0 additions, 0 deletions, 1 modification)
2026-05-24 17:20:24.473 INFO  [Thread-801] o.s.boot.tomcat.GracefulShutdown - Commencing graceful shutdown. Waiting for active requests to complete
2026-05-24 17:20:24.479 INFO  [tomcat-shutdown] o.s.boot.tomcat.GracefulShutdown - Graceful shutdown complete
2026-05-24 17:20:24.481 INFO  [Thread-801] o.s.o.j.LocalContainerEntityManagerFactoryBean - Closing JPA EntityManagerFactory for persistence unit 'default'
2026-05-24 17:20:24.483 INFO  [Thread-801] com.zaxxer.hikari.HikariDataSource - HikariPool-203 - Shutdown initiated...
2026-05-24 17:20:24.504 INFO  [Thread-801] com.zaxxer.hikari.HikariDataSource - HikariPool-203 - Shutdown completed.
2026-05-24 17:20:24.663 INFO  [restartedMain] o.s.d.r.c.RepositoryConfigurationDelegate - Bootstrapping Spring Data JPA repositories in DEFAULT mode.
2026-05-24 17:20:24.666 INFO  [restartedMain] o.s.d.r.c.RepositoryConfigurationDelegate - Finished Spring Data repository scanning in 2 ms. Found 1 JPA repository interface.
2026-05-24 17:20:24.712 INFO  [restartedMain] o.s.boot.tomcat.TomcatWebServer - Tomcat initialized with port 8080 (http)
2026-05-24 17:20:24.713 INFO  [restartedMain] o.a.catalina.core.StandardService - Starting service [Tomcat]
2026-05-24 17:20:24.713 INFO  [restartedMain] o.a.catalina.core.StandardEngine - Starting Servlet engine: [Apache Tomcat/11.0.21]
2026-05-24 17:20:24.717 INFO  [restartedMain] o.s.b.w.c.s.WebApplicationContextInitializer - Root WebApplicationContext: initialization completed in 108 ms
2026-05-24 17:20:24.731 INFO  [restartedMain] org.hibernate.orm.jpa - HHH008540: Processing PersistenceUnitInfo [name: default]
2026-05-24 17:20:24.744 INFO  [restartedMain] o.s.o.j.p.SpringPersistenceUnitInfo - No LoadTimeWeaver setup: ignoring JPA class transformer
2026-05-24 17:20:24.744 INFO  [restartedMain] com.zaxxer.hikari.HikariDataSource - HikariPool-204 - Starting...
2026-05-24 17:20:24.755 INFO  [restartedMain] com.zaxxer.hikari.pool.HikariPool - HikariPool-204 - Added connection com.mysql.cj.jdbc.ConnectionImpl@f4da9d1
2026-05-24 17:20:24.755 INFO  [restartedMain] com.zaxxer.hikari.HikariDataSource - HikariPool-204 - Start completed.
2026-05-24 17:20:24.756 WARN  [restartedMain] org.hibernate.orm.deprecation - HHH90000025: MySQLDialect does not need to be specified explicitly using 'hibernate.dialect' (remove the property setting and it will be selected by default)
2026-05-24 17:20:24.756 INFO  [restartedMain] o.hibernate.orm.connections.pooling - HHH10001005: Database info:
	Database JDBC URL [jdbc:mysql://localhost:3306/springbootdb]
	Database driver: MySQL Connector/J
	Database dialect: MySQLDialect
	Database version: 9.6
	Default catalog/schema: springbootdb/undefined
	Autocommit mode: undefined/unknown
	Isolation level: REPEATABLE_READ [default REPEATABLE_READ]
	JDBC fetch size: none
	Pool: DataSourceConnectionProvider
	Minimum pool size: undefined/unknown
	Maximum pool size: undefined/unknown
2026-05-24 17:20:24.770 INFO  [restartedMain] org.hibernate.orm.core - HHH000489: No JTA platform available (set 'hibernate.transaction.jta.platform' to enable JTA platform integration)
2026-05-24 17:20:24.776 INFO  [restartedMain] o.s.o.j.LocalContainerEntityManagerFactoryBean - Initialized JPA EntityManagerFactory for persistence unit 'default'
2026-05-24 17:20:24.816 WARN  [restartedMain] o.s.b.j.a.JpaBaseConfiguration$JpaWebConfiguration - spring.jpa.open-in-view is enabled by default. Therefore, database queries may be performed during view rendering. Explicitly configure spring.jpa.open-in-view to disable this warning
2026-05-24 17:20:24.831 INFO  [restartedMain] o.s.s.c.a.a.c.InitializeUserDetailsBeanManagerConfigurer$InitializeUserDetailsManagerConfigurer - Global AuthenticationManager configured with UserDetailsService bean with name customUserDetailsService
2026-05-24 17:20:24.900 INFO  [restartedMain] o.s.boot.tomcat.TomcatWebServer - Tomcat started on port 8080 (http) with context path '/'
2026-05-24 17:20:24.903 INFO  [restartedMain] o.s.b.d.a.ConditionEvaluationDeltaLoggingListener - Condition evaluation unchanged
2026-05-24 17:20:31.355 INFO  [File Watcher] o.s.b.d.a.LocalDevToolsAutoConfiguration$RestartingClassPathChangeChangedEventListener - Restarting due to 1 class path change (0 additions, 0 deletions, 1 modification)
2026-05-24 17:20:31.368 INFO  [Thread-805] o.s.boot.tomcat.GracefulShutdown - Commencing graceful shutdown. Waiting for active requests to complete
2026-05-24 17:20:31.371 INFO  [tomcat-shutdown] o.s.boot.tomcat.GracefulShutdown - Graceful shutdown complete
2026-05-24 17:20:31.375 INFO  [Thread-805] o.s.o.j.LocalContainerEntityManagerFactoryBean - Closing JPA EntityManagerFactory for persistence unit 'default'
2026-05-24 17:20:31.402 INFO  [Thread-805] com.zaxxer.hikari.HikariDataSource - HikariPool-204 - Shutdown initiated...
2026-05-24 17:20:31.406 INFO  [Thread-805] com.zaxxer.hikari.HikariDataSource - HikariPool-204 - Shutdown completed.
2026-05-24 17:20:31.606 INFO  [restartedMain] o.s.d.r.c.RepositoryConfigurationDelegate - Bootstrapping Spring Data JPA repositories in DEFAULT mode.
2026-05-24 17:20:31.612 INFO  [restartedMain] o.s.d.r.c.RepositoryConfigurationDelegate - Finished Spring Data repository scanning in 3 ms. Found 1 JPA repository interface.
2026-05-24 17:20:31.661 INFO  [restartedMain] o.s.boot.tomcat.TomcatWebServer - Tomcat initialized with port 8080 (http)
2026-05-24 17:20:31.661 INFO  [restartedMain] o.a.catalina.core.StandardService - Starting service [Tomcat]
2026-05-24 17:20:31.661 INFO  [restartedMain] o.a.catalina.core.StandardEngine - Starting Servlet engine: [Apache Tomcat/11.0.21]
2026-05-24 17:20:31.666 INFO  [restartedMain] o.s.b.w.c.s.WebApplicationContextInitializer - Root WebApplicationContext: initialization completed in 134 ms
2026-05-24 17:20:31.680 INFO  [restartedMain] org.hibernate.orm.jpa - HHH008540: Processing PersistenceUnitInfo [name: default]
2026-05-24 17:20:31.697 INFO  [restartedMain] o.s.o.j.p.SpringPersistenceUnitInfo - No LoadTimeWeaver setup: ignoring JPA class transformer
2026-05-24 17:20:31.697 INFO  [restartedMain] com.zaxxer.hikari.HikariDataSource - HikariPool-205 - Starting...
2026-05-24 17:20:31.708 INFO  [restartedMain] com.zaxxer.hikari.pool.HikariPool - HikariPool-205 - Added connection com.mysql.cj.jdbc.ConnectionImpl@6e2583ce
2026-05-24 17:20:31.708 INFO  [restartedMain] com.zaxxer.hikari.HikariDataSource - HikariPool-205 - Start completed.
2026-05-24 17:20:31.709 WARN  [restartedMain] org.hibernate.orm.deprecation - HHH90000025: MySQLDialect does not need to be specified explicitly using 'hibernate.dialect' (remove the property setting and it will be selected by default)
2026-05-24 17:20:31.709 INFO  [restartedMain] o.hibernate.orm.connections.pooling - HHH10001005: Database info:
	Database JDBC URL [jdbc:mysql://localhost:3306/springbootdb]
	Database driver: MySQL Connector/J
	Database dialect: MySQLDialect
	Database version: 9.6
	Default catalog/schema: springbootdb/undefined
	Autocommit mode: undefined/unknown
	Isolation level: REPEATABLE_READ [default REPEATABLE_READ]
	JDBC fetch size: none
	Pool: DataSourceConnectionProvider
	Minimum pool size: undefined/unknown
	Maximum pool size: undefined/unknown
2026-05-24 17:20:31.725 INFO  [restartedMain] org.hibernate.orm.core - HHH000489: No JTA platform available (set 'hibernate.transaction.jta.platform' to enable JTA platform integration)
2026-05-24 17:20:31.737 INFO  [restartedMain] o.s.o.j.LocalContainerEntityManagerFactoryBean - Initialized JPA EntityManagerFactory for persistence unit 'default'
2026-05-24 17:20:31.777 WARN  [restartedMain] o.s.b.j.a.JpaBaseConfiguration$JpaWebConfiguration - spring.jpa.open-in-view is enabled by default. Therefore, database queries may be performed during view rendering. Explicitly configure spring.jpa.open-in-view to disable this warning
2026-05-24 17:20:31.792 INFO  [restartedMain] o.s.s.c.a.a.c.InitializeUserDetailsBeanManagerConfigurer$InitializeUserDetailsManagerConfigurer - Global AuthenticationManager configured with UserDetailsService bean with name customUserDetailsService
2026-05-24 17:20:31.860 INFO  [restartedMain] o.s.boot.tomcat.TomcatWebServer - Tomcat started on port 8080 (http) with context path '/'
2026-05-24 17:20:31.861 INFO  [restartedMain] o.s.b.d.a.ConditionEvaluationDeltaLoggingListener - Condition evaluation unchanged
2026-05-24 17:20:33.264 INFO  [http-nio-8080-exec-1] o.a.c.c.C.[Tomcat-8].[localhost].[/] - Initializing Spring DispatcherServlet 'dispatcherServlet'
2026-05-24 17:20:33.264 INFO  [http-nio-8080-exec-1] o.s.web.servlet.DispatcherServlet - Initializing Servlet 'dispatcherServlet'
2026-05-24 17:20:33.265 INFO  [http-nio-8080-exec-1] o.s.web.servlet.DispatcherServlet - Completed initialization in 1 ms
2026-05-24 17:20:53.422 INFO  [File Watcher] o.s.b.d.a.LocalDevToolsAutoConfiguration$RestartingClassPathChangeChangedEventListener - Restarting due to 1 class path change (0 additions, 0 deletions, 1 modification)
2026-05-24 17:20:53.440 INFO  [Thread-809] o.s.boot.tomcat.GracefulShutdown - Commencing graceful shutdown. Waiting for active requests to complete
2026-05-24 17:20:53.443 INFO  [tomcat-shutdown] o.s.boot.tomcat.GracefulShutdown - Graceful shutdown complete
2026-05-24 17:20:53.451 INFO  [Thread-809] o.s.o.j.LocalContainerEntityManagerFactoryBean - Closing JPA EntityManagerFactory for persistence unit 'default'
2026-05-24 17:20:53.457 INFO  [Thread-809] com.zaxxer.hikari.HikariDataSource - HikariPool-205 - Shutdown initiated...
2026-05-24 17:20:53.459 INFO  [Thread-809] com.zaxxer.hikari.HikariDataSource - HikariPool-205 - Shutdown completed.
2026-05-24 17:20:53.651 INFO  [restartedMain] o.s.d.r.c.RepositoryConfigurationDelegate - Bootstrapping Spring Data JPA repositories in DEFAULT mode.
2026-05-24 17:20:53.658 INFO  [restartedMain] o.s.d.r.c.RepositoryConfigurationDelegate - Finished Spring Data repository scanning in 5 ms. Found 1 JPA repository interface.
2026-05-24 17:20:53.701 INFO  [restartedMain] o.s.boot.tomcat.TomcatWebServer - Tomcat initialized with port 8080 (http)
2026-05-24 17:20:53.701 INFO  [restartedMain] o.a.catalina.core.StandardService - Starting service [Tomcat]
2026-05-24 17:20:53.701 INFO  [restartedMain] o.a.catalina.core.StandardEngine - Starting Servlet engine: [Apache Tomcat/11.0.21]
2026-05-24 17:20:53.707 INFO  [restartedMain] o.s.b.w.c.s.WebApplicationContextInitializer - Root WebApplicationContext: initialization completed in 141 ms
2026-05-24 17:20:53.719 INFO  [restartedMain] org.hibernate.orm.jpa - HHH008540: Processing PersistenceUnitInfo [name: default]
2026-05-24 17:20:53.732 INFO  [restartedMain] o.s.o.j.p.SpringPersistenceUnitInfo - No LoadTimeWeaver setup: ignoring JPA class transformer
2026-05-24 17:20:53.732 INFO  [restartedMain] com.zaxxer.hikari.HikariDataSource - HikariPool-206 - Starting...
2026-05-24 17:20:53.746 INFO  [restartedMain] com.zaxxer.hikari.pool.HikariPool - HikariPool-206 - Added connection com.mysql.cj.jdbc.ConnectionImpl@cc87ef1
2026-05-24 17:20:53.746 INFO  [restartedMain] com.zaxxer.hikari.HikariDataSource - HikariPool-206 - Start completed.
2026-05-24 17:20:53.747 WARN  [restartedMain] org.hibernate.orm.deprecation - HHH90000025: MySQLDialect does not need to be specified explicitly using 'hibernate.dialect' (remove the property setting and it will be selected by default)
2026-05-24 17:20:53.747 INFO  [restartedMain] o.hibernate.orm.connections.pooling - HHH10001005: Database info:
	Database JDBC URL [jdbc:mysql://localhost:3306/springbootdb]
	Database driver: MySQL Connector/J
	Database dialect: MySQLDialect
	Database version: 9.6
	Default catalog/schema: springbootdb/undefined
	Autocommit mode: undefined/unknown
	Isolation level: REPEATABLE_READ [default REPEATABLE_READ]
	JDBC fetch size: none
	Pool: DataSourceConnectionProvider
	Minimum pool size: undefined/unknown
	Maximum pool size: undefined/unknown
2026-05-24 17:20:53.763 INFO  [restartedMain] org.hibernate.orm.core - HHH000489: No JTA platform available (set 'hibernate.transaction.jta.platform' to enable JTA platform integration)
2026-05-24 17:20:53.769 INFO  [restartedMain] o.s.o.j.LocalContainerEntityManagerFactoryBean - Initialized JPA EntityManagerFactory for persistence unit 'default'
2026-05-24 17:20:53.809 WARN  [restartedMain] o.s.b.j.a.JpaBaseConfiguration$JpaWebConfiguration - spring.jpa.open-in-view is enabled by default. Therefore, database queries may be performed during view rendering. Explicitly configure spring.jpa.open-in-view to disable this warning
2026-05-24 17:20:53.824 INFO  [restartedMain] o.s.s.c.a.a.c.InitializeUserDetailsBeanManagerConfigurer$InitializeUserDetailsManagerConfigurer - Global AuthenticationManager configured with UserDetailsService bean with name customUserDetailsService
2026-05-24 17:20:53.894 INFO  [restartedMain] o.s.boot.tomcat.TomcatWebServer - Tomcat started on port 8080 (http) with context path '/'
2026-05-24 17:20:53.896 INFO  [restartedMain] o.s.b.d.a.ConditionEvaluationDeltaLoggingListener - Condition evaluation unchanged
2026-05-24 17:20:55.698 INFO  [File Watcher] o.s.b.d.a.LocalDevToolsAutoConfiguration$RestartingClassPathChangeChangedEventListener - Restarting due to 1 class path change (0 additions, 0 deletions, 1 modification)
2026-05-24 17:20:55.706 INFO  [Thread-813] o.s.boot.tomcat.GracefulShutdown - Commencing graceful shutdown. Waiting for active requests to complete
2026-05-24 17:20:55.712 INFO  [tomcat-shutdown] o.s.boot.tomcat.GracefulShutdown - Graceful shutdown complete
2026-05-24 17:20:55.716 INFO  [Thread-813] o.s.o.j.LocalContainerEntityManagerFactoryBean - Closing JPA EntityManagerFactory for persistence unit 'default'
2026-05-24 17:20:55.717 INFO  [Thread-813] com.zaxxer.hikari.HikariDataSource - HikariPool-206 - Shutdown initiated...
2026-05-24 17:20:55.725 INFO  [Thread-813] com.zaxxer.hikari.HikariDataSource - HikariPool-206 - Shutdown completed.
2026-05-24 17:20:55.943 INFO  [restartedMain] o.s.d.r.c.RepositoryConfigurationDelegate - Bootstrapping Spring Data JPA repositories in DEFAULT mode.
2026-05-24 17:20:55.946 INFO  [restartedMain] o.s.d.r.c.RepositoryConfigurationDelegate - Finished Spring Data repository scanning in 2 ms. Found 1 JPA repository interface.
2026-05-24 17:20:55.987 INFO  [restartedMain] o.s.boot.tomcat.TomcatWebServer - Tomcat initialized with port 8080 (http)
2026-05-24 17:20:55.987 INFO  [restartedMain] o.a.catalina.core.StandardService - Starting service [Tomcat]
2026-05-24 17:20:55.987 INFO  [restartedMain] o.a.catalina.core.StandardEngine - Starting Servlet engine: [Apache Tomcat/11.0.21]
2026-05-24 17:20:55.992 INFO  [restartedMain] o.s.b.w.c.s.WebApplicationContextInitializer - Root WebApplicationContext: initialization completed in 118 ms
2026-05-24 17:20:56.006 INFO  [restartedMain] org.hibernate.orm.jpa - HHH008540: Processing PersistenceUnitInfo [name: default]
2026-05-24 17:20:56.018 INFO  [restartedMain] o.s.o.j.p.SpringPersistenceUnitInfo - No LoadTimeWeaver setup: ignoring JPA class transformer
2026-05-24 17:20:56.018 INFO  [restartedMain] com.zaxxer.hikari.HikariDataSource - HikariPool-207 - Starting...
2026-05-24 17:20:56.027 INFO  [restartedMain] com.zaxxer.hikari.pool.HikariPool - HikariPool-207 - Added connection com.mysql.cj.jdbc.ConnectionImpl@536246e9
2026-05-24 17:20:56.027 INFO  [restartedMain] com.zaxxer.hikari.HikariDataSource - HikariPool-207 - Start completed.
2026-05-24 17:20:56.027 WARN  [restartedMain] org.hibernate.orm.deprecation - HHH90000025: MySQLDialect does not need to be specified explicitly using 'hibernate.dialect' (remove the property setting and it will be selected by default)
2026-05-24 17:20:56.028 INFO  [restartedMain] o.hibernate.orm.connections.pooling - HHH10001005: Database info:
	Database JDBC URL [jdbc:mysql://localhost:3306/springbootdb]
	Database driver: MySQL Connector/J
	Database dialect: MySQLDialect
	Database version: 9.6
	Default catalog/schema: springbootdb/undefined
	Autocommit mode: undefined/unknown
	Isolation level: REPEATABLE_READ [default REPEATABLE_READ]
	JDBC fetch size: none
	Pool: DataSourceConnectionProvider
	Minimum pool size: undefined/unknown
	Maximum pool size: undefined/unknown
2026-05-24 17:20:56.043 INFO  [restartedMain] org.hibernate.orm.core - HHH000489: No JTA platform available (set 'hibernate.transaction.jta.platform' to enable JTA platform integration)
2026-05-24 17:20:56.052 INFO  [restartedMain] o.s.o.j.LocalContainerEntityManagerFactoryBean - Initialized JPA EntityManagerFactory for persistence unit 'default'
2026-05-24 17:20:56.090 WARN  [restartedMain] o.s.b.j.a.JpaBaseConfiguration$JpaWebConfiguration - spring.jpa.open-in-view is enabled by default. Therefore, database queries may be performed during view rendering. Explicitly configure spring.jpa.open-in-view to disable this warning
2026-05-24 17:20:56.103 INFO  [restartedMain] o.s.s.c.a.a.c.InitializeUserDetailsBeanManagerConfigurer$InitializeUserDetailsManagerConfigurer - Global AuthenticationManager configured with UserDetailsService bean with name customUserDetailsService
2026-05-24 17:20:56.173 INFO  [restartedMain] o.s.boot.tomcat.TomcatWebServer - Tomcat started on port 8080 (http) with context path '/'
2026-05-24 17:20:56.175 INFO  [restartedMain] o.s.b.d.a.ConditionEvaluationDeltaLoggingListener - Condition evaluation unchanged
2026-05-24 17:20:57.473 INFO  [http-nio-8080-exec-2] o.a.c.c.C.[Tomcat-8].[localhost].[/] - Initializing Spring DispatcherServlet 'dispatcherServlet'
2026-05-24 17:20:57.474 INFO  [http-nio-8080-exec-2] o.s.web.servlet.DispatcherServlet - Initializing Servlet 'dispatcherServlet'
2026-05-24 17:20:57.481 INFO  [http-nio-8080-exec-2] o.s.web.servlet.DispatcherServlet - Completed initialization in 7 ms
2026-05-24 17:20:57.573 INFO  [File Watcher] o.s.b.d.a.LocalDevToolsAutoConfiguration$RestartingClassPathChangeChangedEventListener - Restarting due to 1 class path change (0 additions, 0 deletions, 1 modification)
2026-05-24 17:20:57.575 INFO  [Thread-817] o.s.boot.tomcat.GracefulShutdown - Commencing graceful shutdown. Waiting for active requests to complete
2026-05-24 17:20:57.576 INFO  [tomcat-shutdown] o.s.boot.tomcat.GracefulShutdown - Graceful shutdown complete
2026-05-24 17:20:57.579 INFO  [Thread-817] o.s.o.j.LocalContainerEntityManagerFactoryBean - Closing JPA EntityManagerFactory for persistence unit 'default'
2026-05-24 17:20:57.580 INFO  [Thread-817] com.zaxxer.hikari.HikariDataSource - HikariPool-207 - Shutdown initiated...
2026-05-24 17:20:57.582 INFO  [Thread-817] com.zaxxer.hikari.HikariDataSource - HikariPool-207 - Shutdown completed.
2026-05-24 17:20:57.750 INFO  [restartedMain] o.s.d.r.c.RepositoryConfigurationDelegate - Bootstrapping Spring Data JPA repositories in DEFAULT mode.
2026-05-24 17:20:57.753 INFO  [restartedMain] o.s.d.r.c.RepositoryConfigurationDelegate - Finished Spring Data repository scanning in 2 ms. Found 1 JPA repository interface.
2026-05-24 17:20:57.794 INFO  [restartedMain] o.s.boot.tomcat.TomcatWebServer - Tomcat initialized with port 8080 (http)
2026-05-24 17:20:57.794 INFO  [restartedMain] o.a.catalina.core.StandardService - Starting service [Tomcat]
2026-05-24 17:20:57.794 INFO  [restartedMain] o.a.catalina.core.StandardEngine - Starting Servlet engine: [Apache Tomcat/11.0.21]
2026-05-24 17:20:57.799 INFO  [restartedMain] o.s.b.w.c.s.WebApplicationContextInitializer - Root WebApplicationContext: initialization completed in 113 ms
2026-05-24 17:20:57.813 INFO  [restartedMain] org.hibernate.orm.jpa - HHH008540: Processing PersistenceUnitInfo [name: default]
2026-05-24 17:20:57.826 INFO  [restartedMain] o.s.o.j.p.SpringPersistenceUnitInfo - No LoadTimeWeaver setup: ignoring JPA class transformer
2026-05-24 17:20:57.826 INFO  [restartedMain] com.zaxxer.hikari.HikariDataSource - HikariPool-208 - Starting...
2026-05-24 17:20:57.836 INFO  [restartedMain] com.zaxxer.hikari.pool.HikariPool - HikariPool-208 - Added connection com.mysql.cj.jdbc.ConnectionImpl@f51f87
2026-05-24 17:20:57.836 INFO  [restartedMain] com.zaxxer.hikari.HikariDataSource - HikariPool-208 - Start completed.
2026-05-24 17:20:57.837 WARN  [restartedMain] org.hibernate.orm.deprecation - HHH90000025: MySQLDialect does not need to be specified explicitly using 'hibernate.dialect' (remove the property setting and it will be selected by default)
2026-05-24 17:20:57.838 INFO  [restartedMain] o.hibernate.orm.connections.pooling - HHH10001005: Database info:
	Database JDBC URL [jdbc:mysql://localhost:3306/springbootdb]
	Database driver: MySQL Connector/J
	Database dialect: MySQLDialect
	Database version: 9.6
	Default catalog/schema: springbootdb/undefined
	Autocommit mode: undefined/unknown
	Isolation level: REPEATABLE_READ [default REPEATABLE_READ]
	JDBC fetch size: none
	Pool: DataSourceConnectionProvider
	Minimum pool size: undefined/unknown
	Maximum pool size: undefined/unknown
2026-05-24 17:20:57.852 INFO  [restartedMain] org.hibernate.orm.core - HHH000489: No JTA platform available (set 'hibernate.transaction.jta.platform' to enable JTA platform integration)
2026-05-24 17:20:57.859 INFO  [restartedMain] o.s.o.j.LocalContainerEntityManagerFactoryBean - Initialized JPA EntityManagerFactory for persistence unit 'default'
2026-05-24 17:20:57.895 WARN  [restartedMain] o.s.b.j.a.JpaBaseConfiguration$JpaWebConfiguration - spring.jpa.open-in-view is enabled by default. Therefore, database queries may be performed during view rendering. Explicitly configure spring.jpa.open-in-view to disable this warning
2026-05-24 17:20:57.909 INFO  [restartedMain] o.s.s.c.a.a.c.InitializeUserDetailsBeanManagerConfigurer$InitializeUserDetailsManagerConfigurer - Global AuthenticationManager configured with UserDetailsService bean with name customUserDetailsService
2026-05-24 17:20:57.976 INFO  [restartedMain] o.s.boot.tomcat.TomcatWebServer - Tomcat started on port 8080 (http) with context path '/'
2026-05-24 17:20:57.977 INFO  [restartedMain] o.s.b.d.a.ConditionEvaluationDeltaLoggingListener - Condition evaluation unchanged
2026-05-24 17:21:11.452 INFO  [File Watcher] o.s.b.d.a.LocalDevToolsAutoConfiguration$RestartingClassPathChangeChangedEventListener - Restarting due to 1 class path change (0 additions, 0 deletions, 1 modification)
2026-05-24 17:21:11.464 INFO  [Thread-821] o.s.boot.tomcat.GracefulShutdown - Commencing graceful shutdown. Waiting for active requests to complete
2026-05-24 17:21:11.466 INFO  [tomcat-shutdown] o.s.boot.tomcat.GracefulShutdown - Graceful shutdown complete
2026-05-24 17:21:11.469 INFO  [Thread-821] o.s.o.j.LocalContainerEntityManagerFactoryBean - Closing JPA EntityManagerFactory for persistence unit 'default'
2026-05-24 17:21:11.471 INFO  [Thread-821] com.zaxxer.hikari.HikariDataSource - HikariPool-208 - Shutdown initiated...
2026-05-24 17:21:11.476 INFO  [Thread-821] com.zaxxer.hikari.HikariDataSource - HikariPool-208 - Shutdown completed.
2026-05-24 17:21:11.699 INFO  [restartedMain] o.s.d.r.c.RepositoryConfigurationDelegate - Bootstrapping Spring Data JPA repositories in DEFAULT mode.
2026-05-24 17:21:11.703 INFO  [restartedMain] o.s.d.r.c.RepositoryConfigurationDelegate - Finished Spring Data repository scanning in 3 ms. Found 1 JPA repository interface.
2026-05-24 17:21:11.745 INFO  [restartedMain] o.s.boot.tomcat.TomcatWebServer - Tomcat initialized with port 8080 (http)
2026-05-24 17:21:11.745 INFO  [restartedMain] o.a.catalina.core.StandardService - Starting service [Tomcat]
2026-05-24 17:21:11.745 INFO  [restartedMain] o.a.catalina.core.StandardEngine - Starting Servlet engine: [Apache Tomcat/11.0.21]
2026-05-24 17:21:11.750 INFO  [restartedMain] o.s.b.w.c.s.WebApplicationContextInitializer - Root WebApplicationContext: initialization completed in 126 ms
2026-05-24 17:21:11.764 INFO  [restartedMain] org.hibernate.orm.jpa - HHH008540: Processing PersistenceUnitInfo [name: default]
2026-05-24 17:21:11.782 INFO  [restartedMain] o.s.o.j.p.SpringPersistenceUnitInfo - No LoadTimeWeaver setup: ignoring JPA class transformer
2026-05-24 17:21:11.782 INFO  [restartedMain] com.zaxxer.hikari.HikariDataSource - HikariPool-209 - Starting...
2026-05-24 17:21:11.796 INFO  [restartedMain] com.zaxxer.hikari.pool.HikariPool - HikariPool-209 - Added connection com.mysql.cj.jdbc.ConnectionImpl@1f8b8631
2026-05-24 17:21:11.796 INFO  [restartedMain] com.zaxxer.hikari.HikariDataSource - HikariPool-209 - Start completed.
2026-05-24 17:21:11.797 WARN  [restartedMain] org.hibernate.orm.deprecation - HHH90000025: MySQLDialect does not need to be specified explicitly using 'hibernate.dialect' (remove the property setting and it will be selected by default)
2026-05-24 17:21:11.797 INFO  [restartedMain] o.hibernate.orm.connections.pooling - HHH10001005: Database info:
	Database JDBC URL [jdbc:mysql://localhost:3306/springbootdb]
	Database driver: MySQL Connector/J
	Database dialect: MySQLDialect
	Database version: 9.6
	Default catalog/schema: springbootdb/undefined
	Autocommit mode: undefined/unknown
	Isolation level: REPEATABLE_READ [default REPEATABLE_READ]
	JDBC fetch size: none
	Pool: DataSourceConnectionProvider
	Minimum pool size: undefined/unknown
	Maximum pool size: undefined/unknown
2026-05-24 17:21:11.819 INFO  [restartedMain] org.hibernate.orm.core - HHH000489: No JTA platform available (set 'hibernate.transaction.jta.platform' to enable JTA platform integration)
2026-05-24 17:21:11.827 INFO  [restartedMain] o.s.o.j.LocalContainerEntityManagerFactoryBean - Initialized JPA EntityManagerFactory for persistence unit 'default'
2026-05-24 17:21:11.864 WARN  [restartedMain] o.s.b.j.a.JpaBaseConfiguration$JpaWebConfiguration - spring.jpa.open-in-view is enabled by default. Therefore, database queries may be performed during view rendering. Explicitly configure spring.jpa.open-in-view to disable this warning
2026-05-24 17:21:11.878 INFO  [restartedMain] o.s.s.c.a.a.c.InitializeUserDetailsBeanManagerConfigurer$InitializeUserDetailsManagerConfigurer - Global AuthenticationManager configured with UserDetailsService bean with name customUserDetailsService
2026-05-24 17:21:11.954 INFO  [restartedMain] o.s.boot.tomcat.TomcatWebServer - Tomcat started on port 8080 (http) with context path '/'
2026-05-24 17:21:11.956 INFO  [restartedMain] o.s.b.d.a.ConditionEvaluationDeltaLoggingListener - Condition evaluation unchanged
2026-05-24 17:21:19.806 INFO  [File Watcher] o.s.b.d.a.LocalDevToolsAutoConfiguration$RestartingClassPathChangeChangedEventListener - Restarting due to 1 class path change (0 additions, 0 deletions, 1 modification)
2026-05-24 17:21:19.812 INFO  [Thread-825] o.s.boot.tomcat.GracefulShutdown - Commencing graceful shutdown. Waiting for active requests to complete
2026-05-24 17:21:19.816 INFO  [tomcat-shutdown] o.s.boot.tomcat.GracefulShutdown - Graceful shutdown complete
2026-05-24 17:21:19.819 INFO  [Thread-825] o.s.o.j.LocalContainerEntityManagerFactoryBean - Closing JPA EntityManagerFactory for persistence unit 'default'
2026-05-24 17:21:19.822 INFO  [Thread-825] com.zaxxer.hikari.HikariDataSource - HikariPool-209 - Shutdown initiated...
2026-05-24 17:21:19.828 INFO  [Thread-825] com.zaxxer.hikari.HikariDataSource - HikariPool-209 - Shutdown completed.
2026-05-24 17:21:20.009 INFO  [restartedMain] o.s.d.r.c.RepositoryConfigurationDelegate - Bootstrapping Spring Data JPA repositories in DEFAULT mode.
2026-05-24 17:21:20.014 INFO  [restartedMain] o.s.d.r.c.RepositoryConfigurationDelegate - Finished Spring Data repository scanning in 3 ms. Found 1 JPA repository interface.
2026-05-24 17:21:20.058 INFO  [restartedMain] o.s.boot.tomcat.TomcatWebServer - Tomcat initialized with port 8080 (http)
2026-05-24 17:21:20.058 INFO  [restartedMain] o.a.catalina.core.StandardService - Starting service [Tomcat]
2026-05-24 17:21:20.058 INFO  [restartedMain] o.a.catalina.core.StandardEngine - Starting Servlet engine: [Apache Tomcat/11.0.21]
2026-05-24 17:21:20.063 INFO  [restartedMain] o.s.b.w.c.s.WebApplicationContextInitializer - Root WebApplicationContext: initialization completed in 118 ms
2026-05-24 17:21:20.078 INFO  [restartedMain] org.hibernate.orm.jpa - HHH008540: Processing PersistenceUnitInfo [name: default]
2026-05-24 17:21:20.094 INFO  [restartedMain] o.s.o.j.p.SpringPersistenceUnitInfo - No LoadTimeWeaver setup: ignoring JPA class transformer
2026-05-24 17:21:20.095 INFO  [restartedMain] com.zaxxer.hikari.HikariDataSource - HikariPool-210 - Starting...
2026-05-24 17:21:20.144 INFO  [restartedMain] com.zaxxer.hikari.pool.HikariPool - HikariPool-210 - Added connection com.mysql.cj.jdbc.ConnectionImpl@6fc2baaf
2026-05-24 17:21:20.144 INFO  [restartedMain] com.zaxxer.hikari.HikariDataSource - HikariPool-210 - Start completed.
2026-05-24 17:21:20.145 WARN  [restartedMain] org.hibernate.orm.deprecation - HHH90000025: MySQLDialect does not need to be specified explicitly using 'hibernate.dialect' (remove the property setting and it will be selected by default)
2026-05-24 17:21:20.151 INFO  [restartedMain] o.hibernate.orm.connections.pooling - HHH10001005: Database info:
	Database JDBC URL [jdbc:mysql://localhost:3306/springbootdb]
	Database driver: MySQL Connector/J
	Database dialect: MySQLDialect
	Database version: 9.6
	Default catalog/schema: springbootdb/undefined
	Autocommit mode: undefined/unknown
	Isolation level: REPEATABLE_READ [default REPEATABLE_READ]
	JDBC fetch size: none
	Pool: DataSourceConnectionProvider
	Minimum pool size: undefined/unknown
	Maximum pool size: undefined/unknown
2026-05-24 17:21:20.172 INFO  [restartedMain] org.hibernate.orm.core - HHH000489: No JTA platform available (set 'hibernate.transaction.jta.platform' to enable JTA platform integration)
2026-05-24 17:21:20.179 INFO  [restartedMain] o.s.o.j.LocalContainerEntityManagerFactoryBean - Initialized JPA EntityManagerFactory for persistence unit 'default'
2026-05-24 17:21:20.218 WARN  [restartedMain] o.s.b.j.a.JpaBaseConfiguration$JpaWebConfiguration - spring.jpa.open-in-view is enabled by default. Therefore, database queries may be performed during view rendering. Explicitly configure spring.jpa.open-in-view to disable this warning
2026-05-24 17:21:20.233 INFO  [restartedMain] o.s.s.c.a.a.c.InitializeUserDetailsBeanManagerConfigurer$InitializeUserDetailsManagerConfigurer - Global AuthenticationManager configured with UserDetailsService bean with name customUserDetailsService
2026-05-24 17:21:20.302 INFO  [restartedMain] o.s.boot.tomcat.TomcatWebServer - Tomcat started on port 8080 (http) with context path '/'
2026-05-24 17:21:20.303 INFO  [restartedMain] o.s.b.d.a.ConditionEvaluationDeltaLoggingListener - Condition evaluation unchanged
2026-05-24 17:21:21.138 INFO  [http-nio-8080-exec-1] o.a.c.c.C.[Tomcat-8].[localhost].[/] - Initializing Spring DispatcherServlet 'dispatcherServlet'
2026-05-24 17:21:21.138 INFO  [http-nio-8080-exec-1] o.s.web.servlet.DispatcherServlet - Initializing Servlet 'dispatcherServlet'
2026-05-24 17:21:21.140 INFO  [http-nio-8080-exec-1] o.s.web.servlet.DispatcherServlet - Completed initialization in 1 ms
2026-05-24 17:21:29.769 INFO  [File Watcher] o.s.b.d.a.LocalDevToolsAutoConfiguration$RestartingClassPathChangeChangedEventListener - Restarting due to 1 class path change (0 additions, 0 deletions, 1 modification)
2026-05-24 17:21:29.781 INFO  [Thread-829] o.s.boot.tomcat.GracefulShutdown - Commencing graceful shutdown. Waiting for active requests to complete
2026-05-24 17:21:29.784 INFO  [tomcat-shutdown] o.s.boot.tomcat.GracefulShutdown - Graceful shutdown complete
2026-05-24 17:21:29.791 INFO  [Thread-829] o.s.o.j.LocalContainerEntityManagerFactoryBean - Closing JPA EntityManagerFactory for persistence unit 'default'
2026-05-24 17:21:29.792 INFO  [Thread-829] com.zaxxer.hikari.HikariDataSource - HikariPool-210 - Shutdown initiated...
2026-05-24 17:21:29.795 INFO  [Thread-829] com.zaxxer.hikari.HikariDataSource - HikariPool-210 - Shutdown completed.
2026-05-24 17:21:30.144 INFO  [restartedMain] o.s.d.r.c.RepositoryConfigurationDelegate - Bootstrapping Spring Data JPA repositories in DEFAULT mode.
2026-05-24 17:21:30.148 INFO  [restartedMain] o.s.d.r.c.RepositoryConfigurationDelegate - Finished Spring Data repository scanning in 3 ms. Found 1 JPA repository interface.
2026-05-24 17:21:30.243 INFO  [restartedMain] o.s.boot.tomcat.TomcatWebServer - Tomcat initialized with port 8080 (http)
2026-05-24 17:21:30.243 INFO  [restartedMain] o.a.catalina.core.StandardService - Starting service [Tomcat]
2026-05-24 17:21:30.243 INFO  [restartedMain] o.a.catalina.core.StandardEngine - Starting Servlet engine: [Apache Tomcat/11.0.21]
2026-05-24 17:21:30.255 INFO  [restartedMain] o.s.b.w.c.s.WebApplicationContextInitializer - Root WebApplicationContext: initialization completed in 182 ms
2026-05-24 17:21:30.281 INFO  [restartedMain] org.hibernate.orm.jpa - HHH008540: Processing PersistenceUnitInfo [name: default]
2026-05-24 17:21:30.294 INFO  [restartedMain] o.s.o.j.p.SpringPersistenceUnitInfo - No LoadTimeWeaver setup: ignoring JPA class transformer
2026-05-24 17:21:30.295 INFO  [restartedMain] com.zaxxer.hikari.HikariDataSource - HikariPool-211 - Starting...
2026-05-24 17:21:30.306 INFO  [restartedMain] com.zaxxer.hikari.pool.HikariPool - HikariPool-211 - Added connection com.mysql.cj.jdbc.ConnectionImpl@32580b0d
2026-05-24 17:21:30.306 INFO  [restartedMain] com.zaxxer.hikari.HikariDataSource - HikariPool-211 - Start completed.
2026-05-24 17:21:30.306 WARN  [restartedMain] org.hibernate.orm.deprecation - HHH90000025: MySQLDialect does not need to be specified explicitly using 'hibernate.dialect' (remove the property setting and it will be selected by default)
2026-05-24 17:21:30.307 INFO  [restartedMain] o.hibernate.orm.connections.pooling - HHH10001005: Database info:
	Database JDBC URL [jdbc:mysql://localhost:3306/springbootdb]
	Database driver: MySQL Connector/J
	Database dialect: MySQLDialect
	Database version: 9.6
	Default catalog/schema: springbootdb/undefined
	Autocommit mode: undefined/unknown
	Isolation level: REPEATABLE_READ [default REPEATABLE_READ]
	JDBC fetch size: none
	Pool: DataSourceConnectionProvider
	Minimum pool size: undefined/unknown
	Maximum pool size: undefined/unknown
2026-05-24 17:21:30.322 INFO  [restartedMain] org.hibernate.orm.core - HHH000489: No JTA platform available (set 'hibernate.transaction.jta.platform' to enable JTA platform integration)
2026-05-24 17:21:30.332 INFO  [restartedMain] o.s.o.j.LocalContainerEntityManagerFactoryBean - Initialized JPA EntityManagerFactory for persistence unit 'default'
2026-05-24 17:21:30.369 WARN  [restartedMain] o.s.b.j.a.JpaBaseConfiguration$JpaWebConfiguration - spring.jpa.open-in-view is enabled by default. Therefore, database queries may be performed during view rendering. Explicitly configure spring.jpa.open-in-view to disable this warning
2026-05-24 17:21:30.384 INFO  [restartedMain] o.s.s.c.a.a.c.InitializeUserDetailsBeanManagerConfigurer$InitializeUserDetailsManagerConfigurer - Global AuthenticationManager configured with UserDetailsService bean with name customUserDetailsService
2026-05-24 17:21:30.465 INFO  [restartedMain] o.s.boot.tomcat.TomcatWebServer - Tomcat started on port 8080 (http) with context path '/'
2026-05-24 17:21:30.467 INFO  [restartedMain] o.s.b.d.a.ConditionEvaluationDeltaLoggingListener - Condition evaluation unchanged
2026-05-24 17:21:31.272 INFO  [http-nio-8080-exec-2] o.a.c.c.C.[Tomcat-8].[localhost].[/] - Initializing Spring DispatcherServlet 'dispatcherServlet'
2026-05-24 17:21:31.272 INFO  [http-nio-8080-exec-2] o.s.web.servlet.DispatcherServlet - Initializing Servlet 'dispatcherServlet'
2026-05-24 17:21:31.273 INFO  [http-nio-8080-exec-2] o.s.web.servlet.DispatcherServlet - Completed initialization in 1 ms
2026-05-24 17:21:31.862 INFO  [File Watcher] o.s.b.d.a.LocalDevToolsAutoConfiguration$RestartingClassPathChangeChangedEventListener - Restarting due to 1 class path change (0 additions, 0 deletions, 1 modification)
2026-05-24 17:21:31.864 INFO  [Thread-833] o.s.boot.tomcat.GracefulShutdown - Commencing graceful shutdown. Waiting for active requests to complete
2026-05-24 17:21:31.867 INFO  [tomcat-shutdown] o.s.boot.tomcat.GracefulShutdown - Graceful shutdown complete
2026-05-24 17:21:31.869 INFO  [Thread-833] o.s.o.j.LocalContainerEntityManagerFactoryBean - Closing JPA EntityManagerFactory for persistence unit 'default'
2026-05-24 17:21:31.870 INFO  [Thread-833] com.zaxxer.hikari.HikariDataSource - HikariPool-211 - Shutdown initiated...
2026-05-24 17:21:31.872 INFO  [Thread-833] com.zaxxer.hikari.HikariDataSource - HikariPool-211 - Shutdown completed.
2026-05-24 17:21:32.013 INFO  [restartedMain] o.s.d.r.c.RepositoryConfigurationDelegate - Bootstrapping Spring Data JPA repositories in DEFAULT mode.
2026-05-24 17:21:32.016 INFO  [restartedMain] o.s.d.r.c.RepositoryConfigurationDelegate - Finished Spring Data repository scanning in 2 ms. Found 1 JPA repository interface.
2026-05-24 17:21:32.056 INFO  [restartedMain] o.s.boot.tomcat.TomcatWebServer - Tomcat initialized with port 8080 (http)
2026-05-24 17:21:32.057 INFO  [restartedMain] o.a.catalina.core.StandardService - Starting service [Tomcat]
2026-05-24 17:21:32.057 INFO  [restartedMain] o.a.catalina.core.StandardEngine - Starting Servlet engine: [Apache Tomcat/11.0.21]
2026-05-24 17:21:32.061 INFO  [restartedMain] o.s.b.w.c.s.WebApplicationContextInitializer - Root WebApplicationContext: initialization completed in 128 ms
2026-05-24 17:21:32.074 INFO  [restartedMain] org.hibernate.orm.jpa - HHH008540: Processing PersistenceUnitInfo [name: default]
2026-05-24 17:21:32.086 INFO  [restartedMain] o.s.o.j.p.SpringPersistenceUnitInfo - No LoadTimeWeaver setup: ignoring JPA class transformer
2026-05-24 17:21:32.086 INFO  [restartedMain] com.zaxxer.hikari.HikariDataSource - HikariPool-212 - Starting...
2026-05-24 17:21:32.095 INFO  [restartedMain] com.zaxxer.hikari.pool.HikariPool - HikariPool-212 - Added connection com.mysql.cj.jdbc.ConnectionImpl@6a81ee0
2026-05-24 17:21:32.095 INFO  [restartedMain] com.zaxxer.hikari.HikariDataSource - HikariPool-212 - Start completed.
2026-05-24 17:21:32.096 WARN  [restartedMain] org.hibernate.orm.deprecation - HHH90000025: MySQLDialect does not need to be specified explicitly using 'hibernate.dialect' (remove the property setting and it will be selected by default)
2026-05-24 17:21:32.096 INFO  [restartedMain] o.hibernate.orm.connections.pooling - HHH10001005: Database info:
	Database JDBC URL [jdbc:mysql://localhost:3306/springbootdb]
	Database driver: MySQL Connector/J
	Database dialect: MySQLDialect
	Database version: 9.6
	Default catalog/schema: springbootdb/undefined
	Autocommit mode: undefined/unknown
	Isolation level: REPEATABLE_READ [default REPEATABLE_READ]
	JDBC fetch size: none
	Pool: DataSourceConnectionProvider
	Minimum pool size: undefined/unknown
	Maximum pool size: undefined/unknown
2026-05-24 17:21:32.111 INFO  [restartedMain] org.hibernate.orm.core - HHH000489: No JTA platform available (set 'hibernate.transaction.jta.platform' to enable JTA platform integration)
2026-05-24 17:21:32.117 INFO  [restartedMain] o.s.o.j.LocalContainerEntityManagerFactoryBean - Initialized JPA EntityManagerFactory for persistence unit 'default'
2026-05-24 17:21:32.170 WARN  [restartedMain] o.s.b.j.a.JpaBaseConfiguration$JpaWebConfiguration - spring.jpa.open-in-view is enabled by default. Therefore, database queries may be performed during view rendering. Explicitly configure spring.jpa.open-in-view to disable this warning
2026-05-24 17:21:32.281 INFO  [restartedMain] o.s.s.c.a.a.c.InitializeUserDetailsBeanManagerConfigurer$InitializeUserDetailsManagerConfigurer - Global AuthenticationManager configured with UserDetailsService bean with name customUserDetailsService
2026-05-24 17:21:32.416 INFO  [restartedMain] o.s.boot.tomcat.TomcatWebServer - Tomcat started on port 8080 (http) with context path '/'
2026-05-24 17:21:32.426 INFO  [restartedMain] o.s.b.d.a.ConditionEvaluationDeltaLoggingListener - Condition evaluation unchanged
2026-05-24 17:21:36.852 INFO  [File Watcher] o.s.b.d.a.LocalDevToolsAutoConfiguration$RestartingClassPathChangeChangedEventListener - Restarting due to 1 class path change (0 additions, 0 deletions, 1 modification)
2026-05-24 17:21:36.859 INFO  [Thread-837] o.s.boot.tomcat.GracefulShutdown - Commencing graceful shutdown. Waiting for active requests to complete
2026-05-24 17:21:36.861 INFO  [tomcat-shutdown] o.s.boot.tomcat.GracefulShutdown - Graceful shutdown complete
2026-05-24 17:21:36.863 INFO  [Thread-837] o.s.o.j.LocalContainerEntityManagerFactoryBean - Closing JPA EntityManagerFactory for persistence unit 'default'
2026-05-24 17:21:36.866 INFO  [Thread-837] com.zaxxer.hikari.HikariDataSource - HikariPool-212 - Shutdown initiated...
2026-05-24 17:21:36.869 INFO  [Thread-837] com.zaxxer.hikari.HikariDataSource - HikariPool-212 - Shutdown completed.
2026-05-24 17:21:37.105 INFO  [restartedMain] o.s.d.r.c.RepositoryConfigurationDelegate - Bootstrapping Spring Data JPA repositories in DEFAULT mode.
2026-05-24 17:21:37.109 INFO  [restartedMain] o.s.d.r.c.RepositoryConfigurationDelegate - Finished Spring Data repository scanning in 3 ms. Found 1 JPA repository interface.
2026-05-24 17:21:37.159 INFO  [restartedMain] o.s.boot.tomcat.TomcatWebServer - Tomcat initialized with port 8080 (http)
2026-05-24 17:21:37.160 INFO  [restartedMain] o.a.catalina.core.StandardService - Starting service [Tomcat]
2026-05-24 17:21:37.160 INFO  [restartedMain] o.a.catalina.core.StandardEngine - Starting Servlet engine: [Apache Tomcat/11.0.21]
2026-05-24 17:21:37.167 INFO  [restartedMain] o.s.b.w.c.s.WebApplicationContextInitializer - Root WebApplicationContext: initialization completed in 133 ms
2026-05-24 17:21:37.185 INFO  [restartedMain] org.hibernate.orm.jpa - HHH008540: Processing PersistenceUnitInfo [name: default]
2026-05-24 17:21:37.200 INFO  [restartedMain] o.s.o.j.p.SpringPersistenceUnitInfo - No LoadTimeWeaver setup: ignoring JPA class transformer
2026-05-24 17:21:37.201 INFO  [restartedMain] com.zaxxer.hikari.HikariDataSource - HikariPool-213 - Starting...
2026-05-24 17:21:37.243 INFO  [restartedMain] com.zaxxer.hikari.pool.HikariPool - HikariPool-213 - Added connection com.mysql.cj.jdbc.ConnectionImpl@4c3100e9
2026-05-24 17:21:37.244 INFO  [restartedMain] com.zaxxer.hikari.HikariDataSource - HikariPool-213 - Start completed.
2026-05-24 17:21:37.262 WARN  [restartedMain] org.hibernate.orm.deprecation - HHH90000025: MySQLDialect does not need to be specified explicitly using 'hibernate.dialect' (remove the property setting and it will be selected by default)
2026-05-24 17:21:37.283 INFO  [restartedMain] o.hibernate.orm.connections.pooling - HHH10001005: Database info:
	Database JDBC URL [jdbc:mysql://localhost:3306/springbootdb]
	Database driver: MySQL Connector/J
	Database dialect: MySQLDialect
	Database version: 9.6
	Default catalog/schema: springbootdb/undefined
	Autocommit mode: undefined/unknown
	Isolation level: REPEATABLE_READ [default REPEATABLE_READ]
	JDBC fetch size: none
	Pool: DataSourceConnectionProvider
	Minimum pool size: undefined/unknown
	Maximum pool size: undefined/unknown
2026-05-24 17:21:37.312 INFO  [restartedMain] org.hibernate.orm.core - HHH000489: No JTA platform available (set 'hibernate.transaction.jta.platform' to enable JTA platform integration)
2026-05-24 17:21:37.321 INFO  [restartedMain] o.s.o.j.LocalContainerEntityManagerFactoryBean - Initialized JPA EntityManagerFactory for persistence unit 'default'
2026-05-24 17:21:37.358 WARN  [restartedMain] o.s.b.j.a.JpaBaseConfiguration$JpaWebConfiguration - spring.jpa.open-in-view is enabled by default. Therefore, database queries may be performed during view rendering. Explicitly configure spring.jpa.open-in-view to disable this warning
2026-05-24 17:21:37.373 INFO  [restartedMain] o.s.s.c.a.a.c.InitializeUserDetailsBeanManagerConfigurer$InitializeUserDetailsManagerConfigurer - Global AuthenticationManager configured with UserDetailsService bean with name customUserDetailsService
2026-05-24 17:21:37.441 INFO  [restartedMain] o.s.boot.tomcat.TomcatWebServer - Tomcat started on port 8080 (http) with context path '/'
2026-05-24 17:21:37.443 INFO  [restartedMain] o.s.b.d.a.ConditionEvaluationDeltaLoggingListener - Condition evaluation unchanged
2026-05-24 17:21:38.005 INFO  [http-nio-8080-exec-2] o.a.c.c.C.[Tomcat-8].[localhost].[/] - Initializing Spring DispatcherServlet 'dispatcherServlet'
2026-05-24 17:21:38.005 INFO  [http-nio-8080-exec-2] o.s.web.servlet.DispatcherServlet - Initializing Servlet 'dispatcherServlet'
2026-05-24 17:21:38.007 INFO  [http-nio-8080-exec-2] o.s.web.servlet.DispatcherServlet - Completed initialization in 2 ms
2026-05-24 17:23:07.051 INFO  [File Watcher] o.s.b.d.a.LocalDevToolsAutoConfiguration$RestartingClassPathChangeChangedEventListener - Restarting due to 1 class path change (0 additions, 0 deletions, 1 modification)
2026-05-24 17:23:07.060 INFO  [Thread-841] o.s.boot.tomcat.GracefulShutdown - Commencing graceful shutdown. Waiting for active requests to complete
2026-05-24 17:23:07.062 INFO  [tomcat-shutdown] o.s.boot.tomcat.GracefulShutdown - Graceful shutdown complete
2026-05-24 17:23:07.068 INFO  [Thread-841] o.s.o.j.LocalContainerEntityManagerFactoryBean - Closing JPA EntityManagerFactory for persistence unit 'default'
2026-05-24 17:23:07.069 INFO  [Thread-841] com.zaxxer.hikari.HikariDataSource - HikariPool-213 - Shutdown initiated...
2026-05-24 17:23:07.075 INFO  [Thread-841] com.zaxxer.hikari.HikariDataSource - HikariPool-213 - Shutdown completed.
2026-05-24 17:23:07.240 INFO  [restartedMain] o.s.d.r.c.RepositoryConfigurationDelegate - Bootstrapping Spring Data JPA repositories in DEFAULT mode.
2026-05-24 17:23:07.244 INFO  [restartedMain] o.s.d.r.c.RepositoryConfigurationDelegate - Finished Spring Data repository scanning in 3 ms. Found 1 JPA repository interface.
2026-05-24 17:23:07.290 INFO  [restartedMain] o.s.boot.tomcat.TomcatWebServer - Tomcat initialized with port 8080 (http)
2026-05-24 17:23:07.291 INFO  [restartedMain] o.a.catalina.core.StandardService - Starting service [Tomcat]
2026-05-24 17:23:07.291 INFO  [restartedMain] o.a.catalina.core.StandardEngine - Starting Servlet engine: [Apache Tomcat/11.0.21]
2026-05-24 17:23:07.295 INFO  [restartedMain] o.s.b.w.c.s.WebApplicationContextInitializer - Root WebApplicationContext: initialization completed in 122 ms
2026-05-24 17:23:07.312 INFO  [restartedMain] org.hibernate.orm.jpa - HHH008540: Processing PersistenceUnitInfo [name: default]
2026-05-24 17:23:07.326 INFO  [restartedMain] o.s.o.j.p.SpringPersistenceUnitInfo - No LoadTimeWeaver setup: ignoring JPA class transformer
2026-05-24 17:23:07.326 INFO  [restartedMain] com.zaxxer.hikari.HikariDataSource - HikariPool-214 - Starting...
2026-05-24 17:23:07.336 INFO  [restartedMain] com.zaxxer.hikari.pool.HikariPool - HikariPool-214 - Added connection com.mysql.cj.jdbc.ConnectionImpl@693a71c6
2026-05-24 17:23:07.336 INFO  [restartedMain] com.zaxxer.hikari.HikariDataSource - HikariPool-214 - Start completed.
2026-05-24 17:23:07.337 WARN  [restartedMain] org.hibernate.orm.deprecation - HHH90000025: MySQLDialect does not need to be specified explicitly using 'hibernate.dialect' (remove the property setting and it will be selected by default)
2026-05-24 17:23:07.338 INFO  [restartedMain] o.hibernate.orm.connections.pooling - HHH10001005: Database info:
	Database JDBC URL [jdbc:mysql://localhost:3306/springbootdb]
	Database driver: MySQL Connector/J
	Database dialect: MySQLDialect
	Database version: 9.6
	Default catalog/schema: springbootdb/undefined
	Autocommit mode: undefined/unknown
	Isolation level: REPEATABLE_READ [default REPEATABLE_READ]
	JDBC fetch size: none
	Pool: DataSourceConnectionProvider
	Minimum pool size: undefined/unknown
	Maximum pool size: undefined/unknown
2026-05-24 17:23:07.359 INFO  [restartedMain] org.hibernate.orm.core - HHH000489: No JTA platform available (set 'hibernate.transaction.jta.platform' to enable JTA platform integration)
2026-05-24 17:23:07.365 INFO  [restartedMain] o.s.o.j.LocalContainerEntityManagerFactoryBean - Initialized JPA EntityManagerFactory for persistence unit 'default'
2026-05-24 17:23:07.402 WARN  [restartedMain] o.s.b.j.a.JpaBaseConfiguration$JpaWebConfiguration - spring.jpa.open-in-view is enabled by default. Therefore, database queries may be performed during view rendering. Explicitly configure spring.jpa.open-in-view to disable this warning
2026-05-24 17:23:07.419 INFO  [restartedMain] o.s.s.c.a.a.c.InitializeUserDetailsBeanManagerConfigurer$InitializeUserDetailsManagerConfigurer - Global AuthenticationManager configured with UserDetailsService bean with name customUserDetailsService
2026-05-24 17:23:07.491 INFO  [restartedMain] o.s.boot.tomcat.TomcatWebServer - Tomcat started on port 8080 (http) with context path '/'
2026-05-24 17:23:07.493 INFO  [restartedMain] o.s.b.d.a.ConditionEvaluationDeltaLoggingListener - Condition evaluation unchanged
